"gene","eta","epsilon","xc","mean_rela","steepness_rela","skewness_rela","scaling","length","eta_rela","epsilon_rela","xc_rela","scaling_rela","hard_cluster","xc_epsilon_rela"
"AAC1",0.198016220596185,0.0636459282896505,0.139627397824195,0.964127841409832,0.783867187908586,0.461155123952396,0.216132812091414,0.219089489078004,0.903814333720429,0.29050197048472,0.637307606183166,0.986504706368926,"epsilon",0.29050197048472
"AAC3",0.0708519609293876,0.151007144470868,0.189994522857264,1.10279391016564,0.847034324082716,-1.56050915170437,0.152965675917284,0.184296190888401,0.384446149363399,0.819372032286382,1.03091942346391,0.829999118158178,"eta",0.819372032286382
"AAD3",0.137728048391919,0.129370661940512,0.188578158544402,1.05209311351827,0.799529835775293,1.81002164223198,0.200470164224707,0.207127929599821,0.664941945096515,0.624593033834024,0.910442927270801,0.967856747334956,"epsilon",0.624593033834024
"AAT1",0.190027236982809,0.101506544450229,0.1745323986785,1.00047680225592,0.769997171010302,0.269195725488413,0.230002828989698,0.23000332320133,0.826193440763772,0.441326425363759,0.758825551949634,0.99999785128482,"epsilon",0.441326425363759
"ABF2",0.227358643730235,0.0600407280502579,0.142240800130883,0.94409321763352,0.761925074306029,0.73543448915959,0.238074925693971,0.2445510960081,0.929697913611903,0.245514041974562,0.581640411565246,0.973518130076529,"epsilon",0.245514041974562
"ABP1",0.0050943991887445,0.149062776946752,0.161894089078939,1.13309084515261,0.917434412938798,-0.8720951849432,0.082565587061202,0.156621356239166,0.0325268488989789,0.951739791597306,1.03366547810837,0.527166850318429,"eta",0.951739791597306
"ACB1",0.0957140936238377,0.0670219875046073,0.115822691963217,1.01992403534887,0.869614970140484,1.51801485080462,0.130385029859516,0.131898533714556,0.725664576612915,0.50813292321847,0.878119632579621,0.988525241241006,"epsilon",0.50813292321847
"ACE2",0.916718090318388,0.268549090608054,0.143537028093963,0.114505467276627,0.562059085138444,4.31444805933836,0.437940914861556,0.987872872586732,0.927971721622413,0.271845799252349,0.145299088655115,0.443317077545427,"xc",0.145299088655115
"ACH1",0.0967204237056078,0.267235033164134,0.30960453793067,1.19225425581711,0.767306354890156,0.498406074454079,0.232693645109844,0.30184106969446,0.32043493552257,0.885350139510982,1.02572038405532,0.770914459537895,"eta",0.885350139510982
"ACO1",0.0224786559231098,0.0584053797091888,0.064761285290283,1.06198281100161,0.983647252321923,0.720149763109616,0.0163527476780774,0.0641036755286612,0.350660952554265,0.911108126445501,1.0102585344163,0.255098440818202,"scaling",0.911108126445501
"ACO2",0.0193949487343417,0.11870333680223,0.140975068252855,1.09717938187446,0.910763273343143,1.15645545024101,0.0892367266568574,0.131935687537272,0.147003051989725,0.899706053896119,1.0685135378025,0.676365343771359,"eta",0.899706053896119
"ACS1",0.090325169773684,0.0504045732320178,0.00239369105474968,0.925444406626903,0.942687861770932,-0.411113035567011,0.057312138229068,0.094038384139682,0.960513843363338,0.535999992908728,0.0254544043546533,0.609454732271219,"xc",0.0254544043546533
"ADA2",0.634913709795632,0.220313495281778,0.104414368140074,0.413494637708147,0.662415025809177,-1.28031786491773,0.337584974190823,0.676721622823238,0.938219924386062,0.325560005549468,0.154294416815683,0.498853535642087,"xc",0.154294416815683
"ADE6",0.247906767055191,0.141656486158142,0.225064556441647,1.00094812422392,0.701680741308616,1.61032447038062,0.298319258691384,0.298320765361248,0.831007411619471,0.474846214565738,0.754438116867621,0.999994949497189,"epsilon",0.474846214565738
"ADH1",0.432865683747543,0.26037918547653,0.363726451899423,0.980654541448285,0.499606586702287,0.420983555555092,0.500393413297713,0.500767226202266,0.864404979196267,0.519960516288579,0.726338372137215,0.999253519629492,"epsilon",0.519960516288579
"ADH2",0.0920485206647605,0.128262336193689,0.106061254053201,1.1462006844638,1.01158603642189,-0.223009159094345,0.0115860364218856,0.146659048059274,0.627636152578585,0.874561357727143,0.723182479749461,0.0789998065254246,"scaling",0.723182479749461
"ADH3",0.183899408678548,0.0223970892617751,0.0962702120907792,0.937777117521032,0.818558511257825,0.618725351329124,0.181441488742175,0.191814235501352,0.958737020731977,0.116764478940966,0.501892947826078,0.945922956489305,"epsilon",0.116764478940966
"ADH4",0.00820041399158093,0.214560721796157,0.230676777263344,1.18483890472487,0.871975858880994,0.15010326557855,0.128024141119006,0.224845728020675,0.0364712910659654,0.954257497729412,1.02593355583849,0.569386584508442,"eta",0.954257497729412
"ADH5",0.175247362089035,0.126612416967819,0.195370289842279,1.02995900310222,0.769086422642373,0.334710599640779,0.230913577357627,0.232848925432298,0.752622593227253,0.543753494815387,0.83904312411819,0.991688395937075,"epsilon",0.543753494815387
"ADH6",0.175909488194033,0.14672877509122,0.214926998533215,1.04681239048005,0.758103007445854,-0.647757056179534,0.241896992554146,0.24638497297765,0.71396191930094,0.59552647760109,0.87232186255414,0.981784682851129,"epsilon",0.59552647760109
"ADH7",0.20026518286243,0.128749367926171,0.2031185125665,1.01788574441599,0.74714408930798,1.37834719017114,0.25285591069202,0.253487694820094,0.790039070750802,0.507911707578341,0.801295355621338,0.997507633936541,"epsilon",0.507911707578341
"ADR1",0.17197330880881,0.114444081878368,0.0414587328129745,0.834092893509856,0.91027793834406,-0.220632907231706,0.0897220616559399,0.188613934617049,0.911774144142503,0.606763663091643,0.219807369466895,0.475691585768075,"xc",0.219807369466895
"AEP1",0.105473500901481,0.0115236113870554,0.0413934833686542,0.950152062486567,0.905696454483307,0.621799162283437,0.0943035455166928,0.106667593820064,0.988805476191797,0.108032917724706,0.38806053353449,0.88408805466984,"epsilon",0.01
"AEP2",0.0706641608876671,0.133553471724842,0.120514672947199,1.14364567015559,0.987922770268033,-0.0523970153956996,0.012077229731967,0.144152481880987,0.490204261248918,0.92647362003177,0.836022185498662,0.0837809351207567,"scaling",0.836022185498662
"AFG3",0.259377631101161,0.126296939847081,0.212273777900277,0.98072447230849,0.700595642944626,1.20648692196235,0.299404357055374,0.300024190677232,0.864522392396688,0.420955855466175,0.707522208196346,0.997934054515875,"epsilon",0.420955855466175
"AFT2",0.144536977387633,0.125266092972998,0.186408858386774,1.04509649090007,0.795828128070749,-0.809233934966999,0.204171871929251,0.209092914223783,0.69125717590287,0.599092960361781,0.891512077675039,0.9764648060275,"epsilon",0.599092960361781
"AGA1",0.101863800106511,0.0761542709777649,0.126647346334712,1.02469251939079,0.859156732758607,1.20074732110043,0.140843267241393,0.142991420865362,0.712377004788449,0.532579301030027,0.885698915139535,0.984977045399166,"epsilon",0.532579301030027
"AGC1",0.0413857572575057,0.226414392088562,0.224014778942227,1.21447301098065,0.912230441094292,0.706819478033469,0.0877695589057085,0.231737282088166,0.178589119905877,0.977030497848078,0.966675611811994,0.378745957986664,"eta",0.966675611811994
"AGE1",0.0246859491179669,0.157116295827972,0.180546149054134,1.12806360172323,0.885715597139035,-2.35930564843608,0.114284402860965,0.171642683571462,0.143821738301412,0.915368441921135,1.05187209438476,0.665827406580853,"eta",0.915368441921135
"AGP1",0.092561434044489,0.127814427863497,0.080109220394785,0.862247747465122,0.989741141520027,0.455174154452403,0.0102588584799728,0.13813372960919,0.67008567933672,0.925294844532982,0.579939603610436,0.0742675848179678,"scaling",0.579939603610436
"AGP3",0.15711656791145,0.118191221637277,0.182799241212785,1.03250397946788,0.788807708665908,-0.553409281616962,0.211192291334092,0.213678947489434,0.73529268913691,0.553125251813218,0.855485499907868,0.988362652546924,"epsilon",0.553125251813218
"AGX1",0.114887578552658,0.104688584972477,0.0719178692984311,1.13298413434657,1.04732482718888,0.0360997237201484,0.0473248271888831,0.14115388502044,0.813917226125386,0.741662795588786,0.509499751197192,0.335271162972455,"scaling",0.509499751197192
"AHP1",0.25333607102804,0.0271431101287298,0.115086015072687,0.900985869911926,0.759593817606057,2.29438009545005,0.240406182393943,0.259997943242495,0.974377211868013,0.104397403264894,0.442642021076867,0.924646477567403,"epsilon",0.104397403264894
"AHT1",0.292782025717122,0.359904149676499,0.441912338800373,1.16744561602829,0.560160224629053,0.86714181289181,0.439839775370947,0.470634744069602,0.622100321759974,0.764720739834017,0.938970920376884,0.934567158318212,"eta",0.764720739834017
"AIF1",0.0558092871234331,0.190501331215924,0.183192557020632,1.18813903532774,0.943760047585619,-1.95721010105661,0.0562399524143805,0.196365039815199,0.284211930881158,0.97013873444686,0.932918391140483,0.286405118076561,"eta",0.932918391140483
"AIM20",0.260340209574503,0.0156449306773974,0.105094835628037,0.887136296276131,0.760628435806602,5.18260992547421,0.239371564193398,0.264644972298102,0.983733820120525,0.0591166744697292,0.397116312905638,0.904500705661486,"epsilon",0.0591166744697292
"AIM21",0.0786898899145406,0.108136671986438,0.0914777684786687,1.12432757813651,1.00973935308707,0.818407965285448,0.00973935308707441,0.124708466768876,0.630990757511098,0.867115720273019,0.73353294165829,0.0780969675870083,"scaling",0.73353294165829
"AIM22",0.0198063605735844,0.0230267340312507,0.0174196304222081,0.992429585746892,1.0301104490555,-0.772681748567818,0.0301104490555015,0.0310475492476881,0.637936360631081,0.741660278804948,0.561062977410535,0.969817257242733,"xc",0.561062977410535
"AIM25",0.0394798488977723,0.068953677524636,0.0684246558701364,1.07712474985544,0.993931124203635,1.9070854403843,0.00606887579636528,0.0773631585038714,0.510318472788267,0.891298634364642,0.884460474383453,0.078446587674695,"scaling",0.884460474383453
"AIM29",0.0805580952654703,0.0888888944116642,0.0711045321793007,1.10832477514867,1.02247960016444,0.721589343451626,0.0224796001644396,0.110632677516921,0.728158235645602,0.803459668578198,0.642708228483626,0.203191323476749,"scaling",0.642708228483626
"AIM32",0.0556303717718143,0.264781743032116,0.294852005693641,1.20895236529128,0.804949575148188,-0.982254997114103,0.195050424851812,0.285842192819205,0.194619175087985,0.926321409798274,1.03152023424385,0.682371006631557,"eta",0.926321409798274
"AIM44",0.000239076470386883,0.228305349565868,0.241159585732269,1.2001430287322,0.872665059375829,-0.98678395907696,0.127334940624171,0.237215975545197,0.00100784304192587,0.962436653101252,1.01662455565233,0.536789060397452,"eta",0.962436653101252
"AIM45",0.097793601358508,0.271103589128985,0.245440903295716,1.27403959377817,0.94408361132144,0.0386530515027442,0.0559163886785604,0.279686148174975,0.349654789830089,0.969313607048496,0.877558309187931,0.199925484488343,"scaling",0.877558309187931
"AIM9",0.0545085026542285,0.240864261659129,0.27156945038766,1.18833420858634,0.817216747080267,0.174447115071147,0.182783252919733,0.262449026806657,0.207691769016862,0.917756352880554,1.03475121890134,0.696452393608556,"eta",0.917756352880554
"AKL1",0.0294526453340602,0.108422103225888,0.112215457441446,1.10729928239368,0.962146403275728,-0.502338272903388,0.0378535967242724,0.113780625710896,0.258854661327809,0.952904789795904,0.986243982579013,0.332689300025948,"eta",0.952904789795904
"AKR1",0.613755230794461,0.0128732451350587,0.102209455730023,0.596519514423422,0.535233551032102,0.797892092534309,0.464766448967898,0.615470839542655,0.997212526348985,0.020916092701686,0.166067097193383,0.755139673738657,"epsilon",0.01
"ALB1",0.0409030874840973,0.36343588341379,0.356229061101006,1.33675385900997,0.848999898389604,0.227175648000978,0.151000101610396,0.369058521435902,0.110830898376103,0.984764914788484,0.965237327985329,0.40914947857835,"eta",0.965237327985329
"ALD5",0.152343714819671,0.165121160998843,0.226865849511158,1.07521693626769,0.768656225669537,2.80215228014955,0.231343774330463,0.243264320077898,0.626247674837342,0.67877262455081,0.932589906479137,0.950997557950058,"eta",0.67877262455081
"ALD6",0.155950085106173,0.166616859105023,0.247663828046393,0.912779418386082,1.27970933431697,0.626838780235395,0.279709334316968,0.29299273294932,0.532266051571826,0.568672326538023,0.845290002770248,0.954663044033077,"eta",0.568672326538023
"ALE1",0.4354323210475,0.174166653514543,0.279861294820739,0.901373006789647,0.542753099245866,3.44527727057772,0.457246900754134,0.467762773250476,0.930882802027378,0.372339706095597,0.598297493569204,0.977518791366686,"epsilon",0.372339706095597
"ALG12",0.0484138333449026,0.205014461349205,0.200371343470988,1.19821118471986,0.929434764753882,-1.00585807690037,0.0705652352461176,0.210397543173374,0.230106457588282,0.974414711583715,0.952346403141582,0.335390015405122,"eta",0.952346403141582
"ALG3",0.0144271037684676,0.0806150784297914,0.0903483138988871,1.07788871523248,0.963319630573975,-0.569630404028396,0.0366803694260254,0.0860935622552315,0.167574710472512,0.93636592932235,1.04942009056429,0.426052406999764,"eta",0.93636592932235
"ALG5",0.245177273981932,0.131197773860077,0.0363157025086304,1.19218037910523,1.16444116787821,-2.1937741540466,0.164441167878207,0.252931207655718,0.969343705169273,0.518709316561122,0.143579366283904,0.650141868227028,"xc",0.143579366283904
"ALG6",0.0640969018115198,0.00562689145884021,0.0446557008354478,0.983036616800825,0.933059820798116,2.66822633042494,0.0669401792018837,0.0690560928603868,0.928186046394296,0.0814829108593836,0.646658375615456,0.969359493552858,"epsilon",0.0814829108593836
"ALG8",0.181465681879959,0.151206447647779,0.220539119501974,1.04762035736119,0.751146672509264,-0.984412008747768,0.248853327490736,0.253368658358565,0.716212032915099,0.596784340365385,0.870427782704953,0.982178810524234,"epsilon",0.596784340365385
"ALG9",0.0550928553150344,0.0281489467531861,0.0200254709059812,1.04782599369871,1.03324213897374,-0.701876358415139,0.0332421389737376,0.0582440166610977,0.945897252169285,0.483293364140308,0.343820224873958,0.570739122735343,"xc",0.343820224873958
"ALK2",0.233612786579347,0.0793198971246169,0.0131215094902526,1.14354239547569,1.1842935082048,0.227416203900529,0.184293508204795,0.233599050651602,1.00005880129952,0.339555734080946,0.0561710736993638,0.788930895441253,"xc",0.01
"ALO1",0.283483509037971,0.128739287062195,0.218598749184499,0.967644998841014,0.68034043767919,0.850155389830608,0.31965956232081,0.321292828869755,0.882321308057855,0.400691442492116,0.680372325624216,0.994916579511934,"epsilon",0.400691442492116
"ALP1",0.135147213937437,0.0957008887004794,0.0532969748990168,1.13131856765124,1.07277371611181,-0.304317062094673,0.0727737161118125,0.150135205620458,0.900170039258407,0.637431362650618,0.354993185500751,0.484721193880298,"xc",0.354993185500751
"ALY2",0.137793942625078,0.192097840315883,0.1503230595865,1.21666869558003,1.02206690380671,0.0703806764733643,0.0220669038067072,0.217789512805296,0.632693194682272,0.882034391103207,0.690221754253562,0.101322159742535,"scaling",0.690221754253562
"AMA1",0.137411529133518,0.0698145270025453,0.0252871287966488,1.10951023866477,1.09046069127647,-1.84334165816119,0.0904606912764654,0.14204094141701,0.967407901994253,0.491509886558557,0.178027043079148,0.636863501283668,"xc",0.178027043079148
"AMD2",0.198153881924382,0.0448473068088026,0.121392194335331,0.948380281314536,0.794143734062275,3.32142117979897,0.205856265937725,0.212229586964188,0.933676989899713,0.211315054843745,0.57198525460927,0.96996968651907,"epsilon",0.211315054843745
"AMN1",0.126240823932169,0.272591083367678,0.322931089953883,1.1826164947,0.739031259481653,-1.39110221651358,0.260968740518347,0.318517609661143,0.396338601393093,0.855811657188046,1.01385631487513,0.819322802265095,"eta",0.855811657188046
"ANP1",0.0302792321073636,0.0722876835611712,0.0737621989823078,0.955099702327181,1.07250301192661,0.0155465763650103,0.0725030119266052,0.0852802642440628,0.355055561515473,0.847648447175208,0.864938677619577,0.850173396732327,"eta",0.847648447175208
"APN2",0.155629952537284,0.146421544097401,0.209684026269166,1.0574055855582,0.775397034159451,-0.704449657930688,0.224602965840549,0.231822978838704,0.671331001425733,0.631609277177295,0.904500612146212,0.968855490364574,"epsilon",0.631609277177295
"AQY1",0.0621410195512836,0.114041104334179,0.104478975482831,1.12381139563288,0.99038802650484,2.4677127765282,0.00961197349515963,0.124183943096654,0.500394962518775,0.918324072262868,0.841324352227358,0.0774010975612084,"scaling",0.841324352227358
"ARG1",0.124807515070047,0.174697575704061,0.228820429317907,1.09756122457266,0.787497100034728,-0.651235780480875,0.212502899965272,0.23382830246522,0.533757093363884,0.74711903504515,0.978583118063486,0.908798882448714,"eta",0.74711903504515
"ARG2",0.352845878483371,0.288532272247006,0.1822853699512,0.589172694957958,0.88447745880527,0.0455003113502121,0.11552254119473,0.426760509058881,0.826800678585489,0.67609880980622,0.42713738989858,0.270696418113963,"scaling",0.42713738989858
"ARG4",0.245679030616859,0.176169691852993,0.0858348329013325,0.744084977055984,0.889008726680051,0.942603460746925,0.110991273319949,0.278947238239815,0.880736558523104,0.631552020248135,0.307709921929893,0.39789342966905,"xc",0.307709921929893
"ARG81",0.0550321577710197,0.151529550151939,0.144914756211794,1.15382595741002,0.96326589737627,-2.72598319966086,0.0367341026237301,0.158151255033525,0.347971679133081,0.958130557483201,0.916304813269266,0.232271964050765,"scaling",0.916304813269266
"ARK1",0.108734436127671,0.120204688315921,0.0665918889454323,0.86098382573564,0.969851723338278,3.33893036072427,0.0301482766617219,0.142247725088209,0.764401933740906,0.845037685076378,0.468140273625735,0.211942065456771,"scaling",0.468140273625735
"ARO10",0.0464977452695642,0.183356994703053,0.179825433134206,1.17852626377767,0.938584510130352,-2.41114143768339,0.0614154898696483,0.188794833759677,0.246287169747202,0.97119709820267,0.952491281425166,0.32530280965117,"eta",0.952491281425166
"ARO8",0.000744048591324054,0.159763418914,0.174564653350835,1.14005883171184,0.906438228458372,-1.33656614942136,0.0935617715416281,0.168434798763477,0.00441742797086057,0.948517883993473,1.03639304129764,0.555477681740882,"eta",0.948517883993473
"ARO9",0.239050082228473,0.131996474751105,0.0434304283360208,0.782124158281459,0.866013501497016,-0.588546310819136,0.133986498502984,0.255777763274396,0.934600722002649,0.516059226812069,0.169797513982594,0.523839511252761,"xc",0.169797513982594
"ARP1",0.0867795209765318,0.409651109216131,0.383185803470012,1.3954238037825,0.87238975452052,-1.70174736484793,0.12761024547948,0.415504945035741,0.208853160505869,0.985911513474029,0.922217191511525,0.307120882685291,"eta",0.922217191511525
"ARR1",0.0542489420910655,0.0990343067292526,0.0926632749893258,1.10812526918917,0.991118958684218,-1.01324926465499,0.00888104131578227,0.108489385342916,0.500039168989611,0.912847892134537,0.854122960476117,0.0818609238840356,"scaling",0.854122960476117
"ART5",0.381943785538996,0.221579595379468,0.32118377782269,0.982530370673338,0.557014318208363,0.182257336745235,0.442985681791637,0.443330015024036,0.861533784303525,0.499807339612352,0.724480109485203,0.999223302684839,"epsilon",0.499807339612352
"ARV1",0.252855625348882,0.0632124038989963,0.0409187475718066,1.13399645528471,1.21524309859499,-0.977542740800779,0.215243098594995,0.253544160890449,0.99728435654306,0.249315163390053,0.161387063413725,0.848937312691641,"xc",0.01
"ARX1",0.0827785885820064,0.0473485922223053,0.00192250158152614,0.931321213153227,0.94770903427687,2.04472654230018,0.0522909657231295,0.0863198752258252,0.958974840561872,0.548524799166293,0.0222718299406319,0.605781294126397,"xc",0.0222718299406319
"ASF1",0.700063404887446,0.234067166955189,0.117694343536409,0.345324631391714,0.637245831338049,3.65562686783503,0.362754168661951,0.748458699691585,0.935340059746675,0.31273224167431,0.157248948519013,0.484668250648206,"xc",0.157248948519013
"ASN1",0.0519788427871746,0.0791555416525498,0.0735177014584964,1.09025927836922,1.00017404029266,-1.38601225161275,0.000174040292657107,0.0902594461635756,0.575882580677199,0.876977923275726,0.814515317601899,0.00192822247481662,"scaling",0.814515317601899
"ASN2",0.0742058169872112,0.0790139589162573,0.0638133695908089,1.09771554481523,1.02193155197849,0.59150052657363,0.021931551978486,0.100146496048155,0.740972674186523,0.788983759134859,0.637200222762909,0.218994701201931,"scaling",0.637200222762909
"ASP1",0.129985624637195,0.310188475351147,0.359666152005856,1.21425306072892,0.718630232688035,0.907638494568708,0.281369767311965,0.353657065515311,0.367547088159526,0.877088302757851,1.01699128075326,0.795600582451204,"eta",0.877088302757851
"ATG1",0.178363713815269,0.158550094028498,0.226885458187609,1.05563909640289,0.749991298378418,0.869009944720992,0.250008701621582,0.256125086500794,0.69639298614631,0.619033833017396,0.88583848340411,0.976119540015489,"epsilon",0.619033833017396
"ATG11",0.199865425316277,0.200423898950738,0.271950320158714,1.08001758626815,0.711033826901004,-0.101079186792197,0.288966173098996,0.299840396390579,0.666572709088633,0.668435278779653,0.906983593379679,0.963733294704501,"eta",0.668435278779653
"ATG13",0.120744555603238,0.180650704439894,0.233432355978,1.10473436296574,0.788040053762885,0.397582241176601,0.211959946237115,0.236423995386845,0.510711932626262,0.764096318329733,0.987346295354031,0.896524677583164,"eta",0.764096318329733
"ATG19",0.0531258340317927,0.171412976944931,0.204093223758305,1.12830126711414,0.852547819457867,-0.396111837598317,0.147452180542133,0.195456800060072,0.271803457415986,0.876986510022925,1.04418584411276,0.754397802976487,"eta",0.876986510022925
"ATG23",0.272490264278748,0.143894331954524,0.231480141350041,0.987662075274037,0.680986842485975,2.25435224415731,0.319013157514025,0.319251654739034,0.853528118754747,0.450723840639596,0.725071077671497,0.999252949134424,"epsilon",0.450723840639596
"ATG32",0.341012503990532,0.00317224207647245,0.104082962392288,0.823498743952228,0.706718296526652,2.10314191056397,0.293281703473348,0.342296437285973,0.996249060301006,0.0092675287584784,0.304072584621531,0.85680618179594,"epsilon",0.0092675287584784
"ATG5",0.0936296732013413,0.199758308068837,0.244067127333852,1.13445651439482,0.802293940215851,-0.993440754774883,0.197706059784149,0.239094626327273,0.39160090981376,0.83547803284967,1.02079720938509,0.826894618340475,"eta",0.83547803284967
"ATG6",0.893823653600185,0.322567988396333,0.197724110040171,0.0976892186954264,0.613576834979626,1.47255849222041,0.386423165020374,0.981574046377976,0.910602370649885,0.328623183942785,0.201435755936882,0.39367703989962,"xc",0.201435755936882
"ATG8",0.0734987949764155,0.245651088985719,0.230309913031767,1.24304726322012,0.933166715340525,-1.60219623060511,0.0668332846594751,0.252068760653048,0.291582323751655,0.974539995949112,0.913678920129137,0.265139101276678,"scaling",0.913678920129137
"ATO2",0.360294840144361,0.246217837529767,0.0980322961511774,1.32168224620434,1.21849699182292,1.41799719307467,0.218496991822916,0.388870676393493,0.926515836796559,0.633161234509291,0.252094853385087,0.561875721382041,"xc",0.252094853385087
"ATP1",0.857164471158781,0.146601790588066,0.028029387485168,0.265730619240403,0.496320506544075,2.30310815495465,0.503679493455925,0.890418191441021,0.962653817496222,0.164643750540194,0.0314789025590394,0.565666220993069,"xc",0.0314789025590394
"ATP10",0.115242315897322,0.062323083445832,0.117101323757938,1.00663682193402,0.854980781726959,2.1676119032143,0.145019218273041,0.145171006312927,0.793838376024675,0.429308062461798,0.806644017507999,0.998954419041786,"epsilon",0.429308062461798
"ATP11",0.387071712191458,0.139207197140231,0.0315302065848301,1.23028663613524,1.31095432946115,-0.196319455740711,0.310954329461154,0.386942540686757,1.00033382606232,0.359761934919748,0.0814855004799146,0.803618875581018,"xc",0.01
"ATP12",0.769688891393953,0.271228901969103,0.153823418068339,0.253817092695415,0.629646738951327,2.08620508359775,0.370353261048673,0.833036895415149,0.923955344151203,0.325590503208066,0.184653787743315,0.444582062435669,"xc",0.184653787743315
"ATP14",0.119149161694007,0.0913528232887276,0.146561472709947,1.0291333306267,0.835746666015707,1.11795676429476,0.164253333984293,0.166816991575679,0.714250752088121,0.547623011456143,0.878576404751054,0.984631915686939,"epsilon",0.547623011456143
"ATP15",0.0775724538340672,0.186372572125472,0.146739918315939,0.822334469880621,1.04378834917344,-0.775986476430981,0.043788349173445,0.182982130591857,0.42393458630719,1.01852881219958,0.801935783791059,0.239303963899706,"scaling",0.801935783791059
"ATP17",0.0557541028666629,0.169853216869869,0.162812091180708,1.17005249038833,0.954333500344868,0.958311981659562,0.0456664996551317,0.176077479190342,0.316645280946986,0.964650434859163,0.924661642870899,0.259354574276734,"scaling",0.924661642870899
"ATP18",0.478791643494133,0.0873841463313474,0.197444203385998,0.792362414256396,0.560871324203713,2.04515208487978,0.439128675796287,0.485744131122583,0.985686934369372,0.17989748250668,0.406477795068142,0.904032900575525,"epsilon",0.17989748250668
"ATP2",0.522581401772771,0.225199065071662,0.110782857446477,0.50488566627573,0.73089479777494,2.92518135757175,0.26910520222506,0.563520907619068,0.927350511236095,0.399628588800991,0.196590500811311,0.477542534068623,"xc",0.196590500811311
"ATP4",0.181737558903424,0.16889328854901,0.237617403277077,1.06271586396984,0.741912848343672,0.281657553044768,0.258087151656328,0.265597924396182,0.684258204639932,0.635898375083226,0.894650829133108,0.971721267186373,"epsilon",0.635898375083226
"ATP5",0.156585153747715,0.217110408124498,0.277822342155347,1.11817175816813,0.739260388501473,-0.313960681884797,0.260739611498527,0.286268596658715,0.546986835354467,0.758415036293111,0.970495350862959,0.910821565976292,"eta",0.758415036293111
"ATP7",0.143741649511293,0.148109870801616,0.208263864899651,1.06504810276705,0.784677888311266,-1.46679545939442,0.215322111688734,0.224933028823443,0.639041986244359,0.65846208347584,0.925892769012253,0.957272094787585,"eta",0.65846208347584
"AUS1",0.202094802978324,0.290984202756352,0.220322353432883,1.32388823918212,1.03570821686477,-0.102504892069982,0.0357082168647653,0.325850683952261,0.620206778537658,0.892998594408299,0.676145131139763,0.109584600012676,"scaling",0.676145131139763
"AVO2",0.0720241306989209,0.0172120431164556,0.0589598552106859,0.989171851828379,0.919048140647566,0.72380049809808,0.0809518593524338,0.0816728371335464,0.88186150042947,0.210743788517002,0.721902866117879,0.991172367626538,"epsilon",0.210743788517002
"AVT1",0.106097769685219,0.126557680835694,0.0981739516476144,1.14924903740004,1.02629785724182,-1.32708279482854,0.0262978572418195,0.151548185275673,0.700092643750385,0.835098622959293,0.647806844199631,0.173528024726806,"scaling",0.647806844199631
"AVT3",0.0406674261745617,0.197562701166254,0.225325669478361,1.15642825026854,0.850717227942273,-1.39495842595226,0.149282772057727,0.216229377086734,0.188075398091024,0.913671878576459,1.04206779168576,0.690390797351495,"eta",0.913671878576459
"AVT4",0.080426851631449,0.179686489122403,0.138540844880671,0.826418878478113,1.0363413277466,1.7679675026333,0.0363413277465976,0.177344573785559,0.453506131677303,1.01320545245256,0.781195848981492,0.204919310305714,"scaling",0.781195848981492
"AVT5",0.13603375695032,0.106800294121378,0.0643500807080241,1.14124706321843,1.06721105491783,-0.614477128998684,0.0672110549178349,0.156422692634413,0.869654873338959,0.682767265559021,0.411385839383428,0.429675859594864,"xc",0.411385839383428
"AVT6",0.184410264162277,0.237278265076479,0.174753042458103,1.27060766735427,1.04471848033062,-0.376633794587426,0.0447184803306222,0.274277691608338,0.67234875385203,0.865102311766962,0.637139103196355,0.163040895044717,"scaling",0.637139103196355
"AVT7",0.0835103169564332,0.0445626704407638,0.0242370951546837,1.07121843082354,1.0514852551887,0.907888841850351,0.0514852551886977,0.0878794423674439,0.950282736288398,0.507088680131095,0.275799373570703,0.585862333689217,"xc",0.275799373570703
"AYR1",0.176019776106643,0.0877937083027594,0.158003645159539,0.996623568588867,0.789028913551833,0.741567402919899,0.210971086448167,0.210998103323689,0.834224447205639,0.41608766581222,0.748839172820186,0.999871956784937,"epsilon",0.41608766581222
"AZF1",0.0473629896819102,0.00884179978372425,0.00349224954502443,1.02883992363407,1.03741511457782,-0.576015139807911,0.0374151145778174,0.047240152350411,1.0026002738219,0.187167046332511,0.0739254505176051,0.792019346175795,"xc",0.0739254505176051
"BAG7",0.207441208354325,0.233930607154632,0.305655345996171,1.10512688709365,0.688382943626707,1.5698753487382,0.311617056373293,0.32887209096054,0.630765619996666,0.711311824823411,0.929404940089141,0.94753268805252,"eta",0.711311824823411
"BAP2",0.251350653104146,0.0115501794472381,0.0974546264505721,1.08837462681689,1.24905533539401,0.0289618115837782,0.249055335394008,0.264270003506352,0.951113065308997,0.0437059798463298,0.368769157140567,0.942427563058711,"epsilon",0.01
"BAP3",0.406578102558821,0.22035193207819,0.322444817779068,0.963777257085837,0.539371613369448,-0.372473956737978,0.460628386630552,0.462050427631109,0.879943136603748,0.476900179939048,0.697856334496243,0.996922325106703,"epsilon",0.476900179939048
"BAS1",0.302260058480823,0.499159820850769,0.378651999328884,1.54150116155838,1.04375506099117,1.16085199566354,0.0437550609911701,0.543266061273308,0.556375742987487,0.918812818310124,0.696991817308444,0.0805407591422459,"scaling",0.696991817308444
"BBC1",0.0275357368561884,0.0947484832726063,0.0992970052134477,1.09485668787207,0.967882646042722,-0.258122068656463,0.0321173539572781,0.100146471027568,0.274954639675805,0.946099071693942,0.991517765874281,0.320703801419392,"eta",0.946099071693942
"BCK1",0.181816322646023,0.0352901887349091,0.039295038741433,0.891839792991756,0.853679464785179,1.65663156151279,0.146320535214821,0.181956943823581,0.999227173337806,0.193948018653936,0.215957895948901,0.804149224207063,"epsilon",0.01
"BCS1",0.432206895640768,0.0493789147525872,0.157299257973947,0.795784777704916,0.614849050896387,-0.156859961731316,0.385150949103613,0.435941636704324,0.991432933335319,0.113269553984077,0.360826415120872,0.883492001395684,"epsilon",0.113269553984077
"BEM4",0.321160091467512,0.124988391898412,0.0239339099573306,0.734382049093306,0.79901959395736,1.75312745025094,0.20098040604264,0.333085603797185,0.964196854521116,0.375244052800665,0.0718551317873944,0.603389650442582,"xc",0.0718551317873944
"BIO3",0.156615197021782,0.259294415697545,0.318118198702685,1.15529051072652,0.71908848553951,5.25007646930267,0.28091151446049,0.320977291530398,0.487932327782602,0.807827913498948,0.991092538621405,0.875175664674353,"eta",0.807827913498948
"BIT61",0.0543080745086092,0.015782099110652,0.00759242485174663,1.03707440901738,1.04001201573212,-0.49380816722244,0.0400120157321235,0.054547898281564,0.995603427803636,0.289325521382847,0.139188219728581,0.733520758684239,"xc",0.139188219728581
"BLM10",0.246314585037533,0.252705845791814,0.331405016843434,1.09905639759093,0.647442190963398,1.74028116573964,0.352557809036602,0.36620920061678,0.672606216945622,0.690058702419818,0.904960924753588,0.962722423256471,"eta",0.690058702419818
"BMH2",0.0532801270494801,0.279469513591659,0.308154372884694,1.22301579323651,0.800259079853408,-0.164677031994203,0.199740920146592,0.299386838745324,0.177964159255522,0.933472943442888,1.02928496849131,0.667166669662803,"eta",0.933472943442888
"BNA2",0.0398412207111827,0.1131751144407,0.142769901441691,1.08395091760746,0.894920808478445,0.33427190603276,0.105079191521555,0.134496814304127,0.296224270569658,0.841470595614152,1.06151139846968,0.781276434428757,"eta",0.841470595614152
"BOI1",0.370034772913987,0.122385957308165,0.223536150026095,0.903772568206289,0.618168923409287,3.93394266460389,0.381831076590713,0.393769843538121,0.939723493269904,0.310805815418714,0.567682248131462,0.969680850010922,"epsilon",0.310805815418714
"BOI2",0.217909778510183,0.301322978568966,0.223431803256155,1.33760563649931,1.04635145328713,-0.947417273793556,0.0463514532871254,0.340772685257978,0.639457878923649,0.884234539927556,0.655662301944796,0.136018687213841,"scaling",0.655662301944796
"BPT1",0.110760734060435,0.123097838699709,0.175005235199021,1.06017462598215,0.826205507545929,0.315404425566533,0.173794492454071,0.183917131391994,0.602231740034936,0.669311432643773,0.951543958273365,0.944960869815071,"eta",0.669311432643773
"BRE1",0.162147232444442,0.330293960037864,0.265025465008009,0.675061085682383,1.06777439356169,0.283690845872527,0.0677743935616868,0.331931719575828,0.48849574440083,0.995065974592433,0.798433681923144,0.204181732460805,"scaling",0.798433681923144
"BRE5",0.217854421516065,0.170837884833312,0.247353844829952,1.04400007742724,0.71101875850112,1.74653994690467,0.28898124149888,0.292311759516851,0.745281072086006,0.584437263542468,0.846198747661718,0.988606281103863,"epsilon",0.584437263542468
"BRR1",0.0310362088159534,0.0221589652070064,0.0492203043932414,1.01071703082179,0.953997454606459,-1.30288101045513,0.0460025453935413,0.0472344041173383,0.657067859665472,0.469127654325008,1.04204351283801,0.973920307732965,"epsilon",0.469127654325008
"BSC1",0.0868286784259709,0.32067789047387,0.29792847609208,1.3147536796477,0.910782742058023,-0.0596257582514044,0.0892172579419772,0.327153783359522,0.265406309944921,0.980205355355663,0.910667983211657,0.272707400861487,"eta",0.910667983211657
"BSC2",0.102206149529723,0.181751752106323,0.155423059483983,1.19630579214125,0.992766604887449,-0.108318030642543,0.00723339511255128,0.196439013520887,0.520294557062902,0.925232461967122,0.79120260633694,0.0368225994567121,"scaling",0.79120260633694
"BST1",0.100328982341204,0.314508635535415,0.286628796909218,1.3138114175035,0.926361801408715,-1.37753520966511,0.0736381985912854,0.322335524023222,0.311256361349662,0.975718194538053,0.889224970712717,0.22845201072526,"scaling",0.889224970712717
"BTN2",0.0649336942176568,0.00337921051472667,0.0426941533007271,0.980804407453283,0.933618671514781,-0.602008590807856,0.0663813284852192,0.0691010241941619,0.939692211148771,0.0489024664125336,0.617851237353066,0.96064174531913,"epsilon",0.0489024664125336
"BUB1",0.947243824178496,0.00366060728704445,0.116075333268476,0.293410312560195,0.351323455520648,7.571017981055,0.648676544479352,0.959192496714791,0.987542987901575,0.00381634270449564,0.121013595984154,0.676273580851656,"epsilon",0.01
"BUD22",0.299152029171083,0.125274282438402,0.217607516644843,0.954542954445587,0.670021186984515,1.86215063959253,0.329978813015485,0.333095121593884,0.898097899902043,0.37609161562906,0.65328941355723,0.990644388415275,"epsilon",0.37609161562906
"BUD6",0.326440197069123,0.144975100210263,0.00827268665476431,1.22308527934277,1.24172640940126,-3.74394143393308,0.241726409401259,0.328935706273228,0.992413383051728,0.440739930160822,0.0251498590666611,0.734874338027843,"xc",0.0251498590666611
"BUD8",0.134884995801627,0.27935309354941,0.331664442968859,1.18427728899792,0.728422577623183,4.2503471543574,0.271577422376817,0.328195697085226,0.410989531549526,0.851178415897595,1.01056913882309,0.827486236988333,"eta",0.851178415897595
"BUG1",0.0781095954321732,0.413024554077022,0.389669943558113,1.3954519800168,0.862865492713078,-0.539530264137311,0.137134507286922,0.41855482506839,0.186617357521587,0.986787224372662,0.930989013194252,0.327638099177365,"eta",0.930989013194252
"BUL1",0.0141355877046769,0.377321807557505,0.378925568126777,1.3390087213372,0.818360256449611,-2.20125258879635,0.181639743550389,0.38460357458003,0.0367536565933178,0.981066824377604,0.985236729899212,0.472277835037627,"eta",0.981066824377604
"BXI1",0.0913297331748743,0.0126519843795729,0.0357065144478181,0.955813271187596,0.919047840475213,2.08556097562213,0.0809521595247872,0.0922264557210541,0.990276948851943,0.137183894584866,0.387161299527927,0.877754207205285,"epsilon",0.01
"BYE1",0.2259268710417,0.0251119986007183,0.108008895282443,0.915927291716267,0.782581880935442,-0.197008147120671,0.217418119064558,0.233106968526751,0.969198271804445,0.107727361217159,0.463344772423858,0.932696780532354,"epsilon",0.107727361217159
"CAD1",0.129584251648486,0.0776067329050454,0.136118074338422,1.0123639715318,0.834113639987517,1.15706966673088,0.165886360012483,0.166346482470266,0.779002054772327,0.466536663430304,0.818280448838185,0.997233951382984,"epsilon",0.466536663430304
"CAF130",0.117515230679562,0.155766017137212,0.208546636810961,1.08484763423663,0.803412092535523,1.54722241565717,0.196587907464477,0.21411661868434,0.548837504541427,0.727482145451066,0.973986223453345,0.918134746720873,"eta",0.727482145451066
"CAF20",0.0982073224110684,0.157709699286735,0.204862705401411,1.09586976234664,0.819323972536108,0.481572029036998,0.180676027463892,0.204535664940211,0.480147667350708,0.771062099770403,1.00159894100276,0.883347300416805,"eta",0.771062099770403
"CAF40",0.109050993826014,0.355500759916507,0.322729062896069,1.35376726487288,0.916397417610074,-1.90135752819154,0.083602582389926,0.363511580940554,0.299993176404048,0.977962680024335,0.887809576963231,0.229986021830753,"scaling",0.887809576963231
"CAM1",0.0774907027892577,0.082165850114501,0.0390290228895411,0.90542992637807,0.974290074255499,3.58158519241134,0.0257099257445013,0.0980025464293916,0.790700911481803,0.838405256884824,0.398244987620403,0.262339364447276,"scaling",0.398244987620403
"CAN1",0.0428526530480383,0.289906641895059,0.314800359719456,1.23686083627637,0.804858254580371,0.851927840184716,0.195141745419629,0.306893070249167,0.139633824293413,0.944650335896093,1.02576561752883,0.635862338830893,"eta",0.944650335896093
"CAR1",0.0881664761332457,0.107239665116185,0.152819821673893,1.05742391156424,0.85451429183706,0.312126097900782,0.14548570816294,0.156408429756871,0.563693889583164,0.685638653126839,0.977056172173352,0.930165390632013,"eta",0.685638653126839
"CAT5",0.0219342599258781,0.181331381489781,0.188033834597628,0.862745985754496,1.14160687507573,-1.80814124540527,0.141606875075731,0.197208446815086,0.111223734480526,0.91949094685487,0.953477590003734,0.718056844738044,"eta",0.91949094685487
"CBP3",0.339120310642777,0.071865540763246,0.0303170676726806,0.763903144978477,0.752965799007126,-0.189983535341457,0.247034200992874,0.341712776189656,0.992413319818514,0.210309785793199,0.0887209076896036,0.72292936701836,"xc",0.01
"CBP6",0.0312473833293813,0.0740189321500433,0.0760507184082239,0.953993715135915,1.07464221094474,-0.571949607712424,0.0746422109447404,0.0876814570004084,0.356373906163943,0.844179997484515,0.867352357156539,0.851288442257441,"eta",0.844179997484515
"CBS1",0.0883249999041414,0.18915802371353,0.168643162777601,1.19822528855785,0.975519761839355,-0.856162527472729,0.0244802381606454,0.199731187059619,0.442219370967723,0.947063032560193,0.84435067582741,0.12256592733982,"scaling",0.84435067582741
"CBS2",0.0640428888236601,0.034821901534108,0.0498866932509613,0.99760324632874,1.08187737929227,1.29043515680195,0.0818773792922691,0.0819124512386902,0.781845590690984,0.425111213344576,0.609024543846125,0.999571836199617,"epsilon",0.425111213344576
"CCC1",0.279729071198828,0.0460419386973458,0.137814188252497,0.900040935225182,0.728342194574189,-0.689417810263854,0.271657805425811,0.289464640119349,0.966366983834341,0.159058939559465,0.476100252506404,0.938483558177621,"epsilon",0.159058939559465
"CCH1",0.295311144785994,0.000679746571055623,0.0959210312197991,0.852380720376547,0.7422670697169,1.28127732931463,0.2577329302831,0.297014671470722,0.994264503243924,0.0022885959393512,0.322950481687752,0.867744778420841,"epsilon",0.0022885959393512
"CCP1",0.420606139371191,0.192052326468699,0.296135883022688,0.928259930201609,0.543895088722807,0.322248031897859,0.456104911277193,0.461712386346581,0.910970014686732,0.415956626133345,0.641386048500757,0.987855047351538,"epsilon",0.415956626133345
"CCW12",0.46767179548844,0.254064894748566,0.360295790037368,0.948769496065165,0.477592480928745,0.478022151007793,0.522407519071255,0.524913498126692,0.890950217812009,0.484012881465748,0.686390788812232,0.995225919957516,"epsilon",0.484012881465748
"CDC2510",0.221070844433274,0.308258774126682,0.228877022959499,1.34475277885723,1.04617959561119,1.95900722222354,0.0461795956111852,0.347831904201722,0.635568048137028,0.886229153803874,0.658010436060413,0.132764116958069,"scaling",0.658010436060413
"CDC73",0.0554945018602922,0.158782072180141,0.126947313598306,0.853144113065899,1.04606313692708,0.955209767807737,0.0460631369270845,0.153910571796628,0.360563288229614,1.03165149948212,0.824812175774707,0.299285074373908,"scaling",0.824812175774707
"CDH1",0.55144163010916,0.139999354993486,0.0253757063410248,0.546442175735685,0.655709597182649,-0.744427034150718,0.344290402817351,0.569430049631659,0.968409781791223,0.245858740830496,0.0445633425166784,0.604622820731113,"xc",0.0445633425166784
"CEX1",0.27593294396622,0.140798037353443,0.229052378591729,0.982821260776998,0.679898720966949,3.24783450265808,0.320101279033051,0.320561909652234,0.860778949893235,0.439222606036349,0.714533984528042,0.998563052548312,"epsilon",0.439222606036349
"CGR1",0.1164947719774,0.350713489018008,0.3069588405899,0.679622606756724,1.12918076682571,0.265219645113843,0.129180766825711,0.345440797560212,0.337235129145666,1.0152636616608,0.888600428084628,0.373959207302936,"eta",0.888600428084628
"CHA1",0.230548322085795,0.26624121986017,0.182571300828682,1.30927057681793,1.07596566265948,-0.465791684199472,0.0759656626594825,0.318463611090163,0.723939294968688,0.836017713134554,0.573287793238622,0.23853796796261,"scaling",0.573287793238622
"CHD1",0.018184883047143,0.189960929277187,0.197151164854195,1.17372131861955,0.908632158186379,-0.480208656056098,0.0913678418136212,0.196283415144006,0.0926460497633044,0.967788996017924,1.00442090183499,0.465489362647312,"eta",0.967788996017924
"CHO1",0.805992653609442,0.159642693191446,0.0422468906046998,0.304445166044013,0.530205466676395,3.21453128635946,0.469794533323605,0.839347026312886,0.960261522757799,0.19019867609793,0.0503330437593655,0.559714300040277,"xc",0.0503330437593655
"CHO2",0.221434572839517,0.0119673720765215,0.0709508122355579,0.888182291250383,0.807448766071406,-2.49557810301033,0.192551233928594,0.222663822111807,0.9944793489098,0.0537463695854114,0.318645442994018,0.864762097867465,"epsilon",0.01
"CIN8",0.259764471123816,0.0581174232178238,0.146306116014491,0.922758692261689,0.737182138095539,0.44325148249096,0.262817861904461,0.273933291436359,0.948276384231179,0.212159036651176,0.534093958596054,0.959422859946617,"epsilon",0.212159036651176
"CIT1",0.116939949233711,0.0319568753757575,0.00461353898503945,1.07079922343524,1.09292871205578,1.28172436304485,0.0929287120557796,0.116825834314928,1.00097679523928,0.2735428817021,0.0394907428831427,0.795446594502985,"xc",0.01
"CIT2",0.0811227872077216,0.108809587174527,0.152153505335792,1.06201343070338,0.859950381027905,0.000526686829163777,0.140049618972095,0.15316514408256,0.52964261349171,0.710406978208275,0.993395111186506,0.914370040331137,"eta",0.710406978208275
"CIT3",0.119772730546501,0.141922076217932,0.107686729574817,1.16696627643265,1.03126419530135,-0.915044620876599,0.0312641953013473,0.169868147024762,0.705092347472546,0.835483748446631,0.63394304029889,0.184049781250571,"scaling",0.63394304029889
"CKA2",0.00804533152054046,0.420715689599572,0.422060925959949,1.3760855208513,0.794770040127769,0.0832019479823572,0.205229959872231,0.428438625036485,0.0187782591260425,0.981974231580416,0.985114089384464,0.47901834213653,"eta",0.981974231580416
"CKI1",0.198349056489306,0.0533538264794107,0.129704841891428,0.955347866992387,0.789263159890372,1.91259976790284,0.210736840109628,0.215415479391618,0.920774389331204,0.247678702710195,0.602114770292941,0.978280858482393,"epsilon",0.247678702710195
"CLA4",0.615282277281821,0.205224809662784,0.089514894619344,0.44197057856101,0.662811905162617,0.362892537783524,0.337188094837383,0.651991293263644,0.943697076385683,0.314766181363403,0.137294616575726,0.517166560843989,"xc",0.137294616575726
"CLB1",0.111461745032236,0.0509149733666422,0.00407874495217369,0.915229452677709,0.923921705518066,6.26234410295241,0.0760782944819336,0.113903259762838,0.978565014419378,0.447001898564221,0.0358088518332679,0.667920256543482,"xc",0.01
"CLB2",0.313284237256924,0.122047084739782,0.216467894755566,0.94246010324057,0.66089438672908,0.379118540216848,0.33910561327092,0.343952695397103,0.910835244059443,0.354836831846529,0.629353680469483,0.98590770710319,"epsilon",0.354836831846529
"CLB6",0.266930177672723,0.00414665514973454,0.0949793348276974,0.873533818288522,0.76208269716629,1.30913174918412,0.23791730283371,0.269440787751869,0.990682145416459,0.0153898568376857,0.352505408034825,0.883004035204984,"epsilon",0.0153898568376857
"CLN2",0.211526855264394,0.191745495302779,0.115985773712992,1.23740590769231,1.09559857988005,-0.146113007340812,0.0955985798800456,0.255930954521505,0.826499692699814,0.749207909067785,0.453191658390215,0.373532697749591,"scaling",0.453191658390215
"CLN3",0.183646775892595,0.0101289910136399,0.0644197626492092,0.911254269257919,0.837408559638681,1.88226581740149,0.162591440361319,0.185234395304205,0.991429132753653,0.0546820205664579,0.34777430262568,0.877760526571213,"epsilon",0.01
"CLU1",0.115174199766542,0.151443108729589,0.203711513192621,1.08228142070251,0.807660958549326,0.33151285752291,0.192339041450674,0.209199758745052,0.550546522890129,0.723916268537144,0.973765526378456,0.919403744079239,"eta",0.723916268537144
"CNA1",0.335952835415145,0.157856714786673,0.254131103846054,0.958207907490113,0.624633784401813,4.35296337911123,0.375366215598187,0.377685550172176,0.889504073592419,0.417958046620291,0.672864248394472,0.99385908575816,"epsilon",0.417958046620291
"COA1",0.00345849545807865,0.0261359230680916,0.0425677105689414,1.02496091902101,0.977691516332286,-0.402105712622534,0.0223084836677139,0.0334770954822239,0.103309304712982,0.780710593067119,1.27154730587499,0.666380501246279,"eta",0.780710593067119
"COG1",0.0378031842898147,0.192024516580659,0.191732790089119,1.18292421888486,0.925972170578256,0.471306763566793,0.074027829421744,0.19733572759014,0.191567866353784,0.973085405900182,0.971607080129665,0.375136475922381,"eta",0.971607080129665
"COQ1",0.41927150422141,0.0166039438948664,0.124196525945445,0.778010594674348,0.643036411782107,2.77891896565653,0.356963588217893,0.420359726175367,0.997411212620538,0.0394993688999109,0.295452961384869,0.849185985217274,"epsilon",0.0394993688999109
"COQ2",0.093917248082805,0.045922316010747,0.0945323161980533,1.00310142993432,0.882955201513483,-0.654625674638819,0.117044798486517,0.11708588181496,0.802122737831275,0.392210532123092,0.807375874295843,0.999649117999485,"epsilon",0.392210532123092
"COQ3",0.0322027434800598,0.177426639893135,0.189054367171702,0.869220792765607,1.14960951817793,0.147450101404683,0.149609518177931,0.198711371024129,0.162057879798683,0.89288619457812,0.95140185585427,0.752898625815251,"eta",0.89288619457812
"COQ4",0.230791497458853,0.246007709097824,0.158407048393714,0.700551669244787,0.947368625596816,2.58316390045609,0.0526313744031836,0.304038425801166,0.759086608380825,0.809133610166457,0.521009961080735,0.173107640142839,"scaling",0.521009961080735
"COQ5",0.0369945268736722,0.0247337659067336,0.0243977767170162,1.03866915333517,1.01754326176115,-1.56251184968262,0.0175432617611495,0.0424625653120407,0.871226846560353,0.582484023868433,0.574571426331087,0.413146535830584,"scaling",0.574571426331087
"COQ9",0.487647394731967,0.0486435506675162,0.159673494095019,0.752282166394587,0.577540579890033,2.14894039038547,0.422459420109967,0.489730626697789,0.995746167684327,0.0993271566361195,0.32604351329155,0.862636308777694,"epsilon",0.0993271566361195
"COR1",0.0408919210036268,0.117484744901185,0.0897840993382053,0.892059959592169,1.03214190483717,0.379820933410222,0.0321419048371743,0.11262395113743,0.36308370103024,1.04315950306009,0.797202534908814,0.285391380008974,"scaling",0.797202534908814
"COS12",0.118449011807893,0.137364404821831,0.191022481233681,1.06859710711258,0.812059232645246,0.213209597078915,0.187940767354754,0.200068226208234,0.592043094762134,0.686587807695461,0.954786698787752,0.939383383941949,"eta",0.686587807695461
"COX10",0.0553959621775125,0.068452745563206,0.0611912127622349,1.08227944811158,1.00965563195954,0.351529851537657,0.009655631959544,0.0828440632156876,0.668677513236973,0.826284261130297,0.738631235444371,0.116551887784707,"scaling",0.738631235444371
"COX16",0.176780131027427,0.230567467196797,0.171482047632085,1.26242607221625,1.0405877485887,-1.63384933009058,0.0405877485886972,0.265546245905206,0.665722576588538,0.868276131755615,0.645770935482554,0.152846252637991,"scaling",0.645770935482554
"COX17",0.0137095807362145,0.0157318386428434,0.00725372983371389,0.996321189489109,1.01957943043119,0.20030833838207,0.0195794304311916,0.0199220416319442,0.688161433928124,0.789670001372655,0.364105746174269,0.982802405140886,"xc",0.364105746174269
"COX18",0.126261721065431,0.183873861688422,0.238046629255813,1.10478022014595,0.781647186754603,-0.172002014563039,0.218352813245397,0.242191753753122,0.521329562666017,0.759207771689261,0.982884947843709,0.90156997445906,"eta",0.759207771689261
"COX19",0.0143627689119277,0.0340279750544503,0.0548032767429707,1.02734559055774,0.962733024341914,1.41703222473589,0.0372669756580857,0.0462234658766707,0.310724620915471,0.736162345446807,1.18561591398602,0.806234992363361,"eta",0.736162345446807
"COX23",0.109652271253739,0.12995432228677,0.100046013940374,1.15333650033187,1.02790802727759,0.209640459303962,0.0279080272775871,0.155855511036835,0.703550811416759,0.833812814331968,0.641915151250119,0.179063461355508,"scaling",0.641915151250119
"COX5B",0.0840255251886102,0.033617487735785,0.0126370373640473,1.06202641162433,1.05865712019888,2.74593856181541,0.058657120198881,0.0853693943343645,0.984258185779194,0.393788523368411,0.148027726594288,0.687097766784428,"xc",0.148027726594288
"COX6",0.443742897627452,0.208397227072389,0.0967243343246321,0.58044302561961,0.768879360545111,3.49644614288891,0.231120639454889,0.479003971521389,0.926386677375674,0.435063672667448,0.201928042511675,0.482502553623543,"xc",0.201928042511675
"COX7",0.20550028873581,0.0757693281236317,0.153013892643725,0.970023752604958,0.771088104961292,-0.382335331716584,0.228911895038708,0.230866262364386,0.890126979278855,0.328195758651136,0.662781521546952,0.991534634356437,"epsilon",0.328195758651136
"COY1",0.0368380736124704,0.0893025492804552,0.0900596554791005,1.09358188507649,0.979823110368725,-0.111866293779288,0.0201768896312754,0.0957323147618544,0.384802913249403,0.932835996942161,0.940744572019748,0.210763624398593,"scaling",0.932835996942161
"CPA2",0.194329205664838,0.213634893080351,0.283386186453623,1.09467457318698,0.709142217737499,2.27534381416066,0.290857782262501,0.305878283490015,0.635315470740773,0.698431057748906,0.926467166025123,0.950893861910912,"eta",0.698431057748906
"CPR1",0.111703537906991,0.0487553979249243,0.0155133745416877,1.08365310316546,1.07722667679913,0.938488367344958,0.0772266767991279,0.113849906801228,0.981147381192117,0.428242756579915,0.136261635846332,0.678320070423588,"xc",0.136261635846332
"CPR2",0.155260042699229,0.12584367372932,0.189728024484443,1.03999969773247,0.786375069834784,-0.167300926857482,0.213624930165216,0.217337494709915,0.714373021123015,0.579024221739957,0.872964992707207,0.982917974877488,"epsilon",0.579024221739957
"CPR3",0.238109358851204,0.057692583372943,0.14202301725367,0.935692939164258,0.754589811051564,2.18807646298956,0.245410188948436,0.253695799951515,0.938562478750972,0.227408508079239,0.559816194358805,0.967340369826138,"epsilon",0.227408508079239
"CPR5",0.168588613780032,0.113353340952492,0.055699893149527,1.15637785375192,1.09624275777932,3.77035606490644,0.0962427577793226,0.183621081493996,0.918133214380092,0.617322041838632,0.303341493778034,0.524137844065957,"xc",0.303341493778034
"CPR6",0.229736188408527,0.131674668854784,0.212014790773576,1.00329690733214,0.72152088015356,0.0941157450126787,0.27847911984644,0.278498635164348,0.824909566515308,0.472801846145781,0.761277665323069,0.999929926701808,"epsilon",0.472801846145781
"CPR7",0.463251095946119,0.0974040824903124,0.206451083139956,0.813083654745341,0.565753313497434,4.50293218299871,0.434246686502566,0.47276622643947,0.979873497806701,0.206030120264488,0.436687461147118,0.918523071694428,"epsilon",0.206030120264488
"CPR8",0.150910123585219,0.1754633202389,0.236449284008931,1.08490032150402,0.764664878988785,2.05295199019933,0.235335121011215,0.250181301805008,0.603203047135948,0.701344660743899,0.945111734182358,0.940658311845527,"eta",0.701344660743899
"CPT1",0.165023259793778,0.0975348380196875,0.164776853737858,1.01078537155267,0.793057827919386,1.12404251471677,0.206942172080614,0.207223036424457,0.796355765464991,0.470675653163899,0.795166679250582,0.998644627794821,"epsilon",0.470675653163899
"CRC1",0.0418357886792264,0.215866531691224,0.213541710973194,1.20534570549029,0.917840734714418,1.76188545737296,0.0821592652855823,0.221171887082357,0.189155092137222,0.976012523738349,0.965501148406255,0.371472461393744,"eta",0.965501148406255
"CRD1",0.179852776530901,0.314182925069975,0.241757364080328,0.678310388365475,1.03926801573578,0.646631174036998,0.0392680157357841,0.32407743410086,0.554968527907213,0.969468688684427,0.74598641757046,0.121168620841286,"scaling",0.74598641757046
"CRF1",0.173297513844144,0.110534692766407,0.179370977215523,1.01733768229768,0.779176058665998,2.04680610592761,0.220823941334002,0.221503517565158,0.782369127809296,0.499020033548187,0.809788391567006,0.996931984473087,"epsilon",0.499020033548187
"CRN1",0.0138833238754642,0.14740361337491,0.156958674326247,1.13505993632306,0.926517724241243,-0.333559505230631,0.0734822757587574,0.153755751925826,0.0902946634618369,0.958686823280726,1.0208312362972,0.47791562161659,"eta",0.958686823280726
"CRP1",0.330102468390461,0.128443130812231,0.0263094448264233,0.725522761441362,0.794684796811372,-0.784182870818178,0.205315203188628,0.342771187743607,0.963040302667963,0.374719741346249,0.0767551234385042,0.598986176580874,"xc",0.0767551234385042
"CSI2",0.182289120601303,0.334115289696301,0.261704033103096,0.662470992264882,1.05183624021951,1.5993243468436,0.0518362402195134,0.341486203034249,0.533811085137811,0.978415194311059,0.766367808648623,0.151796001592236,"scaling",0.766367808648623
"CSM1",0.636397467318901,0.0646072782398926,0.179657793100878,0.642599811202214,0.472917674667732,3.11965376022478,0.527082325332268,0.636828605380101,0.999322991998856,0.101451595757591,0.282113258705844,0.827667477370416,"epsilon",0.101451595757591
"CSR2",0.0241408888252632,0.205663296468278,0.210274582666315,1.18974604526686,0.90632638918471,-0.684625786697636,0.0936736108152901,0.211608853920598,0.114082602773897,0.97190307805102,0.993694634087552,0.442673399906222,"eta",0.97190307805102
"CST26",1.43940812739943,0.164617498932368,1.08849377502099,1.4047410506897,3.43809443024368,-0.619353344762239,2.43809443024368,2.47146105955539,0.582411817428504,0.0666073609761758,0.440425217630905,0.986499229197763,"epsilon",0.01
"CTA1",0.163597261225101,0.17497738196728,0.239147325786349,1.07778944936639,0.754122932581406,-1.28716779798637,0.245877067418594,0.257888989131166,0.634370865449759,0.678498847728173,0.927326624498557,0.953422122623226,"eta",0.678498847728173
"CTH1",0.020876894815941,0.101510659346659,0.12454102403965,1.08187423975568,0.91866780903226,0.614187267396756,0.0813321909677396,0.115405010390291,0.180901112918209,0.879603571832437,1.07916479205246,0.704754418310613,"eta",0.879603571832437
"CTI6",0.140774948313569,0.0607051211466461,0.116960946065265,0.998464950404692,1.1799913236408,0.614356002565857,0.1799913236408,0.179997869329687,0.782092303857906,0.337254665139716,0.649790725305962,0.999963634631277,"epsilon",0.337254665139716
"CTK2",0.327587736750563,0.347515907733924,0.218011558082328,1.40713373985407,1.13385104807082,-0.684549854358364,0.133851048070815,0.428572030348713,0.764370312463034,0.810869312799446,0.508692921245793,0.312318673623907,"scaling",0.508692921245793
"CTP1",0.232614728746963,0.173197994174091,0.0854740597221549,0.754264811173684,0.897502147817503,0.668646415572416,0.102497852182497,0.266254751562353,0.873654751256105,0.650497289373371,0.321023603224366,0.384961588783114,"xc",0.321023603224366
"CTT1",0.193600134015676,0.0447335180322092,0.120264852586109,0.950855833504117,0.797966468173944,0.479868879321568,0.202033531826056,0.207924738986695,0.931106779112342,0.215142836057963,0.578405692233694,0.971666636739096,"epsilon",0.215142836057963
"CUP2",0.346013180408953,0.22469536392094,0.320055682963577,1.01026651650649,0.582579851330736,0.249560793026183,0.417420148669264,0.417546382904042,0.828682020910887,0.538132703624876,0.766515280859542,0.999697676138637,"epsilon",0.538132703624876
"CUP9",0.022115069342752,0.247787646858203,0.267581260177662,1.20834773435569,0.84322945038978,0.197147727532867,0.15677054961022,0.260740836150074,0.0848162860459006,0.950321593337166,1.02623457118796,0.601250467418106,"eta",0.950321593337166
"CUR1",0.542768081491025,0.236942165892621,0.0115439930599017,1.34667662770026,1.41927514052491,-0.14573767595939,0.419275140524915,0.544037064597454,0.997667469389483,0.435525778134143,0.0212191297452194,0.770673852589706,"xc",0.01
"CYB2",0.0466156063256869,0.00575457633196625,0.0269533364412998,0.98107318887529,0.955960224939485,-2.08804472498013,0.0440397750605148,0.0479346009343061,0.972483454896664,0.120050573485588,0.562293957098737,0.91874708878605,"epsilon",0.01
"CYB5",0.132998454661192,0.0757895164931165,0.0140539864263772,0.884774608605317,0.920031516699036,2.1151720047744,0.0799684833009635,0.140256369350965,0.948252512713974,0.54036416915561,0.100202126230786,0.570159370808021,"xc",0.100202126230786
"CYC1",0.102328730969508,0.135160360080857,0.10855314296395,1.15554239786171,1.01784264883878,-0.992201343655307,0.0178426488387846,0.156562440100279,0.653596934896809,0.863300035399844,0.693353673425253,0.113965066125415,"scaling",0.693353673425253
"CYC2",0.0115980227190142,0.055300358452067,0.037423097912897,0.954091581098758,1.01989277921404,0.370751222733174,0.0198927792140411,0.0500330449889923,0.231807253017799,1.10527669191898,0.747967626618176,0.397592815276737,"eta",0.747967626618176
"CYC3",0.0876969205884903,0.154569837153748,0.193422117881996,0.904749955195406,1.19236271725913,-0.686990791299445,0.192362717259128,0.214653176139074,0.408551702639012,0.720091078706434,0.90109133887997,0.89615593264968,"eta",0.720091078706434
"CYC7",0.0189182400474189,0.0289449692256626,0.0514420484035262,1.02127471926322,0.961404271219248,-1.05737894163785,0.0385957287807521,0.0440708969712019,0.429268323260609,0.656781940348903,1.16725666911524,0.875764539259832,"eta",0.656781940348903
"CYC8",0.0571246140834412,0.232982868371284,0.266557531672496,0.831295123253507,1.22163355072633,-0.938432105866202,0.221633550726335,0.278536831039653,0.205088188410203,0.836452642552384,0.956992045459683,0.795706441762392,"eta",0.836452642552384
"CYS3",0.262268272294135,0.255000945161699,0.336523331499228,1.09143736057732,0.633425299900122,4.2880133382462,0.366574700099878,0.377806566463135,0.694186643576313,0.674951067020644,0.890729175645667,0.970270854558181,"epsilon",0.674951067020644
"CYT1",0.339690172112905,0.105068452617602,0.203334991592309,0.910050680858237,0.650117843910875,1.3995947840166,0.349882156089125,0.361259467922491,0.940294171572511,0.290839305117243,0.562850277009032,0.96850653659323,"epsilon",0.290839305117243
"CYT2",0.0317371924417879,0.0531285190878375,0.02691826630543,0.948076069614173,0.999092046194589,-2.50966924610835,0.00090795380541131,0.0519318681237727,0.611131345518834,1.02304270975218,0.518338108717251,0.017483557557516,"scaling",0.518338108717251
"DAL5",0.000746132042356634,0.0221789343688999,0.0374765029704916,1.02267551335036,0.982617708003708,0.838241655033979,0.0173822919962916,0.0285713664487138,0.026114678263497,0.776264390739293,1.31168045594749,0.608381542671163,"eta",0.776264390739293
"DAL7",0.189463859912392,0.0427025284631906,0.0338436226230491,0.881629789609473,0.851691889209711,0.453289353161653,0.148308110790289,0.189754584751152,0.998467890306094,0.225040825860369,0.178354703088899,0.781578537271093,"xc",0.01
"DAL80",0.0815146383414324,0.0717749162398409,0.0531823169395215,1.09390634446826,1.03333098791342,-1.37085629709893,0.0333309879134196,0.0996461554033861,0.81804097721027,0.72029789758855,0.533711679334035,0.334493466190337,"scaling",0.533711679334035
"DAS2",0.135627342392129,0.083375586538167,0.143399870153136,1.01416766504353,0.825760472348663,-1.51265344309567,0.174239527651337,0.174814575276052,0.775835436936295,0.476937271428926,0.82029699140756,0.996710528147854,"epsilon",0.476937271428926
"DBF20",0.00306743526552431,0.305729668042765,0.316677192550594,1.26765947113163,0.833837053091524,-1.75451454200551,0.166162946908476,0.315042405735752,0.00973657898009189,0.970439732799657,1.00518910084826,0.527430415344936,"eta",0.970439732799657
"DBP3",0.0467589596918343,0.216146286466642,0.211920998984893,1.20740050891819,0.92233327457307,0.18701363918551,0.0776667254269297,0.221465779158014,0.211134017497448,0.975980520730578,0.95690178315851,0.350694024703089,"eta",0.95690178315851
"DBP7",0.364064537244316,0.124868902509118,0.0193946106181569,0.704311936610341,0.768159802136302,3.25936317925617,0.231840197863698,0.375741012103557,0.968924140609854,0.332327051045211,0.0516169648598582,0.617021273684655,"xc",0.0516169648598582
"DBR1",0.0873758195655558,0.383140130273573,0.359087588297969,0.665807343476692,1.18789507174061,0.988261388355089,0.187895071740614,0.383391822628647,0.227902147120618,0.999343511415167,0.93660732207578,0.490086278972645,"eta",0.93660732207578
"DCI1",0.0796680367516345,0.161621656504761,0.203046376026786,1.10791702151415,0.833738814637437,0.105834279507536,0.166261185362563,0.198214190437137,0.401929027260543,0.815388929260437,1.02437860568404,0.838795572586879,"eta",0.815388929260437
"DDP1",0.124684335261743,0.13007324370532,0.185708235484912,1.05927216563234,0.810429488363725,2.07344431170469,0.189570511636275,0.198620664838244,0.6277510719405,0.654882732424902,0.934989496869078,0.954434986866349,"eta",0.654882732424902
"DEG1",0.0219141136485729,0.0717829231003446,0.0784862209225594,1.07315678775469,0.975442698644394,-0.504303493943961,0.0245573013556059,0.0771684951547932,0.283977465215761,0.930210223179219,1.0170759552214,0.318229626045526,"eta",0.930210223179219
"DEP1",0.00511762409457065,0.0411891682830995,0.0584190351072836,1.03698926944763,0.967309478549149,-1.14088162075218,0.0326905214508507,0.0493647267489418,0.103669653041893,0.834384610140327,1.18341655985234,0.662224296654321,"eta",0.834384610140327
"DER1",0.0142045157405551,0.317372194694939,0.33158618121595,1.27352260526964,0.818445480338332,-0.987714304806803,0.181554519661668,0.328293556444642,0.0432677262824996,0.966732939056191,1.01002951385024,0.553024925703293,"eta",0.966732939056191
"DGK1",0.689177494153559,0.257626662241618,0.074107070599388,1.38739357700824,1.57068465695572,-0.827650620731926,0.570684656955716,0.689749781581626,0.999170297050685,0.373507421272203,0.107440513325655,0.82737924997542,"xc",0.01
"DHH1",0.24809810242705,0.092533627761551,0.00287840683480026,0.807488114232643,0.834303718511138,-2.75632542416669,0.165696281488862,0.254000165080537,0.976763547962199,0.364305384337884,0.0113323030081008,0.652347140941125,"xc",0.0113323030081008
"DIA3",0.190789805576216,0.217475094968568,0.286270779857307,1.10000954080122,0.710221550597822,1.61136856412497,0.289778449402178,0.306550906032262,0.622375604905687,0.70942571262758,0.933844181257055,0.945286553391173,"eta",0.70942571262758
"DID2",0.26548788598718,0.257396144126232,0.157036136280343,1.31020380322303,1.11547060983135,0.852547817927522,0.115470609831346,0.330998279857849,0.802082373664287,0.77763589658766,0.474431880273771,0.348855619071303,"scaling",0.474431880273771
"DIE2",0.0739167560263315,0.035063262444832,0.0187533362805129,1.05998726165992,1.04768966943411,-0.583549382732733,0.0476896694341118,0.0766340402966633,0.964542072167764,0.457541613480069,0.244712874434332,0.622303995058815,"xc",0.244712874434332
"DIF1",0.212269916196694,0.10273385067248,0.0200762761796084,0.82087953771729,0.869318099627894,-0.275172363486043,0.130681900372106,0.221724827417312,0.957357453692711,0.463339409795201,0.090545909600924,0.589387764529171,"xc",0.090545909600924
"DIP5",0.215097383278435,0.0482451040427268,0.128318592067617,0.941468971746918,0.778382386503541,-1.00837116992847,0.221617613496459,0.229216595996513,0.93840231045795,0.210478232751788,0.559813705939375,0.966848026570597,"epsilon",0.210478232751788
"DJP1",0.198608324944628,0.147294647416558,0.220632478677637,1.03471111782104,0.738892329506574,2.27456061979589,0.261107670493426,0.263404778413167,0.754004259683927,0.559195046892876,0.837617601346477,0.991279171419822,"epsilon",0.559195046892876
"DLS1",0.182960322449587,0.265626592006779,0.203716550141338,1.29561779776164,1.02917825344942,-0.805321842194091,0.0291782534494156,0.297054292727439,0.615915430037099,0.894202166102016,0.685788945417655,0.0982253216457907,"scaling",0.685788945417655
"DLT1",0.193470624860224,0.30868432064196,0.373806883291971,1.17948523219062,0.665058878989039,-0.654250672823221,0.334941121010961,0.380000661997583,0.509132336357495,0.812325744432317,0.983700610748801,0.881422467135311,"eta",0.812325744432317
"DNF1",0.113372800737844,0.0898161620588211,0.143399599052213,1.0306656519864,0.841620960072627,-0.61574585076333,0.158379039927373,0.161320496218141,0.702779890935492,0.556756048762521,0.888911219677291,0.98176638207962,"epsilon",0.556756048762521
"DNF2",0.387399602931577,0.20023549728827,0.0349267778417003,1.28545345031456,1.27321526959706,-0.790438382246662,0.273215269597056,0.395133212774473,0.980427841566154,0.506754407918013,0.088392412261318,0.69145103667354,"xc",0.088392412261318
"DNM1",0.239971369153595,0.0908131697359116,0.17447780777826,0.962404333799561,0.735001930261666,-1.16911341514291,0.264998069738334,0.267651659965146,0.896580911117251,0.339296119993194,0.651883899397379,0.990085657502902,"epsilon",0.339296119993194
"DOA1",0.0301454578561207,0.226047862898514,0.243003692485245,0.828951876126277,1.18560948278506,0.264790540325679,0.185609482785059,0.25240511242932,0.119432833851819,0.895575611456023,0.962752656419718,0.735363404483475,"eta",0.895575611456023
"DOA4",0.0334254985457082,0.0581593263568866,0.0860991167732503,1.03995553714845,0.931072303258973,-0.112882613485104,0.0689276967410269,0.0796710256419764,0.419543971931714,0.729993443516612,1.08068292179594,0.86515387727996,"eta",0.729993443516612
"DOC1",0.772797890824318,0.0179597538058036,0.0984333628365363,0.450008123011296,0.448150996193358,4.74836570451902,0.551849003806642,0.779120265270992,0.991885239380246,0.0230513241746534,0.126339112489006,0.708297586913234,"epsilon",0.01
"DOG1",0.116039598352327,0.116302786964011,0.169927840933108,1.05181042683729,0.825166489319396,1.9884765672829,0.174833510680604,0.18234877785707,0.636360713331907,0.637804038671278,0.931883629438428,0.958786303561864,"eta",0.637804038671278
"DOM34",0.106518583986486,0.43500733254112,0.399718866247271,1.42542691180586,0.880615759357896,1.46655846172392,0.119384240642104,0.44186044652397,0.241068384428719,0.984490320333575,0.90462694588706,0.270185398085021,"eta",0.90462694588706
"DOS2",0.288212751102816,0.27000490646722,0.355312133216896,1.08871533781263,0.605444841309252,1.65126162455515,0.394555158690748,0.404405964857952,0.712681750883795,0.667658071171278,0.878602602564727,0.975641293593027,"epsilon",0.667658071171278
"DOT1",0.0717270917822062,0.059524198828539,0.100767457195587,1.02462646941067,0.895255838584448,1.25335587086013,0.104744161415552,0.107600196776222,0.66660744061071,0.553197862196595,0.936498818911593,0.973456968981104,"epsilon",0.553197862196595
"DOT5",0.177482385349678,0.221753664772365,0.162312643262468,1.25475840829903,1.04578735780057,1.52925494515299,0.0457873578005725,0.258840353757706,0.68568282639505,0.856719833492206,0.627076268851049,0.176894201911936,"scaling",0.627076268851049
"DPB4",0.174288932964525,0.096333335080077,0.165864430674628,1.00477215081884,0.785897752131643,3.53493392114316,0.214102247868357,0.214155424787048,0.813843184863677,0.449829067724382,0.7745049224859,0.999751690069284,"epsilon",0.449829067724382
"DPL1",0.247513551967789,0.0272299794012791,0.0610254546069669,0.860073672281204,0.795538916641332,0.754720456585252,0.204461083358668,0.247757364768574,0.999015921076605,0.109905832372386,0.246311364604518,0.825247247643483,"epsilon",0.01
"DPP1",0.113596740245655,0.302413118362766,0.347848137906585,1.21540733730973,0.736399309886744,2.46342891816103,0.263600690113256,0.340419806702039,0.333696036509072,0.888353475353039,1.02182108989636,0.774340049913662,"eta",0.888353475353039
"DRS2",0.936863022405386,0.0517403399732837,0.0684546290740249,0.263776935378208,0.390629888493874,8.29957861028116,0.609370111506126,0.955696779150213,0.980293167084257,0.0541388661153491,0.0716279792581214,0.6376186723659,"epsilon",0.01
"DSE3",0.0137811667356983,0.0171135189950638,0.0263985298179016,1.02386861270231,0.999586494057746,-1.91373497085393,0.000413505942254311,0.0238721942748702,0.577289484871758,0.716880853013119,1.10582753784351,0.0173216562119554,"scaling",0.716880853013119
"DSE4",0.0208796580940599,0.131167261335668,0.153774105009698,1.10726797546669,0.902761528469605,-0.198785695917698,0.0972384715303952,0.144781693961251,0.144214765850495,0.905965787157963,1.06211013839121,0.671621313923983,"eta",0.905965787157963
"DSF2",0.0943159889181927,0.211971583970506,0.188763802015621,1.2203405781456,0.969656367227345,0.068990049554234,0.0303436327726547,0.22242011246148,0.42404433607382,0.953023454689677,0.848681353168149,0.136424860309833,"scaling",0.848681353168149
"DSK2",0.135095484593108,0.335184396650006,0.292557080839717,1.3438588133748,0.950214522920359,-1.47574891462391,0.0497854770796411,0.347444207411168,0.388826412158988,0.964714303765456,0.84202607094699,0.143290565845366,"scaling",0.84202607094699
"DSS1",0.0334818359284736,0.132809999795138,0.159829095954944,1.10345043933224,0.890317260702604,-1.76511436710453,0.109682739297396,0.150772333993388,0.222068830810444,0.880864521212238,1.0600691235698,0.727472583280468,"eta",0.880864521212238
"DST1",0.294732856776971,0.0888511832870867,0.181655942517906,0.926338753901125,0.693076699050803,4.1980708066487,0.306923300949197,0.315638863010229,0.933766057722173,0.281496335526362,0.575518302104703,0.972387550829728,"epsilon",0.281496335526362
"DUN1",0.452202589479932,0.0173338074446912,0.126980881215937,0.753573004445449,0.620005987156667,2.44507639479651,0.379994012843333,0.452903647517683,0.998452081272488,0.0382726161286092,0.280370630512485,0.83901733829268,"epsilon",0.0382726161286092
"DUR1,2",0.178189631475541,0.106002473799111,0.0314356540517636,0.837396537891432,0.89970037673061,0.909474623977867,0.10029962326939,0.19104947086468,0.932688432315797,0.554843064046968,0.164541958213689,0.524992939344135,"xc",0.164541958213689
"DYN1",0.504405354085546,0.0235297948967011,0.0889927054093676,0.678555498696339,0.610248867155393,-0.473487913891753,0.389751132844607,0.50520541660993,0.998416361942923,0.0465747082733052,0.176151526653324,0.771470613794971,"epsilon",0.01
"EAF7",0.0480441422927611,0.266941468282096,0.247512713861027,0.77030541154899,1.13368166406158,0.489899236673434,0.133681664061584,0.265763788485101,0.180777609194319,1.00443130271324,0.931325954043221,0.503009325776068,"eta",0.931325954043221
"EAP1",0.688878099927442,0.0333195896225817,0.14904832640782,0.569684409263215,0.461309280009842,1.62628759376759,0.538690719990158,0.689462979016758,0.999151688912796,0.048326872706202,0.21618031851453,0.781319282375949,"epsilon",0.048326872706202
"ECM10",0.399407025165521,0.017424131930309,0.123529005519414,0.793464373054773,0.656437678449851,1.58414157968653,0.343562321550149,0.400864109127502,0.996365142379166,0.0434664304774836,0.308156811015783,0.857054332696252,"epsilon",0.0434664304774836
"ECM13",0.303245450566889,0.0482791920964231,0.143428768462272,0.886581247368014,0.709054352976543,2.14535659050618,0.290945647023457,0.312271008853678,0.971097034207815,0.154606706122519,0.459308627428423,0.931708800286955,"epsilon",0.154606706122519
"ECM17",0.0961381239320396,0.380120510959711,0.351421282136901,1.37174984920137,0.89357387048372,-0.2170246574182,0.10642612951628,0.386683942548762,0.248621970952198,0.983026366324422,0.908807538840551,0.275227693228714,"eta",0.908807538840551
"ECM18",0.213878738957403,0.10022225611701,0.178452709981865,0.985814661147888,0.751044967254058,-1.3125993234532,0.248955032745942,0.249358842169036,0.857714677759123,0.401919800578282,0.715646208610862,0.998380609167168,"epsilon",0.401919800578282
"ECM19",0.203793860940212,0.0282141443186207,0.0513268702808557,0.885239631008733,0.8312947043564,1.10457004137312,0.1687052956436,0.204037788336392,0.998804498920673,0.138279014630882,0.251555707887964,0.826833583225575,"epsilon",0.01
"ECM21",0.0547581146806793,0.282659061914302,0.311666579566009,1.22519620616419,0.79746814238854,0.833562421845408,0.20253185761146,0.302873710675411,0.180795205231145,0.933257169412193,1.02903146948935,0.668700684386942,"eta",0.933257169412193
"ECM30",0.148363671720443,0.0445278934397002,0.00669145803087675,1.09077640262593,1.11725394961515,-0.167068495382891,0.117253949615145,0.148286358017374,1.00052138109063,0.300283141585305,0.0451252436187876,0.790726478031159,"xc",0.01
"ECM32",0.0924079130526836,0.160177493308523,0.205524405242795,1.10074116841342,0.823180822450989,2.96375753571432,0.176819177549011,0.203503819527816,0.454084416042387,0.787098216044192,1.00992898177374,0.868873999314997,"eta",0.787098216044192
"EDE1",0.362774581119361,0.286878476501268,0.179755270008919,0.583220751806846,0.876432376096637,-0.364303935623647,0.123567623903363,0.434711282809146,0.834518438939695,0.659928756961245,0.413504956317956,0.284252166414584,"scaling",0.413504956317956
"EGD2",0.290092817265038,0.115799410171372,0.0189439045513037,0.762435155535838,0.816338880650099,3.17143417162971,0.183661119349901,0.300280638879932,0.966072332692193,0.38563728451928,0.0630873326431093,0.611631572501545,"xc",0.0630873326431093
"EHT1",0.446438595894343,0.0254968695583277,0.134692475423425,0.764838153078613,0.619076276260302,1.94651040437951,0.380923723739698,0.447665028291462,0.997260379257681,0.0569552409658576,0.300877814685426,0.850912400268375,"epsilon",0.0569552409658576
"EKI1",0.264199890790545,0.025869022609602,0.147573902852006,1.05868036007289,1.29101187046208,3.4451921885787,0.291011870462081,0.296869151998188,0.889954005029653,0.087139476888996,0.497100833342585,0.980269820907012,"epsilon",0.087139476888996
"ELM1",0.854214183395146,0.323618689758667,0.202087418690043,0.135471754464472,0.6310280908234,4.34284009063128,0.3689719091766,0.939973061896012,0.908764535945443,0.344285068240039,0.214992776795554,0.392534556716285,"xc",0.214992776795554
"ELP2",0.159581148234025,0.112387801579978,0.177804694048871,1.02626779232716,0.789773822118118,-1.27871025660739,0.210226177881882,0.211860904323019,0.753235471848623,0.530479193124858,0.839252030085631,0.992283963639442,"epsilon",0.530479193124858
"ELP4",0.343118727362588,0.210530415839389,0.0694648688263882,1.28566286311281,1.22045884071369,-1.24724307316151,0.220458840713686,0.360839814613952,0.950889323922521,0.583445637961619,0.192508880708482,0.610960408982434,"xc",0.192508880708482
"EMI1",0.161788019658613,0.0742448411760084,0.141375011341428,0.992897280692856,0.808353700825109,1.66849962280932,0.191646299174891,0.191777873095381,0.843621931181537,0.387139767365564,0.73718103689217,0.999313925436934,"epsilon",0.387139767365564
"EMI5",0.00613753451970391,0.245219482539671,0.259611376875685,1.21265014606677,0.859059085062523,-1.57568211761015,0.140940914937477,0.255116495204901,0.0240577721749213,0.961205908472202,1.01761893783926,0.552457083671828,"eta",0.961205908472202
"EMP24",0.0595974936606368,0.278812695925422,0.30950941559659,1.21962777286877,0.794899465420581,-0.30310788422017,0.205100534579419,0.300503889991558,0.198325198593306,0.927817260313185,1.02996808329265,0.682522061811516,"eta",0.927817260313185
"EMP46",0.0309287052321207,0.363558153774894,0.369062504973403,0.699819392586535,1.23478828501599,2.92627698634338,0.23478828501599,0.381095704315683,0.0811573179174453,0.953981243183308,0.968424731095074,0.616087461383457,"eta",0.953981243183308
"EMP47",0.0729260644012625,0.106801000938961,0.0926033984927563,1.12123840529444,1.0048729703906,-0.224059174315548,0.00487297039060275,0.121336296130902,0.601024316108901,0.880206536251449,0.763196186513328,0.0401608632040788,"scaling",0.763196186513328
"EMP70",0.0135742286630071,0.390905101125888,0.432109713323411,0.690966404499169,1.31501491545019,-1.88610955391735,0.315014915450187,0.441289202342704,0.0307603915775519,0.885825211790051,0.979198473539435,0.713851401253066,"eta",0.885825211790051
"ENB1",0.197322826541438,0.00830966637814766,0.085603926267139,0.918683828459013,0.815446030325649,1.95117112758696,0.184553969674351,0.201674211233476,0.978423693017448,0.0412034157829316,0.424466399266272,0.915109416050698,"epsilon",0.0412034157829316
"ENO1",0.170578292094671,0.123097195826978,0.190859437239296,1.02949316939125,0.774850112743276,-0.750003353879923,0.225149887256724,0.227073377507043,0.751203394987949,0.54210316144683,0.840518775625189,0.991529212841079,"epsilon",0.54210316144683
"EOS1",0.157817601916406,0.4116287406352,0.46260975884956,1.2919887713248,0.650721820954304,0.0352806770002319,0.349278179045696,0.455250138865704,0.346661293304869,0.904181471884466,1.01616610156823,0.767222564535517,"eta",0.904181471884466
"EPT1",0.177229183453248,0.0747451552397257,0.145635311801643,0.984990499931544,0.795077440511594,1.37353809632633,0.204922559488406,0.205471507707479,0.862548707753493,0.363773819901771,0.70878592086343,0.997328348707823,"epsilon",0.363773819901771
"ERF2",0.314067520773434,0.183160756836746,0.27571073389596,0.994986445382095,0.628224858321475,0.195951624941772,0.371775141678525,0.371808945158658,0.844701357680935,0.492620630088895,0.741538732421592,0.999909083736222,"epsilon",0.492620630088895
"ERG4",0.218743563100037,0.139429355819011,0.217303181819684,1.01640611032368,0.726413546921069,1.58505111096074,0.273586453078931,0.274077922796169,0.798107198377726,0.508721586899591,0.792851826964885,0.99820682486125,"epsilon",0.508721586899591
"ERG5",0.0888902187796379,0.0914897377309127,0.0700853674014046,1.11329837683118,1.02917849630252,0.913895908317564,0.0291784963025168,0.116995328278769,0.759775796926148,0.781994794808532,0.599044153578592,0.249398815591954,"scaling",0.599044153578592
"ERG6",0.188438614526207,0.194340394787644,0.263580094106868,1.08109729345769,0.723562373233219,2.25489972850591,0.276437626766781,0.288087716674301,0.65410152401342,0.674587577114079,0.914929998229878,0.959560615627735,"eta",0.674587577114079
"ERP2",0.245854981939658,0.117034191189829,0.0273916915241857,0.789625985214728,0.851237585998699,-0.940831005885217,0.148762414001301,0.257657683596605,0.954192316362568,0.454223563435666,0.106310400457806,0.577364555656749,"xc",0.106310400457806
"ERV14",0.156200799786465,0.0507024108470126,0.0175184521505173,0.893126304068968,0.88458097269855,1.32745730780965,0.11541902730145,0.157300790669251,0.993007086117581,0.32232775583196,0.111369129652708,0.733747280038383,"xc",0.01
"ERV25",0.155460150328127,0.297322508846034,0.354010924902679,1.18971705845922,0.70249161943838,1.01773208509196,0.29750838056162,0.352850958302253,0.440583046950262,0.842629166367027,1.00328741235678,0.843155937546792,"eta",0.842629166367027
"ERV29",0.0925610350226351,0.216499440547765,0.172320147315522,0.792485605741482,1.05061965348313,1.99556240183765,0.0506196534831305,0.213599094434484,0.43334001610679,1.01357845697314,0.806745682942851,0.236984401161198,"scaling",0.806745682942851
"ERV41",0.0284871622925596,0.097835645421588,0.102009693207532,1.09785413523596,0.967072841458359,-0.0257219473274994,0.0329271585416409,0.103245481995113,0.275916793084543,0.947602195573253,0.988030577573943,0.318921059840656,"eta",0.947602195573253
"ERV46",0.17032891250767,0.147390181483306,0.214234784975532,1.05040428766506,0.762456666365493,2.74969809492401,0.237543333634507,0.242832097485519,0.701426682351279,0.606963342200245,0.882234215303053,0.978220491006848,"epsilon",0.606963342200245
"ESBP6",0.195431011840664,0.00603431363752082,0.0711672317086071,0.908019620107439,0.825252624272301,1.15526848491445,0.174747375727699,0.197476671049766,0.989641008235415,0.0305570962151783,0.36038298260898,0.884901364797976,"epsilon",0.01
"ESC1",0.493236085019244,0.00143269061215565,0.110433143016536,0.705779544261188,0.603940036360723,-0.140585875188481,0.396059963639277,0.493385418687156,0.99969732857467,0.00290379601401251,0.223827334237777,0.80273949865229,"epsilon",0.01
"EST2",0.656908060514908,0.183158816254509,0.0671745231204447,0.4225277042577,0.624205220158647,-0.349163578764996,0.375794779841353,0.688981834960758,0.953447576092224,0.265839833447773,0.0974982498983746,0.54543496036112,"xc",0.0974982498983746
"EST3",0.891218339160285,0.0574282300670541,0.0611155581664671,0.304227870368158,0.415884255661516,4.61103979166055,0.584115744338484,0.908454764507584,0.981026655348501,0.0632152885434888,0.0672741897056305,0.642977247915141,"epsilon",0.01
"ETR1",0.20712516521817,0.164742806036556,0.239257844544582,1.04490686764306,0.722928276502937,-0.381251930825509,0.277071723497063,0.28068731129701,0.737921369730177,0.586926445927697,0.852399930153631,0.9871188056801,"epsilon",0.586926445927697
"EUG1",0.0936636894255975,0.19210225818373,0.236708187595265,1.12777973952541,0.806043333160354,0.45225652555595,0.193956666839646,0.23226461298426,0.403262848447537,0.827083625505828,1.01913151794374,0.835067659888381,"eta",0.827083625505828
"EXO1",0.246909453706198,0.0112105854376663,0.0984322524588514,0.891812176718756,0.773733220662842,-1.73494690926648,0.226266779337158,0.250801237114062,0.98448259883944,0.0446990834920316,0.392471159997051,0.902175690761264,"epsilon",0.0446990834920316
"FAB1",0.740092103413704,0.108991924715328,0.00739648665347979,0.405865037788279,0.527776673300787,-0.208673276858558,0.472223326699213,0.758940856457995,0.975164398010857,0.143610564364656,0.00974580112605806,0.62221360555432,"xc",0.01
"FAU1",0.263338968101703,0.0876951677029012,0.175602092882241,0.945406581400146,0.718139466184821,2.52867945321572,0.281860533815179,0.287098940919322,0.917241168701155,0.305452773256814,0.611643123168422,0.981754000598646,"epsilon",0.305452773256814
"FBP1",0.165849511750317,0.0631423140139518,0.13159631707811,0.981430164201394,0.810987331051677,2.48458590974414,0.189012668948323,0.189922689072568,0.873247491177565,0.332463247662977,0.692894133506228,0.995208470727276,"epsilon",0.332463247662977
"FCY2",0.0994519188375467,0.189009955968608,0.235429846222467,1.12234340619024,0.802481529453396,-0.961216460418978,0.197518470546604,0.232339095387107,0.428046423576913,0.813509046567014,1.01330275832489,0.850130152299646,"eta",0.813509046567014
"FEN1",0.284402530185357,0.0992180968085945,0.190160779281373,0.941827283344296,0.695428049099935,0.502598600727986,0.304571950900065,0.310077632598961,0.917197824949821,0.319978245373532,0.613268289258764,0.98224418300427,"epsilon",0.319978245373532
"FET3",0.182598019944404,0.143500172144558,0.213378291569901,1.04038072594151,0.754162869332148,-1.05974674623358,0.245837130667852,0.249131487055662,0.732938345539628,0.576001748476282,0.856488652204075,0.986776635796847,"epsilon",0.576001748476282
"FET5",0.667732034766499,0.0813661148419806,0.521898781197976,1.08013746889103,1.9053663847472,1.59673258265811,0.905366384747203,0.908906103263963,0.734654583535762,0.0895209247135513,0.574205387469388,0.996105517936288,"epsilon",0.0895209247135513
"FHL1",0.0161590037571035,0.0145662838772321,0.00709534418168592,0.998186815083766,1.02124428702873,1.60895173843891,0.0212442870287264,0.0213215236533267,0.757872843415776,0.683172746660594,0.332778477610293,0.99637752789828,"xc",0.332778477610293
"FIG4",0.240173968338143,0.294159693673289,0.204651549534045,0.659656041377865,0.973008250186831,-0.669873643245452,0.0269917498131692,0.34141260188892,0.703471304249878,0.861595887339257,0.599425880596608,0.0790590319860281,"scaling",0.599425880596608
"FIT1",0.0848670842248268,0.0292749648248126,0.00772457771609821,1.05858608578099,1.06216733768105,-1.72881260958938,0.0621673376810483,0.0854231076552887,0.993490948225559,0.342705453224051,0.0904272617576675,0.727757856011451,"xc",0.0904272617576675
"FIT2",0.0123400274934008,0.0771200502749765,0.0876698126023753,1.07412291188593,0.96330508592867,-2.2652378889818,0.03669491407133,0.0827086620926216,0.149198731803711,0.932430150890524,1.05998344531553,0.443664703827962,"eta",0.932430150890524
"FIT3",0.317809879311212,0.164708510172249,0.0634726445452423,0.70596165894627,0.826780687431511,0.0974510343737842,0.173219312568489,0.341267455606786,0.931263365696956,0.482637613010567,0.185990909775987,0.507576417623821,"xc",0.185990909775987
"FKH1",0.043091729426642,0.139498655433007,0.137752309599829,1.13910292051106,0.95828569932644,-0.431058891776327,0.0417143006735604,0.145222950580786,0.296728094659325,0.960582710068304,0.948557435645812,0.287243169944789,"scaling",0.948557435645812
"FKS1",0.40654852812747,0.0346690252213777,0.0728494450308326,0.745238489612467,0.682571459672896,-2.20153706517984,0.317428540327104,0.407018802255047,0.998844588689831,0.0851779451693569,0.17898299692107,0.779886674935956,"epsilon",0.01
"FLO10",0.103621422533025,0.0875912537907958,0.0594853126167564,1.11464113856584,1.04599800806288,2.55847629366632,0.0459980080628755,0.123524926219063,0.838870547870306,0.70909780294431,0.481565255187954,0.372378348814401,"scaling",0.481565255187954
"FLX1",0.240609081202783,0.118145313915146,0.201028009191057,0.98523001064945,0.719877260466755,2.73309251880437,0.280122739533245,0.280511856770842,0.857750128542134,0.421177611795789,0.716647101855955,0.998612831407283,"epsilon",0.421177611795789
"FMO1",0.0419358808809024,0.186461402222285,0.204405896092986,0.864871611559931,1.16707803340171,-0.594151818530087,0.167078033401713,0.214883109172857,0.19515671121069,0.867734104090476,0.951242267853437,0.77752985818588,"eta",0.867734104090476
"FMP10",0.181380932264322,0.0467407570251334,0.0279292747375311,0.882845414677188,0.860846046144034,4.73567429173489,0.139153953855966,0.18190387498871,0.997125169959022,0.256953058465821,0.153538646382682,0.76498619869754,"xc",0.01
"FMP27",0.346837291824497,0.113772111561073,0.212633091521367,0.912590202373658,0.64003668755712,5.31894680196195,0.35996331244288,0.370424160964061,0.936324701179921,0.307140093845314,0.574025978672587,0.971759810445529,"epsilon",0.307140093845314
"FMP36",0.39146255709921,0.0596777369915303,0.164305066164217,0.834754156894681,0.637601160324532,3.60074563337252,0.362398839675468,0.398295251869405,0.982845151334026,0.149832910915789,0.412520775462547,0.909874867888941,"epsilon",0.149832910915789
"FMP42",0.0699625553504596,0.245129286584116,0.280497609828457,1.18516724566652,0.801367671349843,-0.389734285860519,0.198632328650157,0.271554250293952,0.257637489653454,0.902689927772326,1.03293397000719,0.731464627915569,"eta",0.902689927772326
"FMP43",0.0053702939802273,0.106781755606315,0.119980671285381,1.09679695376218,0.940279334839618,-1.73489298367087,0.0597206651603815,0.11373745251603,0.0472165839961153,0.938844270239525,1.05489149467693,0.525074756285443,"eta",0.938844270239525
"FMP45",0.0416809152955193,0.125792305037262,0.155783160730968,1.09396138611836,0.886528490092445,-3.047116456593,0.113471509907555,0.147324558855557,0.282918989334189,0.853844776556194,1.05741474429735,0.770214489620891,"eta",0.853844776556194
"FMP46",0.306447241025036,0.215753339288634,0.306043921970398,1.02868758870881,0.617616789459495,3.47967564888907,0.382383210540505,0.383457817040141,0.799168063362122,0.56265208244809,0.798116268257902,0.997197588751925,"epsilon",0.56265208244809
"FOB1",0.0787262418299899,0.308664470560685,0.343776247503288,1.23754341773938,0.764294213476966,-0.0617446873731916,0.235705786523034,0.33464024430984,0.235256348178787,0.922377017735189,1.02730096976916,0.704355768712613,"eta",0.922377017735189
"FOX2",0.115392624979732,0.217570185239983,0.164360631333647,0.781754583826199,1.02947998902735,1.64615200762277,0.0294799890273532,0.220227453860613,0.523970208785896,0.987933981099778,0.746322170339735,0.133861553183154,"scaling",0.746322170339735
"FPK1",0.040094715477845,0.17809004096943,0.177140403456998,1.17158414361239,0.935232062627114,-0.828566757410923,0.0647679373728863,0.183401210603244,0.21861750719074,0.971040705694668,0.96586278179052,0.353148908667786,"eta",0.96586278179052
"FPR1",0.0966652978443389,0.171888162261303,0.123996620954331,0.825617115713603,1.0154407486906,-1.87752180583046,0.0154407486906003,0.175065150878664,0.552167563670835,0.981852535462282,0.708288430518488,0.0882000136126587,"scaling",0.708288430518488
"FPR3",0.0222443685733015,0.0403078119323498,0.0364654196835984,0.978884376528177,1.04349969347396,0.266906327425601,0.0434996934739609,0.0483538301164693,0.460033228385875,0.833601223217703,0.754137150992271,0.899612158316801,"eta",0.754137150992271
"FPR4",0.179189749716508,0.123464613120698,0.061093289971032,1.16819927302693,1.10112733046511,0.971878057721605,0.10112733046511,0.196259349876097,0.913025289391992,0.629089076258755,0.311288557766045,0.515273950152967,"xc",0.311288557766045
"FRA1",0.0738254374706772,0.169586793828866,0.155197367476141,1.17613634260379,0.971748231899405,0.60078179507952,0.0282517681005946,0.178387705816995,0.413848236528213,0.950664133787572,0.870000355491736,0.158372842854863,"scaling",0.870000355491736
"FRE6",0.179166138704995,0.0682470821403884,0.139786164728247,0.978483113354129,0.796999916825621,1.27042404671301,0.203000083174379,0.204137233692768,0.877674961416616,0.334319618747759,0.684765646127197,0.994429480120706,"epsilon",0.334319618747759
"FRE7",0.0719960800438939,0.116793929282229,0.0765320418716745,0.879939788239423,1.00181111607661,2.11217334242086,0.00181111607661455,0.120073871385233,0.599598224104133,0.972683964752987,0.637374651027421,0.0150833487395767,"scaling",0.637374651027421
"FRE8",0.115763496171285,0.236195710149013,0.285340599673139,1.15566466668329,0.765248637552642,-3.37171306391152,0.234751362447358,0.281673020760796,0.410985389579055,0.83854573473544,1.01302069648856,0.833417988749142,"eta",0.83854573473544
"FTH1",0.010633320172205,0.120765805582647,0.139819520522845,1.10248870580662,0.917778401628537,0.914841889481992,0.0822215983714634,0.13139378241254,0.0809271182925479,0.919113548337286,1.0641258509771,0.625764757371168,"eta",0.919113548337286
"FTR1",0.0313496162410906,0.146136544739956,0.172134777281248,1.11580903965948,0.885296507971616,0.694242864964152,0.114703492028384,0.162998848923409,0.192330292196243,0.8965495505347,1.05604903604032,0.703707374536624,"eta",0.8965495505347
"FUI1",0.108882419361204,0.344846001138773,0.38675633314403,1.25578001950413,0.72170063259571,1.0973572804913,0.27829936740429,0.377986714416209,0.288058852886853,0.912323073765645,1.02320086498639,0.736267590341414,"eta",0.912323073765645
"FUM1",0.105577313061277,0.258104460949845,0.303421998863191,1.17993402556503,0.763790332968357,-0.581589369841944,0.236209667031643,0.296936458447316,0.355555237687355,0.869224554975418,1.02184150929053,0.795488934793611,"eta",0.869224554975418
"FUN12",0.0561292303978648,0.207698568590684,0.240169329118599,1.15853383200486,0.831773889631264,-0.290261037162558,0.168226110368736,0.231155791837324,0.242819917907857,0.898522018158437,1.03899334388133,0.727760741063866,"eta",0.898522018158437
"FUR4",0.0266632773486357,0.0129557965011543,0.0382975402473978,1.00479734907715,0.963519034599077,-0.340452570962363,0.0364809654009227,0.0367950457908588,0.724643135388074,0.352107090035828,1.04083415101802,0.991464057641855,"epsilon",0.352107090035828
"FUS1",0.0606644137999487,0.28577483098965,0.274322761877544,1.27421216366843,0.90206385260161,-0.196951114771683,0.0979361473983895,0.291176578163426,0.208342354260033,0.981448551913594,0.942118228079379,0.336346240539381,"eta",0.942118228079379
"FUS3",0.0281927699374815,0.0483972434448797,0.0475973231305112,0.97423186174326,1.05464174429762,0.373720496115535,0.0546417442976155,0.0604128890974803,0.466668129246237,0.801107912034921,0.78786702376888,0.90447163037423,"eta",0.78786702376888
"FYV1",0.0706944597434639,0.106437526987127,0.146507034148457,1.0647348426012,0.870555200934316,0.958212214397692,0.129444799065684,0.144729250159591,0.488460070549044,0.735425125672658,1.01228351550848,0.894392798435333,"eta",0.735425125672658
"FZO1",0.0939368946950059,0.0662428728125606,0.017091831933645,0.910973924998763,0.949159826580212,-1.27854370694185,0.0508401734197877,0.10252007249061,0.916278075238483,0.646145395757772,0.166716931800945,0.495904579314888,"xc",0.166716931800945
"GAD1",0.0252508991576137,0.193087078566362,0.215774059759143,1.15905345063462,0.866965504453558,-0.12624417577921,0.133034495546442,0.207355195652478,0.121776061979819,0.931189970710797,1.04060117268909,0.641577825565579,"eta",0.931189970710797
"GAP1",0.201496002829571,0.146600053793151,0.0659718899449208,0.792808601598042,0.90580674901971,3.68150516499349,0.0941932509802901,0.227597548541268,0.885317105219329,0.644119652134874,0.289862040991882,0.413858811678769,"xc",0.289862040991882
"GAS1",0.142849400298358,0.297700110483197,0.237975656673089,0.708306624136567,1.0616087623303,-0.0304782498366839,0.0616087623302994,0.298128604998711,0.479153619958659,0.998562719214696,0.798231543981223,0.206651630528932,"scaling",0.798231543981223
"GAS4",0.148108714180527,0.207031073236594,0.160734566677216,1.23302904658166,1.02442649220136,0.640888160793674,0.0244264922013628,0.234305761926638,0.63211725124754,0.883593606637023,0.686003474073943,0.10425049730109,"scaling",0.686003474073943
"GAT1",0.231894322380845,0.0842927330954394,0.16663419599729,0.961751088042381,0.745013778215717,0.162247156621589,0.254986221784283,0.257839005128715,0.899376423924231,0.326920021481467,0.64627225781493,0.98893579602897,"epsilon",0.326920021481467
"GAT4",0.204920109890769,0.0593185566827886,0.0196588020862604,1.11883512140782,1.16679629067141,-1.14361460725709,0.16679629067141,0.204799386380312,1.00058947203207,0.289642257875881,0.0959905321676796,0.814437453253254,"xc",0.01
"GCN2",0.177408915019588,0.086424166348656,0.157006213978822,0.994711256497829,0.788602889584371,0.701214671624923,0.211397110415629,0.211463257091887,0.838958585332385,0.408695900825467,0.742475152128194,0.999687195415566,"epsilon",0.408695900825467
"GCN20",0.0615894870851252,0.144269373817768,0.180472166389018,1.10115071646937,0.858823140214126,0.800347170937132,0.141176859785874,0.173673179222547,0.354628661494149,0.830694609631691,1.03914817012567,0.81288809485642,"eta",0.830694609631691
"GCN3",0.258639403192178,0.119764244563833,0.205833718766768,0.975592567692172,0.704637970704736,2.17231488304056,0.295362029295264,0.296368775516716,0.872694509538811,0.404105474185078,0.694518909449549,0.996603062452525,"epsilon",0.404105474185078
"GCN4",0.165734460606223,0.134212638132782,0.200415095364585,1.04158506470798,0.773138817986556,0.850343847410844,0.226861182013444,0.230641092416993,0.718581666733433,0.58191121419998,0.86894791064482,0.98361128815365,"epsilon",0.58191121419998
"GCN5",0.23472635256879,0.159297177535739,0.239597932329736,1.02409173182592,0.703170510562406,-0.445157645548502,0.296829489437594,0.297805569696329,0.788186576927153,0.534903285046594,0.804544832972913,0.996722424433734,"epsilon",0.534903285046594
"GCR2",0.0503311845705112,0.29668662975044,0.279794443085497,0.746097139354078,1.15516650207526,0.480567726925374,0.155166502075265,0.297562272491752,0.169145047015012,0.997057279022708,0.940288702403468,0.521458922785871,"eta",0.940288702403468
"GCV3",0.0730105911379898,0.131601111628377,0.117568227094529,1.14275055929779,0.991252941632278,-1.78383204363796,0.00874705836772205,0.14301829676625,0.510498256438607,0.920169758723017,0.822050253379004,0.0611604148944544,"scaling",0.822050253379004
"GCY1",0.128067265375615,0.10785424747347,0.16289943205778,0.955094166346188,1.20094547320819,0.981649043360099,0.20094547320819,0.205901959920267,0.621981769504319,0.52381360291682,0.791150468508707,0.97592792844713,"epsilon",0.52381360291682
"GDH1",0.209696611481028,0.185349785098832,0.259599510430395,1.06129909825938,0.710405305660519,0.216616127571334,0.289594694339481,0.296011260659101,0.708407548463245,0.626157885636279,0.87699200987276,0.978323235726463,"epsilon",0.626157885636279
"GDH2",0.04490715095316,0.247629815780647,0.274982047969033,1.19850304208698,0.822645657024907,1.11525638513154,0.177354342975093,0.266191699137884,0.168702296497603,0.930268737089272,1.03302262564767,0.666265490432238,"eta",0.930268737089272
"GDH3",0.0252805794710296,0.210382216902926,0.214454589229898,1.19432108568648,0.905048534707369,-1.70018946128092,0.0949514652926305,0.216278674638968,0.116888914328841,0.972736758508972,0.991566041302429,0.439023706110333,"eta",0.972736758508972
"GEF1",0.172767706726859,0.122555650181601,0.190862186830604,1.02784726497324,0.773291969668376,-0.296585580577726,0.226708030331624,0.228411911211597,0.756386590394622,0.536555425378265,0.835605226619694,0.992540315122205,"epsilon",0.536555425378265
"GEM1",0.150464838459963,0.167436639945116,0.119734001919456,1.19870042844377,1.04768617013471,-0.715955174508221,0.0476861701347147,0.204342435842032,0.736336717529789,0.819392404985101,0.585947805829317,0.233364009478573,"scaling",0.585947805829317
"GET1",0.252927286632699,0.188464433181267,0.271039932078116,1.0384553499313,0.673674702127529,-0.59151085749692,0.326325297872471,0.32858334402385,0.769750783881304,0.573566605273781,0.824874227521533,0.993127934837697,"epsilon",0.573566605273781
"GGA2",0.164583196499944,0.0117044496155044,0.0810904793165741,0.939463228564368,0.840871869006087,1.38975587363176,0.159128130993913,0.170254112342304,0.966691460403854,0.0687469421706067,0.476290870164344,0.934650733569233,"epsilon",0.0687469421706067
"GGC1",0.207878397541917,0.0459493544144856,0.0348356823919385,0.868586102089549,0.83843349981138,0.280664747391279,0.16156650018862,0.208262686401616,0.998154787752244,0.220631718568522,0.167267996940945,0.775782272764185,"xc",0.01
"GIC2",0.125382467841825,0.133258733348985,0.188984510273563,1.06164538341529,0.808166764508131,0.0207950486905741,0.191833235491869,0.201494772973635,0.622261639800607,0.66135082008515,0.937912718451962,0.952050679334348,"eta",0.66135082008515
"GIM4",0.148082647469851,0.00596017419301421,0.0594263779105463,0.933648921354497,0.865123210769321,-1.27407623501444,0.134876789230679,0.150313718304747,0.985157237409475,0.0396515651414498,0.395348997954165,0.897301927939998,"epsilon",0.01
"GIN4",0.0621794870012124,0.0101492257221731,0.0230036397952492,1.01777712465099,1.06406658013338,1.01141333384098,0.064066580133376,0.0664872382554971,0.935209351940129,0.152649229964578,0.34598579214331,0.963592139098648,"epsilon",0.152649229964578
"GIS1",0.239082109920647,0.0122328955393478,0.0979937341511028,0.897426806821085,0.779362735739178,3.7320734685479,0.220637264260822,0.243314739256418,0.982604303591693,0.0502760152415431,0.402744751306791,0.906797775322203,"epsilon",0.0502760152415431
"GLK1",0.0658974881270331,0.107402742784843,0.145890655102224,1.06770365558064,0.874354885264496,0.0660472650035383,0.125645114735504,0.142725189913626,0.461708883813102,0.752514274809102,1.02217874217238,0.880328937110133,"eta",0.752514274809102
"GLN3",0.375543022604455,0.0579486224181927,0.16117883593591,0.844802003896171,0.650026463734788,-0.0747460510015027,0.349973536265212,0.382841865632041,0.980935097013135,0.151364382060265,0.421006296345926,0.914146460151201,"epsilon",0.151364382060265
"GLO4",0.501925417159346,0.145992959128756,0.032564676673762,0.582303115233274,0.690220844118055,0.668577491194625,0.309779155881945,0.52003251144785,0.965180841793737,0.280738138318101,0.0626204630612362,0.595691902068724,"xc",0.0626204630612362
"GLR1",0.257081064927083,0.0121989398919392,0.0773875366247736,0.866358117904512,0.779230370959304,1.66551880364512,0.220769629040696,0.258068560186612,0.996173515833101,0.0472701513238111,0.299872005209832,0.855468906716323,"epsilon",0.01
"GLT1",0.241148449743219,0.260051847782142,0.337442860091804,1.10867449643071,0.648141156723939,-0.834384325927393,0.351858843276061,0.368259136704084,0.65483358241019,0.706165365263178,0.916319044007746,0.955465345477087,"eta",0.706165365263178
"GND1",0.0557698593645359,0.46200583112889,0.444219030358946,1.43226632997893,0.822335824029309,-1.29095436054312,0.177664175970691,0.467352906759757,0.119331362997608,0.988558805233631,0.950500197888566,0.380149932526299,"eta",0.950500197888566
"GND2",0.221409719285522,0.2719154735403,0.192509591460803,1.31195991820517,1.06406191581001,-1.39670270450541,0.0640619158100075,0.318469652594756,0.695230196916942,0.853819104347458,0.604483315418963,0.201155479927391,"scaling",0.604483315418963
"GNP1",0.0814201778933111,0.107276600109987,0.150750515998062,1.06057350295749,0.860502481024349,1.40751258295839,0.139497518975651,0.152081251510184,0.53537288182994,0.7053900401576,0.991249838498124,0.917256516437268,"eta",0.7053900401576
"GPA1",0.251030835613052,0.14193342000175,0.0509928315522284,0.767075834775183,0.862828856850007,5.58917772964678,0.137171143149993,0.270313871746815,0.928664274574024,0.525068947015378,0.188643043816819,0.507451364828483,"xc",0.188643043816819
"GPA2",0.00117709359087051,0.272397517717122,0.283236863100748,1.23966522743872,0.852985799854049,0.412401148514923,0.147014200145951,0.281162935480137,0.00418651764629076,0.968824419377873,1.00737624828489,0.522879019935174,"eta",0.968824419377873
"GPH1",0.443400555360316,0.0564082177841935,0.164933349813753,0.793234872134507,0.603022910530533,2.02366488610356,0.396977089469467,0.447596500952457,0.990625606806104,0.126024706770854,0.368486682676887,0.886908384280763,"epsilon",0.126024706770854
"GPM2",0.056590548475557,0.146572271026241,0.181082050861546,1.10534078594547,0.862135429666671,0.786328844652352,0.137864570333329,0.173503086245757,0.326164506350047,0.844781924043873,1.04368201615189,0.794594340172439,"eta",0.844781924043873
"GPM3",0.239478470790815,0.100264139794737,0.00632102354737919,1.163423439493,1.17731287917232,0.610996095353195,0.177312879172321,0.241137051686588,0.993121833064759,0.415797319795768,0.0262134064556566,0.735319926706158,"xc",0.0262134064556566
"GPR1",0.0379186646682667,0.386818755281721,0.379546944347713,1.35683086657911,0.836307339963916,-1.17815133636672,0.163692660036084,0.392585728590954,0.0965869666336627,0.985310282852279,0.966787421717953,0.416960292019784,"eta",0.966787421717953
"GPX1",0.489431294241224,0.0751267797153354,0.185890296587125,0.773467411175502,0.560786019039733,0.837546151313677,0.439213980960267,0.494192204380538,0.99036627834856,0.152019354108399,0.376149795442718,0.888751334130847,"epsilon",0.152019354108399
"GPX2",0.190427293540793,0.137415011697548,0.209298601681017,1.03082809781154,0.750783604713637,-0.180347356985879,0.249216395286363,0.251115876228897,0.758324389522925,0.547217538616683,0.83347419057741,0.992435838900117,"epsilon",0.547217538616683
"GRX8",0.153209783362741,0.0752117455126582,0.140129705933282,0.998237402496288,0.815114880485534,0.97138780748991,0.184885119514466,0.184893521162421,0.82863792305709,0.406784104925927,0.757894084402146,0.999954559532959,"epsilon",0.406784104925927
"GSH1",0.15199411585504,0.278433835621744,0.335188751035559,1.17468457931234,0.714125275134864,-1.61975390104055,0.285874724865136,0.335020985262486,0.453685358652844,0.831093716125256,1.00050076198344,0.853303934501761,"eta",0.831093716125256
"GSH2",0.265412630695861,0.0447079169165581,0.134225573837229,0.908027065047395,0.740224206501558,-0.852563156594659,0.259775793498442,0.275576638435737,0.963117309952068,0.162234060079747,0.48707167123867,0.942662610927449,"epsilon",0.162234060079747
"GSY1",0.0563100700571859,0.273276262709204,0.263884091400573,1.26148653416455,0.903798135325544,-1.53963010031321,0.0962018646744556,0.278621618537095,0.202102300434698,0.980814999726307,0.947105586372295,0.345277818640077,"eta",0.947105586372295
"GTO3",0.327220309643096,0.0592500628339699,0.0869907408192511,1.14689940087487,1.29931263097151,0.256331994115672,0.299312630971513,0.333417883498298,0.981411993291495,0.177705113511922,0.260906043510696,0.897710188281011,"epsilon",0.01
"GTR1",0.311695846382621,0.0365686264707918,0.133158939515172,0.871182438996109,0.709276492947844,0.311772997693714,0.290723507052156,0.317984467506977,0.980223495903246,0.115001297885688,0.418759257517037,0.914269521814856,"epsilon",0.115001297885688
"GTT2",0.277626330279389,0.187604638210941,0.27446192342857,1.02239298742382,0.654431768566887,1.88388188454732,0.345568231433113,0.346293009547656,0.80170931155104,0.541751155924282,0.792571365466154,0.997907037986445,"epsilon",0.541751155924282
"GUT2",0.291541670281757,0.0931724829636684,0.185378461215378,0.93208090246219,0.693180810777849,0.393137435960252,0.306819189222151,0.314246748090237,0.927747612516391,0.296494660740017,0.589913697888596,0.976363927667589,"epsilon",0.296494660740017
"GYP1",0.12579117403992,0.201019004468344,0.254389520564057,1.11991482859736,0.773570663767503,0.254060444092555,0.226429336232497,0.256222189562541,0.490945668112075,0.784549553696158,0.992847344714317,0.883722587099458,"eta",0.784549553696158
"GYP5",0.0825130574669884,0.307233180445345,0.286626785528643,1.30116914587434,0.912791114321166,-1.0411691933811,0.0872088856788343,0.313541455262336,0.263164746103353,0.97988057173584,0.914159134998037,0.278141484053099,"eta",0.914159134998037
"GYP6",0.0653542585538845,0.218956967157215,0.253937758337444,1.16426376322856,0.818020540039756,0.300483314764277,0.181979459960244,0.245151193669197,0.266587560010303,0.893150728250877,1.03584141091356,0.742315210611637,"eta",0.893150728250877
"GYP7",0.29436549613627,0.245780513233043,0.333070607372148,1.06314697053568,0.612267252067135,0.291054641289099,0.387732747932865,0.392841219460744,0.749324361991208,0.625648483553806,0.847850456806332,0.986996090850926,"epsilon",0.625648483553806
"GZF3",0.186159380482449,0.195557397791999,0.264229513510796,1.08341744218146,0.724864276511124,0.0536843480705038,0.275135723488876,0.287503279981021,0.647503501506968,0.680191884436616,0.919048692342707,0.956982902967364,"eta",0.680191884436616
"HAC1",0.103632335681455,0.148432960016249,0.197482633860663,1.08529823979094,0.819302185071064,0.251210043569322,0.180697814928936,0.199818642852773,0.518631966476778,0.742838395342394,0.98830935412853,0.904309089227849,"eta",0.742838395342394
"HAP4",0.289533794552827,0.105201993099056,0.196740903674571,0.943615269342206,0.688217003868452,0.942098224245942,0.311782996131548,0.316840455952388,0.913815736322306,0.332034596979829,0.62094628377929,0.984037834418469,"epsilon",0.332034596979829
"HBS1",0.0523742633094652,0.494188852074624,0.510507138847928,1.41832863879739,0.710883662109961,0.145324962370758,0.289116337890039,0.508514608318214,0.102994609108045,0.971828230675676,1.0039183348858,0.568550702695089,"eta",0.971828230675676
"HCM1",0.261226300191393,0.0759005844901793,0.0157512488060223,0.812481569088373,0.813876421476159,0.883165103007909,0.186123578523841,0.264206639610134,0.988719664944308,0.287277354581925,0.0596171573479946,0.70446215431409,"xc",0.01
"HCR1",0.0303206950880139,0.0256922483029051,0.000579809226588365,0.97123899588088,0.983361079893947,1.37919252815747,0.0166389201060528,0.0332272331113444,0.912525427152159,0.773228641000904,0.017449819689934,0.500761530467971,"xc",0.01
"HCS1",0.0312231109549043,0.02101836824497,0.04814451258592,1.00968772014888,0.95449061530151,1.16631176707256,0.0455093846984895,0.0465290878625193,0.671044982595833,0.45172534452155,1.03471859857158,0.978084608771125,"epsilon",0.45172534452155
"HDA2",0.0812051469440738,0.367959917990162,0.400676779754536,1.28974551546806,0.736157698531168,2.32777524269068,0.263842301468832,0.391873989667878,0.20722259982832,0.938975098352449,1.02246331810417,0.673283525891688,"eta",0.938975098352449
"HEF3",0.206128404994647,0.0291724263905623,0.107877559640293,0.930841988095125,0.796370018543553,2.9724946185803,0.203629981456447,0.215053481623962,0.958498339287893,0.135651960481033,0.501631309689399,0.946880654610884,"epsilon",0.135651960481033
"HFI1",0.880510124384501,0.254588626035111,0.132986007063509,0.160425191238021,0.566580661536024,1.04073675885918,0.433419338463976,0.944848232502059,0.931906410040919,0.26944922716417,0.140748537689855,0.45871847303586,"xc",0.140748537689855
"HHO1",0.112534317360558,0.0134585440298653,0.0507055789186073,1.030675578573,1.11758677292894,-0.236559416298465,0.11758677292894,0.121522180233201,0.926039321748544,0.110749691982471,0.41725369657871,0.967615728283437,"epsilon",0.110749691982471
"HIM1",0.090542606111355,0.110553811388902,0.156783174094166,1.05913288798639,0.850640751006951,0.731272201885432,0.149359248993049,0.160638985621107,0.563640300399521,0.688212833027105,0.975997037630484,0.929782072611796,"eta",0.688212833027105
"HIR1",0.116175810653154,0.334708418522102,0.299817063792269,1.33730860248465,0.932347548468227,-2.18691519521528,0.0676524515317731,0.344026085505744,0.337694772425082,0.972915812561293,0.871495146513426,0.196649191390004,"scaling",0.871495146513426
"HIR2",0.355257953143455,0.366238813372889,0.223355150284587,1.43057117441967,1.1529924788218,-3.32813095476289,0.1529924788218,0.45694445484892,0.777464195863617,0.801495257216718,0.488801533565902,0.334816359402773,"scaling",0.488801533565902
"HIR3",0.0384461808370994,0.268694434006536,0.293085357450716,1.21992060717371,0.818598830277016,0.145742651938043,0.181401169722984,0.28508149332519,0.134860317969656,0.94251798274411,1.02807570576459,0.636313383963025,"eta",0.94251798274411
"HIS4",0.0854340990777592,0.164544365801511,0.207643179541334,1.1077713043133,0.827132764838614,-0.52557282238318,0.172867235161386,0.203709928638078,0.419390943038157,0.807738566802254,1.0193080962207,0.848595040590832,"eta",0.807738566802254
"HMG1",0.0126235587135699,0.217051016176527,0.209959683685437,0.822374048963123,1.13222038938909,1.20219313733683,0.13222038938909,0.221434436915213,0.0570081098921547,0.980204430712084,0.94817990647873,0.597108522193036,"eta",0.94817990647873
"HMG2",0.0634998046739156,0.136934495565379,0.173949029381238,1.09400325595162,0.860916130006141,-0.262632194360215,0.139083869993859,0.167871781494015,0.378263720732477,0.815708836510208,1.03620172391772,0.828512503745708,"eta",0.815708836510208
"HMO1",0.345668323367735,0.119193634366791,0.0155494394642692,0.721862557429766,0.777632848815918,2.78604196998761,0.222367151184082,0.356100529184154,0.970704323747231,0.334719059923529,0.0436658701403613,0.624450493498387,"xc",0.0436658701403613
"HMT1",0.0477691724018457,0.197630362268689,0.227735640844292,1.15341686750422,0.844260376540414,-0.424478578779507,0.155739623459586,0.218612821101922,0.218510388187959,0.904019998792978,1.04173048815886,0.712399312513224,"eta",0.904019998792978
"HMX1",0.104984515415032,0.0765101675941939,0.0474554301798583,1.10549493438174,1.05383485013384,1.14928461194102,0.0538348501338353,0.118437208127938,0.886414979502275,0.6459977299663,0.400680081284897,0.454543390415638,"xc",0.400680081284897
"HOG1",0.179711047819732,0.0650005394678653,0.00952485188533575,0.869112329188157,0.873218467080549,0.789854947031799,0.126781532919451,0.182222774262591,0.986216177132506,0.35670919692067,0.0522703702864826,0.69575020703369,"xc",0.01
"HOM2",0.629581399783385,0.186216623409192,0.0704265878941785,0.444108612599704,0.641527812787604,0.152508357526603,0.358472187212396,0.661451089341203,0.951818524345375,0.281527427212587,0.106472857977031,0.541948139460212,"xc",0.106472857977031
"HOM3",0.730176654316748,0.166410206369626,0.0499578674792333,0.369683456816851,0.573226908914326,2.2252137377378,0.426773091085674,0.761205764484988,0.959236895441493,0.2186139597645,0.0656299121867968,0.560654045196856,"xc",0.0656299121867968
"HOP1",0.00837782328120538,0.00126668495054854,0.0192953672080548,1.00223858048299,0.987842121308046,0.457695395470313,0.0121578786919539,0.012362251286359,0.677693980420041,0.102463938097283,1.56082955774779,0.983468011637125,"epsilon",0.102463938097283
"HOR7",0.0249688635159129,0.232709220560445,0.236310900785921,1.21385202662995,0.893821081352535,-3.05665977793033,0.106178918647465,0.238760658524143,0.104576958659159,0.974654794466123,0.989739692655546,0.4447086019271,"eta",0.974654794466123
"HOS2",0.00933535624361875,0.0656860741753164,0.0846300022128011,1.05604004357991,0.949296571512561,-0.701970914317268,0.0507034284874389,0.0755733031223276,0.123527169753424,0.869170348012881,1.11983992648586,0.670917194202392,"eta",0.869170348012881
"HOT1",0.0678310643298079,0.26348510854696,0.297412935013831,1.20234024049875,0.794642508273822,-0.881635094919529,0.205357491726178,0.288293725795689,0.235284566608568,0.913946731999604,1.03163166035949,0.712320364098777,"eta",0.913946731999604
"HPR1",0.860005010592216,0.0729905532945496,0.0448755692030788,0.321890314792417,0.44189557448967,3.4832186992413,0.55810442551033,0.878244439177694,0.979231945262806,0.0831096105349566,0.0510969010462464,0.635477323412246,"xc",0.01
"HRB1",0.0164845812455528,0.0124054061415204,0.0338022005637664,1.00838237400989,0.973457789379721,1.270309070457,0.0265422106202786,0.0278343877003425,0.592237969199157,0.445686331421176,1.21440431626058,0.953576234764884,"epsilon",0.445686331421176
"HRD1",0.020703027238265,0.279762775692719,0.283381600282086,1.2539105972022,0.867578046028322,-0.0267746480884863,0.132421953971678,0.286367186083279,0.0722953894314006,0.976937265470634,0.989574274056926,0.462420138923209,"eta",0.976937265470634
"HRD3",0.133319797764061,0.176915412372344,0.233258249614043,1.09520010958953,0.779026247139917,1.05550522531582,0.220973752860083,0.240608520877644,0.554094249354777,0.735283238212126,0.969451326009609,0.91839537541754,"eta",0.735283238212126
"HSC82",0.0158480736288789,0.0485500600438327,0.0286798232473912,0.958036635691942,1.01147649880445,0.532498335881779,0.0114764988044502,0.0435044132112981,0.364286573684049,1.11598011466166,0.659239399646541,0.263800795305746,"scaling",0.659239399646541
"HSE1",0.187553420111339,0.239609067167766,0.306698232897897,1.12126272331056,0.702238089866348,-0.427481076463164,0.297761910133652,0.321507081090191,0.583357042947136,0.745268397682817,0.953939278282522,0.92614417425575,"eta",0.745268397682817
"HSL7",0.0460483607788331,0.127477653923784,0.158923212142107,1.0935347337901,0.881660212841089,-0.400491857380328,0.118339787158911,0.150841147072018,0.305277185122756,0.845111936618466,1.05357997619993,0.78453253277377,"eta",0.845111936618466
"HSP104",0.0342220074562022,0.181762982662257,0.207840987995617,1.14542592710542,0.864455591984194,-0.0865790980521811,0.135544408015806,0.198798860205048,0.172143881614333,0.914305959675926,1.04548380096969,0.681816826696093,"eta",0.914305959675926
"HSP12",0.222789880149622,0.166687044700216,0.244363394225871,1.03752988662598,0.709093575818145,0.371203370530461,0.290906424181855,0.293317302627091,0.759552464700201,0.568282345457587,0.833102554937041,0.991780647020674,"epsilon",0.568282345457587
"HSP40",0.666867235411734,0.042924672115878,0.0728304430903531,0.525400523826929,0.523458280864896,2.83000608723803,0.476541719135104,0.672559791289959,0.991535985421746,0.0638228342993107,0.108288428826031,0.708549225372371,"epsilon",0.01
"HSP82",0.241709381790749,0.0458562578983103,0.157394028307745,1.03628791792458,1.2807878127668,4.38297570626407,0.280787812766802,0.283122957009257,0.853725831151326,0.161965876531909,0.555921109225343,0.991752190401224,"epsilon",0.161965876531909
"HST1",0.017187977741258,0.0118853248575549,0.004767740496856,1.00080323423862,1.02058245871827,2.64531149614885,0.0205824587182708,0.0205981259373616,0.83444376413302,0.57701001021636,0.231464770695867,0.999239386187924,"xc",0.231464770695867
"HST2",0.0286216915048353,0.00943959995459085,0.0355021946428955,1.0010783152252,0.963758969192723,2.33753477207599,0.0362410308072766,0.0362570693479062,0.78940995561982,0.260351984436822,0.979179930463567,0.999557643766635,"epsilon",0.260351984436822
"HST3",0.483264599076821,0.0797959744908499,0.032455053461974,0.649636552100102,0.659240553026719,0.953009275216579,0.340759446973281,0.488744868337091,0.988787055137957,0.163267135187216,0.0664048986793443,0.697213350050473,"xc",0.01
"HST4",0.131186351317063,0.103271975788471,0.0421198280494013,0.863755225087456,0.938789162797093,1.49638288049034,0.0612108372029074,0.149363333124468,0.878303587452371,0.69141451002846,0.281995769432261,0.409811671462227,"xc",0.281995769432261
"HTA1",0.0368621158806967,0.158660035679337,0.186257742765557,1.12428863537366,0.873792381337278,-1.82659921592284,0.126207618662722,0.177132797334546,0.208104407740348,0.895712358562711,1.05151471420494,0.712502825912904,"eta",0.895712358562711
"HTD2",0.0991050763343867,0.0807845879669884,0.0299852523297929,0.896895734437545,0.953520565085262,1.80372119211855,0.0464794349147377,0.113096540385489,0.876287426623197,0.714297605316966,0.265129704477151,0.410971323758558,"xc",0.265129704477151
"HUA1",0.0692333978739429,0.233703551453921,0.269314956418082,1.17544568125094,0.807456359205008,-1.74425314670545,0.192543640794992,0.26048846554156,0.265782969430164,0.897174279744199,1.03388438278129,0.739163787520076,"eta",0.897174279744199
"HUR1",0.122220845157522,0.00275136074302417,0.0606402434407203,0.953800273960986,0.882546291538753,0.549134178228208,0.117453708461247,0.126213265219546,0.968367666781461,0.0217992992910707,0.480458558260397,0.930597178172497,"epsilon",0.0217992992910707
"HXK1",0.0803883741426102,0.181679911146446,0.222664471783191,1.12493214544013,0.822978176726544,-0.577259420311447,0.177021823273456,0.216667410745898,0.371021991105472,0.838519787175174,1.0276786481947,0.817020993900476,"eta",0.838519787175174
"HXK2",0.0561297179295069,0.342749109661671,0.369256912966375,1.27834500172484,0.769385679424616,1.75142607259358,0.230614320575384,0.361467709262729,0.155282799794185,0.948215015832984,1.02154882304572,0.637994251397334,"eta",0.948215015832984
"HXT2",0.16463182687184,0.114135679628794,0.180749575908953,1.02506362101322,0.784575861520491,2.29651809472151,0.215424138479509,0.216877256848045,0.759101388797024,0.526268550642741,0.833418766614128,0.993299812116516,"epsilon",0.526268550642741
"HYR1",0.372124160002298,0.0649572761071474,0.167705250550085,0.853173892825723,0.648524751923576,1.36838410542593,0.351475248076424,0.380910430099171,0.976933500889998,0.170531628893006,0.440274766186954,0.92272413749583,"epsilon",0.170531628893006
"ICL1",0.173586516845275,0.216133616673316,0.281017051283359,1.10825433456293,0.725321010531554,1.11889105676184,0.274678989468446,0.295241508272584,0.587947534413115,0.732057013046314,0.951820944580422,0.930353564021382,"eta",0.732057013046314
"ICY1",0.194079120840357,0.011002425172902,0.0659984943210714,0.904728765750916,0.829248215273252,1.47994488551949,0.170751784726748,0.195532043570136,0.992569388100023,0.0562691667923754,0.337532882672493,0.873267530012289,"epsilon",0.01
"ICY2",0.0727693675217545,0.0122296637453854,0.00447375463277093,1.04018353048062,1.06059808236066,-0.961241763309817,0.0605980823606649,0.072710684962229,1.00080706927126,0.168196238994838,0.0615281596521187,0.833413718934758,"xc",0.01
"IDH1",0.0112719886005862,0.310785848961202,0.316526898274044,1.2779197437666,0.84472667058729,-0.564567334004787,0.15527332941271,0.318353876687881,0.035407103308616,0.976227625039733,0.994261171144372,0.487738145450455,"eta",0.976227625039733
"IDH2",0.106058627640485,0.23967277221747,0.285946335359819,1.16345042399149,0.772068220932072,0.287892982252437,0.227931779067928,0.280479833521177,0.378132810152559,0.854509820576367,1.01948982131804,0.812649437952261,"eta",0.854509820576367
"IDP1",0.132181355434711,0.204180974217581,0.259143620185021,1.11945868285312,0.766493740263463,-0.131342092986706,0.233506259736537,0.262289058569262,0.503952990474464,0.778457840869728,0.988007740767385,0.890263059428672,"eta",0.778457840869728
"IDP2",0.047474380114818,0.165653306451659,0.19663617311544,1.1257809322271,0.860579221227524,-0.122760269436788,0.139420778772476,0.187773790677615,0.252827510929498,0.882196103374544,1.04719712163153,0.742493285507798,"eta",0.882196103374544
"IDP3",0.055877541712082,0.164294171976539,0.19808200713338,1.12093459447546,0.853681325342316,0.187279656814342,0.146318674657684,0.189827107375434,0.294360181138773,0.865493733998715,1.04348641177796,0.770799685464837,"eta",0.865493733998715
"IES4",0.0454474256203758,0.109121810289274,0.106452255997708,1.11370231254778,0.977038609594451,0.609737840492274,0.0229613904055493,0.115997591906337,0.391796285366619,0.940724790023104,0.917710913202952,0.197947130006713,"scaling",0.917710913202952
"IFM1",0.363451592829444,0.128707156650174,0.229002545391733,0.913883242090524,0.619594410441303,2.40510663392367,0.380405589558697,0.390031419965545,0.931852087356324,0.32999176492382,0.587138711573449,0.975320371862097,"epsilon",0.32999176492382
"ILM1",0.882132289910237,0.0521886106248615,0.0660308264041197,0.317417079370588,0.416473899770631,3.56759633020627,0.583526100229369,0.898010107506521,0.982318887656653,0.0581158387735436,0.0735301594627543,0.64979903383229,"epsilon",0.01
"IMD3",0.248194933123846,0.140765389019857,0.224257485847739,1.00000647294659,0.701914448042695,1.96210049148316,0.298085551957305,0.298085552027585,0.832629865606094,0.472231505560627,0.752325915571331,0.999999999764228,"epsilon",0.472231505560627
"IMG1",0.0198287639218455,0.240441733779163,0.245706862409185,1.21870307314703,0.885311815734877,0.890806471847717,0.114688184265123,0.246950225377478,0.0802945771421595,0.973644520516771,0.994965127217876,0.464418220675101,"eta",0.973644520516771
"IMG2",0.213167513272964,0.0656311828899227,0.1447992273754,0.957101627591806,0.770356257448569,-0.874713145706104,0.229643742551431,0.2336161784815,0.912468967939415,0.280935949370134,0.619816779456767,0.982995886860706,"epsilon",0.280935949370134
"IMH1",0.399681318670922,0.236466816270954,0.337436968154685,0.98322356751528,0.536217373368529,1.62899657356308,0.463782626631471,0.464085954810207,0.861222613027315,0.509532369639715,0.727100151722289,0.999346396555226,"epsilon",0.509532369639715
"IMP1",0.27831985292487,0.142622892331661,0.0470998447743359,0.749256848229834,0.842150118846428,4.58775561429297,0.157849881153572,0.296291601534423,0.939344387365417,0.481359888680786,0.158964494877402,0.532751790250232,"xc",0.158964494877402
"IMP2",0.169418360767616,0.0292823056757903,0.099489120556944,0.951362533365081,0.826809627629371,1.02403627759178,0.173190372370629,0.179890267225717,0.941787253865372,0.162778710195857,0.553054493115573,0.962755656776686,"epsilon",0.162778710195857
"INH1",0.21266378761602,0.184778282790379,0.25967307200338,1.05909897452153,0.708248656981706,1.16811534297327,0.291751343018294,0.297676896890696,0.714411463695511,0.620734375829737,0.87233196366841,0.980094008187078,"epsilon",0.620734375829737
"INM1",0.117649755718696,0.132540427850466,0.0760745573594527,0.847075596154105,0.969732835727364,0.715919476886438,0.0302671642726359,0.155890905843571,0.754692873725117,0.850212699279994,0.487998686952207,0.194156061310001,"scaling",0.487998686952207
"INO2",0.00159092394862473,0.178050382832911,0.192777508521801,1.15560262551699,0.896283074682967,2.10066236126334,0.103716925317033,0.18700100979674,0.008507568757805,0.952135943150479,1.03089020070715,0.554632969253844,"eta",0.952135943150479
"INP51",0.0530348747431484,0.226327198760096,0.257124690939988,1.17620760291897,0.825502601968179,-0.142493392349077,0.174497398031821,0.247988832906495,0.213859931197569,0.912650767808703,1.03683979607637,0.703650224837407,"eta",0.912650767808703
"INP52",7.87025180347669e-05,0.198953994575872,0.212565474467393,1.17449998298061,0.887314394897484,-0.790027559009214,0.112685605102516,0.207721663910032,0.000378884496461834,0.957791261782122,1.02331875484812,0.542483643647884,"eta",0.957791261782122
"INP53",0.0654118949205785,0.265284800597302,0.298387785413348,1.20502572578889,0.795962796764004,-0.205193722434829,0.204037203235996,0.289252015618955,0.226141535368759,0.91714071561311,1.03158411800465,0.705395959987997,"eta",0.91714071561311
"INP54",0.134822802813523,0.180093690283424,0.139568248477828,1.20515557317756,1.02546976647158,0.36099325854676,0.0254697664715808,0.206730544936955,0.652166823507569,0.871151819090622,0.67512156232351,0.123202724973942,"scaling",0.67512156232351
"IOC2",0.0871967994681204,0.131055586067144,0.0854250894409582,0.862025926433608,0.996893473318047,-0.27696207825485,0.0031065266819531,0.138009041314437,0.631819470939248,0.949615944136223,0.618981833562103,0.0225095881571647,"scaling",0.618981833562103
"IPK1",0.132121162332767,0.392951447130941,0.349480822681264,1.39541104102829,0.922253758311555,-0.761050260812426,0.0777462416884455,0.402981847561095,0.327858843102694,0.975109547760378,0.867237134368143,0.192927403948781,"scaling",0.867237134368143
"IRA2",0.572746279537479,0.239727559602922,0.124387739800852,0.452284501242673,0.7112585023089,-0.22598193138381,0.2887414976911,0.619163887890668,0.925031790030065,0.387179492039842,0.20089630909291,0.466340985542242,"xc",0.20089630909291
"IRC21",0.274075229262847,0.0140755914470633,0.107555259544475,1.09573175466076,1.27242013496703,0.441074553090693,0.272420134967035,0.288751274951099,0.949174092163793,0.0487464218104217,0.372484102668255,0.943442189175337,"epsilon",0.01
"IRC24",0.270539833937496,0.194582168657425,0.279997019334757,1.03294418540478,0.656524195230148,-0.0680533451049685,0.343475804769852,0.345052094348494,0.784055040872345,0.563921134937096,0.811463033903418,0.995431734499054,"epsilon",0.563921134937096
"IRC3",0.14096334239654,0.155878061241429,0.112316819884922,1.18568800967166,1.04455381197643,-3.71126114032317,0.0445538119764308,0.19095831769644,0.738189067106389,0.816293645240547,0.588174535887297,0.23331694850421,"scaling",0.588174535887297
"IRC5",0.365432272279981,0.00681928307097197,0.187078535580107,1.09620288573286,1.3935795293777,1.36080508750549,0.3935795293777,0.405166436379546,0.901931254586094,0.0168308192848035,0.461732559221312,0.97140210550167,"epsilon",0.0168308192848035
"IRC6",0.0651816737863486,0.0340846716572717,0.0216697201771047,1.05626720969652,1.03961575140834,-1.58344500859175,0.0396157514083404,0.0688142910061559,0.947211296277364,0.495313853545662,0.314901452303944,0.575690758839563,"xc",0.314901452303944
"IRE1",0.110380598908682,0.0185002544764196,0.0726134306273572,0.972528579472995,0.883900676658526,-0.658163080550083,0.116099323341474,0.11930520452235,0.925195169402726,0.15506661717305,0.608635900823207,0.973128739909456,"epsilon",0.15506661717305
"ISA1",0.0797774389382315,0.124934519542526,0.167452851871391,1.07637414719114,0.852616525700975,1.42487437307719,0.147383474299025,0.16599668326694,0.480596584028979,0.752632625446008,1.00877227529968,0.887869994739697,"eta",0.752632625446008
"ISA2",0.0143981508416176,0.393259072006858,0.393937853044166,1.35358324122883,0.811909597222629,1.47574838723755,0.188090402777371,0.400498574398013,0.0359505670232643,0.981923774879756,0.983618614963341,0.469640629957519,"eta",0.981923774879756
"ISC1",0.723228520451238,0.0788866430477777,0.0373178052626546,0.44549967099613,0.516097263586698,0.466691961326938,0.483902736413302,0.735956841923276,0.982705070804457,0.107189224359438,0.0507065131226065,0.657515099864713,"xc",0.01
"ISM1",0.0695631410624657,0.283423551840211,0.316983870022097,1.21923719986491,0.783883369998056,-0.650404717233507,0.216116630001944,0.307849553464034,0.225964729458647,0.920656043353083,1.02967136529932,0.70202028091359,"eta",0.920656043353083
"ISW1",0.125449239128591,0.149869091512588,0.205058174438443,1.07584332933546,0.7995369061284,-0.492495034704097,0.2004630938716,0.214330731835779,0.585306820231037,0.699242195596191,0.956737154219954,0.935297948897013,"eta",0.699242195596191
"ISW2",0.078579034707447,0.184704743149267,0.225029969790805,1.12838942674608,0.823075146105104,1.28757163730819,0.176924853894896,0.218600660625528,0.359463848291182,0.844941376758572,1.02941120647522,0.809351871987138,"eta",0.844941376758572
"ITC1",0.379378709434864,0.114989557398131,0.217258113521533,0.890734951175867,0.61536515640543,1.5598460287543,0.38463484359457,0.399853490420629,0.948794292218816,0.28757922627402,0.543344296664729,0.961939442344123,"epsilon",0.28757922627402
"ITR1",0.0670549132548778,0.198177778991872,0.23445232076743,1.14535081593342,0.826663515453604,-2.34942791228228,0.173336484546396,0.226213166211459,0.296423565338352,0.876066509792008,1.03642208229502,0.766252855434439,"eta",0.876066509792008
"IWR1",0.282565310381934,0.415996277375196,0.30690640952293,1.45942394377186,1.05840336221298,-3.64703002850007,0.0584033622129836,0.46312127226966,0.610132436795962,0.898244806023454,0.662691238557984,0.126108139940886,"scaling",0.662691238557984
"JHD1",0.117201255380587,0.245094139142576,0.294244026490308,1.16278813795007,0.759766343429848,-0.18480795055666,0.240233656570152,0.290193362443592,0.403872970745044,0.844589059786708,1.01395849998983,0.827839942813472,"eta",0.844589059786708
"JHD2",0.216338230497058,0.0621811805570254,0.142106549240991,0.95237001827385,0.769669556666065,0.582669514128717,0.230330443333935,0.23520358901522,0.91979136629186,0.264371733515519,0.604185292562841,0.979281159349276,"epsilon",0.264371733515519
"KAP120",0.279810064140865,0.409062766028625,0.486345647448444,1.22082278117968,0.549146531320797,0.50401991683257,0.450853468679203,0.502027440393449,0.557360099522791,0.814821527899021,0.968763076112504,0.898065389266092,"eta",0.814821527899021
"KAR3",0.744240248835775,0.0943518516596874,0.0220286477769907,0.413798925766868,0.515451346408511,5.65721670639077,0.484548653591489,0.760538688778817,0.978569873980754,0.124059239920045,0.0289645327739496,0.637112431938893,"xc",0.01
"KEL1",0.186359873936031,0.199262327740307,0.267826811489072,1.08653591754362,0.722863316157543,2.06072081747015,0.277136683842457,0.290332923651985,0.641883364765808,0.686323566868903,0.922481708654267,0.954547904372889,"eta",0.686323566868903
"KEL3",0.503208854902678,0.128198019411327,0.112302731984119,1.24116350251531,1.44948665617872,-0.177304007019702,0.449486656178719,0.510096156649095,0.98649803246576,0.251321280782589,0.220159925771357,0.881180244782611,"xc",0.01
"KGD1",0.145010434973101,0.0965375304956357,0.158703481839789,1.02046556179452,0.810615148290013,-0.807486638195891,0.189384851709987,0.190487430757988,0.761259860538177,0.506792128548816,0.833144114592107,0.994211801568151,"epsilon",0.506792128548816
"KGD2",0.4058073821311,0.110541634785125,0.215294708747021,0.867730913926857,0.598706006443538,1.41794240498957,0.401293993556462,0.422530449074523,0.960421628831596,0.261618150898347,0.509536553445047,0.949739822148733,"epsilon",0.261618150898347
"KIN1",0.297809789682997,0.00307620281322897,0.0926046352918661,0.847653527116993,0.742552143432798,-0.312493119993261,0.257447856567202,0.299146864685123,0.995530372669848,0.0102832527309518,0.309562446490423,0.860606902359439,"epsilon",0.01
"KIN2",4.05867641500551e-05,0.0384089065359334,0.0535843512958384,1.0366334394969,0.97382093359345,1.73220626644965,0.0261790664065495,0.0450261302722283,0.000901404671124684,0.853035921668438,1.19007231960346,0.581419416864624,"eta",0.853035921668438
"KIN82",0.0451012203334026,0.205133317181323,0.201775000428535,1.19710768853289,0.92625103577703,-1.20317275699468,0.0737489642229702,0.210452727715134,0.214305705718631,0.974723964894338,0.958766382451719,0.350430070561005,"eta",0.958766382451719
"KIP1",0.145487602983008,0.0451244015704156,0.108779612045468,0.977113244402194,0.838287282139503,1.59922426247689,0.161712717860497,0.16332423794288,0.89079003101726,0.276287231697951,0.666034713619859,0.990133001061689,"epsilon",0.276287231697951
"KIP2",0.099966978205878,0.271558581037392,0.314660288163327,1.19453730710503,0.762446708425647,0.79337228600222,0.237553291574353,0.307044508489384,0.325578134250639,0.884427415339304,1.02480350393307,0.773677056603559,"eta",0.884427415339304
"KIP3",0.144425507745297,0.171870269457699,0.231329229103326,1.08515892181155,0.772015504821744,1.02780151649813,0.227984495178256,0.243370031034617,0.593439985734124,0.706209670628064,0.950524713827321,0.936781304620976,"eta",0.706209670628064
"KRE27",0.0530462097783393,0.0274219505797119,0.0625262590734189,1.0059285981587,0.930510723790893,1.31860343955561,0.0694892762091066,0.0697417219761087,0.760609406755274,0.393192909534207,0.896540224441812,0.996380276255746,"epsilon",0.393192909534207
"KRE6",0.758828186119098,0.433884690106443,0.315480544937737,0.148957595059434,0.758984725355568,0.973967450093414,0.241015274644432,0.884512033620206,0.85790600610972,0.490535655383458,0.35667185176273,0.272483884315269,"scaling",0.35667185176273
"KSP1",0.111032193516777,0.0941566570293104,0.0628630576119082,1.12264693066538,1.04955586287647,-0.0188964358101081,0.0495558628764747,0.132280206936145,0.839371180983823,0.711797019449494,0.475226483749407,0.37462795095563,"scaling",0.475226483749407
"KSS1",0.119638276039766,0.147663068568957,0.201315047118967,1.0768368788438,0.805712613601918,1.65401862573368,0.194287386398082,0.208929400668871,0.572625373244517,0.706760599974084,0.963555375521457,0.929918842327052,"eta",0.706760599974084
"KTR6",0.0274094639699517,0.207676786356919,0.230656287118209,1.17088890075802,0.857774033190549,-1.78402742492967,0.142225966809451,0.222331378885591,0.123282031116518,0.93408671055734,1.03744369451737,0.639702625523855,"eta",0.93408671055734
"KTR7",0.121967909815231,0.0355970434350709,0.0794178145333551,1.0145674010504,1.14233518973889,2.56142585704009,0.142335189738893,0.143078703556364,0.852453277696798,0.248793444099442,0.555063839406886,0.994803462716739,"epsilon",0.248793444099442
"LAC1",0.0272145717178523,0.194510168394087,0.217828711122195,1.15947323071061,0.864464184842328,-0.445560326321593,0.135535815157672,0.209288481536217,0.13003377690971,0.929387833321478,1.04080601819694,0.647602840647574,"eta",0.929387833321478
"LAG1",0.142412863792199,0.139857003724416,0.199951480173034,1.05865767174211,0.790066058995768,0.760115903741655,0.209933941004232,0.217974727984171,0.65334575759875,0.64162026955057,0.917314965923732,0.963111379680114,"epsilon",0.64162026955057
"LAG2",0.281301700228606,0.276204174600586,0.360102777120421,1.09862134584323,0.608007025513518,0.522509514078035,0.391992974486482,0.404208686080211,0.695931853806785,0.68332073038573,0.890883322207883,0.969778700917612,"epsilon",0.68332073038573
"LAP3",0.0501211702458381,0.212415669052527,0.242782034678477,1.1652997750057,0.834872818352255,-1.93274997466693,0.165127181647745,0.233647173609832,0.2145164842847,0.909130060384297,1.03909681819605,0.706737338597091,"eta",0.909130060384297
"LAT1",0.202211072607436,0.0395606646243411,0.117140707269503,0.941684970453595,0.793754180729969,-1.23855086408066,0.206245819270031,0.214331473744208,0.943450203905947,0.18457701957275,0.546539923526601,0.962275001739468,"epsilon",0.18457701957275
"LCB4",0.163701263429233,0.287151901913724,0.346378214090419,1.17630789438261,0.700103217269239,0.54665946477345,0.299896782730761,0.347882960079812,0.470564190300313,0.825426752284287,0.995674562533768,0.862062294347381,"eta",0.825426752284287
"LDB16",0.468294573050136,0.0127915830114823,0.123354824079077,0.737294165991546,0.611872627253436,1.4745633649516,0.388127372746564,0.468676021039297,0.999186115841142,0.0272930178572328,0.26319849649132,0.828135759721363,"epsilon",0.0272930178572328
"LDB17",0.452774727390389,0.129007359527301,0.0176052671226955,0.634532614256034,0.710627956928597,0.08738197090394,0.289372043071403,0.466157258179948,0.971291810746851,0.276746435378896,0.0377667982505154,0.620760565224747,"xc",0.0377667982505154
"LDB18",0.624454229700977,0.0200150700750366,0.135103421357837,0.614893244443454,0.507948802616964,0.660961055280326,0.492051197383036,0.624837254028094,0.999387001455743,0.032032453164415,0.216221776929714,0.787486972345141,"epsilon",0.032032453164415
"LDB19",0.868938737832066,0.0605027284309938,0.057460708829818,0.323434231854123,0.428713626472276,8.18240645522137,0.571286373527724,0.885499497010178,0.981297833331325,0.0683261014097429,0.0648907300612024,0.645157197103588,"xc",0.01
"LEM3",0.00414374262598309,0.194511743211584,0.209754862781662,1.16893129515732,0.885631573268529,-0.225633707012972,0.114368426731471,0.204004704643209,0.020311995418097,0.953466948479315,1.02818639966421,0.560616613874145,"eta",0.953466948479315
"LEO1",0.316913596105733,0.177650179321018,0.27078346482623,0.988276454626728,0.628866606133974,3.81089279037846,0.371133393866026,0.371318512275693,0.853481810436735,0.478430709614387,0.729248491185328,0.999501456556711,"epsilon",0.478430709614387
"LEU9",0.197762194459299,0.197725292968611,0.268903352178189,1.07884624904838,0.714116351612844,2.26099142715214,0.285883648387156,0.296557231245757,0.666860132287292,0.666735699338775,0.906750279022361,0.964008354091503,"epsilon",0.666735699338775
"LIN1",0.118585576182492,0.437011890423267,0.396928459240607,1.43131337766454,0.891208927164565,-2.38571044922733,0.108791072835435,0.44482212993631,0.266590999416937,0.982441881850254,0.892330737451034,0.244572078396846,"scaling",0.892330737451034
"LIP2",0.245923618840602,0.200472392068313,0.108291323113491,1.25410013561658,1.12570366437885,-0.512523232295125,0.125703664378849,0.283493016066774,0.867476815664049,0.707151078533427,0.381989385897198,0.443410092152818,"xc",0.381989385897198
"LOC1",0.129638755141892,0.439097316568389,0.394558177693324,1.4368642485375,0.900842740113881,0.14408767271829,0.0991572598861192,0.447976041589676,0.289387697346177,0.980180357436571,0.880757319728986,0.221345006608506,"scaling",0.880757319728986
"LOH1",0.427511530785355,0.161911748853493,0.0292186607832377,1.25842812737777,1.34049999625066,0.141297135348825,0.34049999625066,0.427463851649095,1.00011153957481,0.3787729611027,0.0683535243284695,0.796558574338061,"xc",0.01
"LOS1",0.0126702853647253,0.226804960356299,0.235089250133265,1.20389862631542,0.885260846404682,-0.381653534246353,0.114739153595318,0.233965217887374,0.0541545682693078,0.969396059825772,1.00480427072041,0.490411158681507,"eta",0.969396059825772
"LPD1",0.0934555330929393,0.147996185657757,0.194046688534487,1.08976625790101,0.828488273571275,-0.392671403854653,0.171511726428725,0.193582678357627,0.482768054899461,0.764511509569814,1.00239696124053,0.885986948232385,"eta",0.764511509569814
"LRG1",0.0373637494796939,0.207630125761129,0.207197145774728,1.1964474750755,0.917727162023602,1.39277915791324,0.0822728379763982,0.21297988245895,0.175433233638372,0.974881398956297,0.972848437056789,0.386293940190597,"eta",0.972848437056789
"LRS4",0.487259225008677,0.0595631072144972,0.170433009708527,0.761875448767851,0.571357860699639,1.21339265858185,0.428642139300361,0.490344150045152,0.993708653328095,0.121472046131299,0.347578348172062,0.874165908292963,"epsilon",0.121472046131299
"LSB1",0.265344184330012,0.301173595049639,0.201296025603849,1.34986668902353,1.09352874851697,-0.100713777174217,0.0935287485169691,0.362152353143592,0.732686622154305,0.831621256731761,0.555832438631252,0.258258016840458,"scaling",0.555832438631252
"LSB3",0.799805195747831,0.23727562632462,0.168609526311435,1.38311941788981,1.72010952116197,1.48205677766298,0.720109521161969,0.815682665521555,0.980534746605689,0.29089207893477,0.206709708859174,0.882830482491036,"xc",0.01
"LSC1",0.0365367221900522,0.0212806193427416,0.0210494061415073,1.03558828446459,1.01918017134665,-1.58200066410691,0.0191801713466451,0.0404277746607387,0.903752989044305,0.526386117497784,0.520666950336728,0.474430549482404,"scaling",0.520666950336728
"LSC2",0.174872362094705,0.39832341820066,0.337049091471072,1.41362458212047,0.960932145121654,-2.92376899571967,0.0390678548783461,0.415465512671185,0.420907047062425,0.958740030284794,0.811256485054694,0.0940339298613837,"scaling",0.811256485054694
"LTE1",0.066260816656655,0.0815241190648489,0.0698239361385375,1.09720269796622,1.01271093026529,-0.893201302337346,0.0127109302652866,0.0980302618588785,0.675922061210467,0.831621965696763,0.712269199474892,0.129663330733369,"scaling",0.712269199474892
"LTV1",0.172772341080088,0.267651627670717,0.210257725921881,1.29448301710601,1.01820007786019,1.40638882976421,0.0182000778601876,0.295044895224399,0.585579835057593,0.907155595649782,0.71262960086792,0.0616857913991205,"scaling",0.71262960086792
"LYP1",0.20581604895201,0.237540071735704,0.165192470627386,1.27680758427469,1.06581188532785,0.0180884867983694,0.0658118853278513,0.2845235367459,0.72337090739814,0.834869671776378,0.580593340419899,0.23130559278344,"scaling",0.580593340419899
"LYS12",0.268918509216063,0.138901027525619,0.226067357578981,0.985603079078085,0.686417158772047,3.46634995127951,0.313582841227953,0.313913156214625,0.856665303419782,0.442482338748018,0.720158913710572,0.998947750420355,"epsilon",0.442482338748018
"LYS4",0.00213983393115371,0.182277481429533,0.197105142206177,1.15906375901303,0.893632912515435,0.181520981913089,0.106367087484565,0.191351082388637,0.0111827636637439,0.952581397262881,1.03007069385609,0.555873978640642,"eta",0.952581397262881
"LYS9",0.145850182446776,0.190405170952394,0.249508727394924,1.10048246629474,0.761534401578263,-0.0183063288127477,0.238465598421737,0.25877126514223,0.563625881593196,0.735804923501613,0.964205694391088,0.921530442302655,"eta",0.735804923501613
"MAD3",0.0828386791132183,0.373374904771157,0.350092839100884,1.36100832801179,0.883922103274266,-0.0542385686939868,0.116077896725734,0.379211143035295,0.218450012966808,0.984609528566532,0.923213480222809,0.306103601799829,"eta",0.923213480222809
"MAE1",0.258292229081096,0.00826609950894705,0.0975571492329106,0.882346794596021,0.76645636226152,1.84966369190464,0.23354363773848,0.261505081155134,0.987713997525989,0.0316097089679237,0.373060243426154,0.893074951763304,"epsilon",0.0316097089679237
"MAF1",0.106143960841776,0.182448822783725,0.231048151908619,1.11343714199047,0.799876255449675,1.09786675952618,0.200123744550325,0.230038036671786,0.461419173878713,0.793124586800573,1.00439107919476,0.869959366049791,"eta",0.793124586800573
"MAM33",0.0831937463930953,0.257356406302479,0.237888307847642,1.25681522530116,0.936735616084738,-0.595959215831827,0.0632643839152623,0.264492801827696,0.314540682461717,0.97301856430155,0.899413164380233,0.239191325730202,"scaling",0.899413164380233
"MAP2",0.0626078925141889,0.260664606243204,0.249216110991741,1.25253051319875,0.915674172865397,-0.183332520016484,0.0843258271346035,0.266237685571291,0.235157890513679,0.979067278487911,0.936066246433048,0.31673137089386,"eta",0.936066246433048
"MBA1",0.114972408139746,0.148062205232832,0.116037751075747,1.17083732705003,1.0231821323639,-0.119434349986146,0.0231821323639001,0.172403026581721,0.66688161118359,0.858814419726256,0.67306098608857,0.134464764473908,"scaling",0.67306098608857
"MBP1",0.00903335227131196,0.373268912343076,0.382983021540807,1.32601061975732,0.798860441049445,-0.601721165400092,0.201139558950555,0.383066634372369,0.0235816734237701,0.974422930242029,0.999781727709857,0.525077208251534,"eta",0.974422930242029
"MCA1",0.194846699804931,0.0673885027070532,0.142556684200473,0.969049229054285,0.784432764639874,2.17224834512508,0.215567235360126,0.217777829870127,0.894704019785343,0.309436928209086,0.654596862708604,0.989849313351504,"epsilon",0.309436928209086
"MCH2",0.201409895505644,0.139163752720603,0.0586053269460234,0.798622145224328,0.901131345761872,1.86934592751956,0.0988686542381276,0.224339143229419,0.897792033107987,0.620327557274693,0.261235405031796,0.440710670527167,"xc",0.261235405031796
"MCH4",0.0542898425474227,0.0763674425116251,0.069709735265665,1.08867376068642,1.00401426763364,1.28317206402561,0.00401426763363699,0.0887645772755449,0.611616077198171,0.860336914291425,0.785332814116498,0.0452237565574815,"scaling",0.785332814116498
"MCH5",0.111804780028006,0.232020048319456,0.280243301861347,1.15393463217892,0.77069645151477,-1.13945147868603,0.22930354848523,0.27618107888119,0.404824184484063,0.84010117296728,1.01470854917583,0.830265235453999,"eta",0.84010117296728
"MCM21",0.430820830620837,0.331300763948437,0.432380379302016,1.04730878718548,0.466090263041835,3.49963632746495,0.533909736958165,0.536001612463711,0.80376778838516,0.618096580765169,0.806677385380608,0.99609725893187,"epsilon",0.618096580765169
"MCR1",0.12507105274449,0.0294422776493933,0.0296555884866055,0.926081044441103,0.898938644149148,-0.504115445926134,0.101061355850852,0.125209463050245,0.998894569927997,0.235144189042472,0.236847820956672,0.807138321568374,"epsilon",0.01
"MCX1",0.227926327831964,0.1205420107778,0.200916903441706,0.994853963630054,0.728834794068823,0.145188914759125,0.271165205931177,0.271214030975572,0.840392832967013,0.444453446395099,0.740805712444142,0.999819975964299,"epsilon",0.444453446395099
"MDH1",0.192879993353759,0.0491385249122685,0.0283204921268425,0.874543352146579,0.852687525494683,0.120757938648622,0.147312474505317,0.193495053258467,0.996821314579621,0.253952357358874,0.146362874140315,0.761324240721233,"xc",0.01
"MDH2",0.0750640281495902,0.201627174555776,0.240268842723962,1.14471926867645,0.81781998152957,1.12843981404306,0.18218001847043,0.232665480585611,0.322626407495674,0.86659685849524,1.03267937349027,0.783012666992496,"eta",0.86659685849524
"MDH3",0.334141563650544,0.0673488713762664,0.0342094185463851,0.770980228542453,0.753826267151234,1.1190624128467,0.246173732848766,0.336231412070858,0.993784493817986,0.200305114151777,0.101743672120604,0.732155664256876,"xc",0.01
"MDJ1",0.594243625606609,0.107392956026078,0.221403265830165,0.715762254262929,0.47327702597496,5.16985702252612,0.526722974025041,0.598521668335805,0.99285231770958,0.179430356004795,0.369916876102045,0.880039941560676,"epsilon",0.179430356004795
"MDL1",0.0493089329992284,0.171766457603814,0.203182025058502,1.13027474889021,0.855815397383245,-1.05085889495092,0.144184602616755,0.194321151268098,0.253749695683918,0.883930835541593,1.04559912151909,0.741991294698684,"eta",0.883930835541593
"MDL2",0.194075166584899,0.0348057513655287,0.110709424464933,0.94235453780991,0.803120248937526,1.42109987986825,0.196879751062474,0.205145401336542,0.946037129374977,0.169663814732214,0.539663203482263,0.959708332625463,"epsilon",0.169663814732214
"MDM1",0.267577038199833,0.231557223296009,0.129638935261634,1.28739180724571,1.13103103208082,-0.984764488510098,0.131031032080824,0.31585310231201,0.84715659349615,0.733116824248474,0.410440595050962,0.414848013591418,"xc",0.410440595050962
"MDM30",0.182304721443432,0.140294804976591,0.210221427278849,1.03779439197991,0.756063544529401,1.28018059480413,0.243936455470599,0.246846937134514,0.738533455426627,0.568347359724946,0.851626638430977,0.988209366914975,"epsilon",0.568347359724946
"MDM31",0.397750667495394,0.0470714727607348,0.0599932874408515,0.741683244439552,0.696223591245139,0.301439723444134,0.303776408754861,0.398757636565467,0.997474734079713,0.118045319874411,0.150450504114677,0.761807125178374,"epsilon",0.01
"MDM32",0.258901760956222,0.00201558989092029,0.0876361472782303,0.873537330773015,0.771899400327266,-0.78584704266167,0.228100599672734,0.260811599203476,0.992677326265061,0.00772814513263957,0.336013227731715,0.874579966417742,"epsilon",0.01
"MDM38",0.262102304705592,0.120637976011488,0.207273766661945,0.974190882757519,0.701432346462217,-0.046762129442481,0.298567653537783,0.299681087611303,0.874604089282898,0.402554518782177,0.691647805719346,0.996284603468322,"epsilon",0.402554518782177
"MEC3",0.371168516243406,0.124534697796121,0.225745361294238,0.904826313553931,0.616165689160974,3.29035527813311,0.383834310839026,0.395457720583383,0.938579516656938,0.314912799306096,0.570845755549332,0.970607705604509,"epsilon",0.314912799306096
"MEF1",0.0184033349073984,0.421296999072496,0.431435969925162,1.36582692222649,0.770385793676743,-0.279157121079451,0.229614206323257,0.431916682672906,0.0426085299449649,0.975412657055314,0.998887024356713,0.531616896347451,"eta",0.975412657055314
"MEF2",0.421506296109685,0.142049701985756,0.247381150877091,0.883507594362315,0.570118219679004,4.26856612673161,0.429881780320996,0.445386153380641,0.946383925297859,0.318936053371996,0.555430717815045,0.965188919902513,"epsilon",0.318936053371996
"MEP1",0.313832692872163,0.0749484057552923,0.170807551791834,0.901957720920051,0.686138506719105,-0.256219230456994,0.313861493280895,0.328818073487003,0.954426529977732,0.227932743965349,0.519459134288082,0.954514117647189,"epsilon",0.227932743965349
"MEP2",0.00647927511031645,0.214710254916129,0.225584850712353,1.19083863548202,0.885439832206944,-1.16199020137771,0.114560167793056,0.222583505312979,0.0291094126728115,0.964627880283492,1.01348413214696,0.514683995258187,"eta",0.964627880283492
"MEP3",0.0119156864373982,0.177635626660997,0.187416975150831,1.16054892908633,0.909036370954962,-1.1933854610922,0.0909636290450381,0.184527343339169,0.064574096292584,0.96265205712356,1.01565964024286,0.492954742635854,"eta",0.96265205712356
"MET10",0.0748015210358611,0.356094388676176,0.336621582917283,1.34250765222071,0.883810036197579,-1.27341680338873,0.116189963802421,0.36167886241547,0.206817508040972,0.984559579451236,0.930719535748255,0.321251739807097,"eta",0.930719535748255
"MET14",0.161196420186572,0.179944585797699,0.243330062238729,1.08336704566484,0.75366659278408,0.424074790099965,0.24633340721592,0.260058093151295,0.619847735685704,0.691939957019573,0.935675791859191,0.947224538298103,"eta",0.691939957019573
"MET16",0.233724841809093,0.301461253796633,0.375475355608704,1.15011112326778,0.634838361448196,-0.334410885934399,0.365161638551804,0.394811817957055,0.591990490605112,0.763556813867777,0.951023597904422,0.924900476488584,"eta",0.763556813867777
"MET17",0.12923300188111,0.0773028169838595,0.13572407844449,1.0122846679223,0.83458332120954,-0.313353419231747,0.16541667879046,0.165872211922394,0.779111825804638,0.466038380316693,0.818244821549682,0.997253710391546,"epsilon",0.466038380316693
"MET28",0.165038825882125,0.117067292882715,0.183684384897336,1.02733795472188,0.782687596368586,1.44158860008051,0.217312403631414,0.21902521439423,0.753515189283492,0.534492310424141,0.838644926819783,0.992179846655769,"epsilon",0.534492310424141
"MET3",0.20858570860347,0.102996986420007,0.0250889497242278,1.15805939207056,1.14340723462186,1.52184930864413,0.14340723462186,0.213420726180952,0.977345135760703,0.482600674559976,0.117556294429229,0.671946146881112,"xc",0.117556294429229
"MET32",0.0627323560737043,0.0337997065281341,0.0224681781012408,1.05520608304089,1.03736499117511,3.6361197972675,0.0373649911751119,0.066662239463086,0.941047834260687,0.507029268748923,0.337045054024662,0.560512090143667,"xc",0.337045054024662
"MET6",0.105587437035263,0.0300206767003225,0.0825008881087033,0.984363788703951,0.881568361113228,-0.785283148713641,0.118431638886772,0.119459383026623,0.883877300887545,0.251304468010119,0.690618735995956,0.991396706446893,"epsilon",0.251304468010119
"MET7",0.554799937237043,0.0938204679907051,0.0206363075614763,0.580231894758289,0.623218287751372,3.27533699520348,0.376781712248628,0.564065351589001,0.983573863691756,0.166329074683293,0.0365849586459136,0.667975281919398,"xc",0.01
"MFA1",0.135972329743061,0.0689530832274646,0.00634547583899489,0.888777313759188,0.913212273507254,2.23101188934381,0.0867877264927461,0.141076558663734,0.96381943982034,0.488763575469823,0.0449789525566739,0.615181765948878,"xc",0.0449789525566739
"MFA2",0.180183066533796,0.114501967553542,0.0512783975318872,1.16060047097834,1.10736302403596,-1.11797003732819,0.107363024035958,0.193182116689432,0.932710903170532,0.592715151463115,0.265440706472455,0.555760677415909,"xc",0.265440706472455
"MFB1",0.0793176053928309,0.197731819021307,0.23834314716552,0.866603228235377,1.21751226335196,-1.92804452913765,0.217512263351962,0.255159329489863,0.31085520388931,0.774934702237342,0.934095365597788,0.852456634789064,"eta",0.774934702237342
"MGM1",0.400296819135182,0.0238627208628176,0.129919963928418,0.798177357785921,0.652035701904595,1.6573139610984,0.347964298095405,0.402258041136905,0.995124467875942,0.0593219237964124,0.322976673284702,0.865027575612786,"epsilon",0.0593219237964124
"MGR2",0.114873245079984,0.370703402015531,0.330152838793974,0.665110891614981,1.147371641205,-0.647770892614331,0.147371641205001,0.365881286138508,0.313963160817407,1.01317945481147,0.902349618037014,0.402785402774636,"eta",0.902349618037014
"MHP1",0.01057544282922,0.130970134645469,0.14985878119163,1.11127793466462,0.912393477567046,-0.649324036090814,0.0876065224329542,0.141625144363628,0.0746720709570269,0.924766115748471,1.05813682919794,0.618580286901745,"eta",0.924766115748471
"MHR1",0.194902274190482,0.283521155294741,0.216148323557197,1.31513069904291,1.03222076668566,1.42667611686173,0.0322207666856551,0.316773634138142,0.615273031547463,0.895027630901567,0.682343163266349,0.101715430873277,"scaling",0.682343163266349
"MIG1",0.0746662202975615,0.084815536060375,0.126610042849431,1.04461164713942,0.878662517524343,0.0496443671847469,0.121337482475657,0.129278705570648,0.577560085924268,0.65606733673571,0.979357290828081,0.938572844924942,"eta",0.65606733673571
"MIG2",0.152426851257691,0.203736719502805,0.263972020430973,1.10866686059486,0.74933553258151,0.977412237673729,0.25066446741849,0.273205347344701,0.557920453384743,0.745727422552064,0.966203710859004,0.91749473374044,"eta",0.745727422552064
"MIG3",0.332987936334323,0.15909749080837,0.254960369993027,0.961300573727085,0.6262309389643,2.29616595076425,0.3737690610357,0.375767157401178,0.88615497596246,0.423393816289576,0.678506263709537,0.994682621069662,"epsilon",0.423393816289576
"MIP1",0.103874710371917,0.0937602646473211,0.144446597522348,1.03858503187686,0.847836331086577,0.266536375043955,0.152163668913423,0.156979574538003,0.661708446322547,0.597276842692822,0.92016173408203,0.969321450648892,"epsilon",0.597276842692822
"MKS1",0.234651486212473,0.0164594050570196,0.0691652926701794,0.87664740671573,0.799447244419938,2.52224433482953,0.200552755580062,0.235451205222464,0.996603461811821,0.0699058008281083,0.29375637557187,0.851780543618674,"epsilon",0.01
"MLS1",0.141232564243767,0.0915721762221726,0.152880493964877,1.0182167579002,0.816517330877222,0.317821796310395,0.183482669122778,0.184384761129583,0.765966576513939,0.496636357913639,0.829138444133324,0.995107556604578,"epsilon",0.496636357913639
"MMR1",0.533450253141042,0.232159292902691,0.342653119489285,0.877280608403797,0.442938167434016,1.50262217416106,0.557061832565984,0.570419086615722,0.935190048260807,0.40699776418788,0.600704162131451,0.976583437751029,"epsilon",0.40699776418788
"MMS2",0.415008761718036,0.0950889493266983,0.0138528671982428,0.690245581594695,0.714147400869696,0.663499771180886,0.285852599130304,0.421496747497723,0.984607269645131,0.225598299135658,0.0328658934629564,0.678184590574683,"xc",0.01
"MMS22",0.737688328067202,0.0645329412991408,0.18052052247948,0.552419380777076,0.413299966041785,2.90674252113636,0.586700033958215,0.737933154527256,0.999668226778331,0.0874509308915422,0.244629911763658,0.795058509512388,"epsilon",0.0874509308915422
"MNL1",0.00471333207255153,0.203858001851943,0.215667273364809,1.18062850483581,0.889162954270822,-0.96403311639035,0.110837045729178,0.211923352807546,0.0222407394471144,0.961942132149413,1.01766638979454,0.523005342548692,"eta",0.961942132149413
"MNN1",0.0772064089227922,0.16821008540061,0.152429246912587,1.17608900042151,0.975717938284293,0.416725576855434,0.0242820617157073,0.17775532225678,0.434340912792824,0.946301259872372,0.857522829569024,0.136603851898343,"scaling",0.857522829569024
"MNN10",0.746167392618715,0.214588145578685,0.330228594057986,0.678376412892813,0.315820243325461,3.71126087569714,0.684179756674539,0.756005073545757,0.986987281869813,0.283844848517008,0.436807378169002,0.904993604693221,"epsilon",0.283844848517008
"MNN11",0.00489122629799328,0.0380108773576374,0.0512494586484123,1.038146607635,0.978673419843269,-0.589489511797146,0.0213265801567309,0.0437033945505406,0.111918681564583,0.869746566566584,1.17266539991865,0.487984523309006,"eta",0.869746566566584
"MNN2",0.075793333927854,0.150525950582049,0.135369139081911,1.16016331937578,0.983724607290855,0.209304624395231,0.0162753927091447,0.16098812776508,0.470800766367407,0.935012740825843,0.840864111914181,0.101096850650343,"scaling",0.840864111914181
"MNN4",0.266128106814896,0.0422464653981239,0.0495370222258579,0.836320266828025,0.789849227846939,0.198792510133718,0.210150772153061,0.266372675189812,0.999081856370059,0.158599095676837,0.18596885806909,0.788935171384648,"epsilon",0.01
"MNN5",0.274644897567259,0.0899981823560461,0.179692208339553,0.940234008199986,0.70802494437304,0.337171503386835,0.29197505562696,0.298029204750484,0.921536860111403,0.301977728764517,0.602934898578128,0.979686054161731,"epsilon",0.301977728764517
"MNN9",0.86636382610235,0.18273276712374,0.299221608298318,0.536386925293346,0.266387676742607,3.17738410726421,0.733612323257393,0.867827243104333,0.998313700089954,0.210563529291937,0.344793979073488,0.845343735272892,"epsilon",0.210563529291937
"MNT3",0.334252519665128,0.263080444673362,0.355531378486595,1.05257034522133,0.572607677204362,-2.5936367023824,0.427392322795638,0.430613328615523,0.77622427698602,0.61094357092754,0.825639511971619,0.992519957916209,"epsilon",0.61094357092754
"MOD5",0.0347333437531598,0.102794601465013,0.108486070741561,0.93134900759573,1.09787468000816,0.515010139736066,0.0978746800081578,0.119550875131847,0.290531907147096,0.859839807543403,0.907446897581606,0.818686437052146,"eta",0.859839807543403
"MPC54",0.229555366434786,0.17635750220402,0.0914098133038567,1.22840470803104,1.12232036740727,0.0246858715797777,0.122320367407268,0.259096474181712,0.885984138378478,0.680663458509032,0.352802227790055,0.472103558311954,"xc",0.352802227790055
"MPD1",0.0221970169425796,0.38901880358751,0.402235209837163,1.33483420987665,0.780250955165889,0.585447210009364,0.219749044834111,0.400504170776318,0.055422686109745,0.971322727634656,1.00432214989794,0.54868103972091,"eta",0.971322727634656
"MPT5",0.0965175915329399,0.0473375399157212,0.0967395988826053,1.00306617566845,0.879845514272506,3.07932232446379,0.120154485727494,0.120193601633649,0.803017716592984,0.393844092134007,0.804864797857277,0.999674559164352,"epsilon",0.393844092134007
"MRE11",0.832932673398242,0.145891225690768,0.0280136258352442,0.289590786185773,0.507251106042277,2.60537533821579,0.492748893957723,0.864570832013611,0.963405938017035,0.168744098561575,0.0324017706796789,0.569934672454883,"xc",0.0324017706796789
"MRH1",0.0818736666387814,0.150424170003932,0.185479253704403,0.906521087321389,1.18275024427226,1.82507135071901,0.182750244272259,0.205270453054368,0.398857533661195,0.732809655581997,0.903584763147946,0.890290061491974,"eta",0.732809655581997
"MRP2",0.0489497006622648,0.211366083545985,0.206390869413029,1.20399120365801,0.926770117762403,-1.03562155743043,0.0732298822375974,0.216737229894576,0.225848141946239,0.975218164635564,0.952263113787234,0.33787403425437,"eta",0.952263113787234
"MRP20",0.107876168938481,0.216009114337177,0.263796858542823,1.14181631478124,0.781845601016321,-0.105891045363105,0.218154398983679,0.260198403019812,0.414591971689646,0.830170792096402,1.01382966029479,0.838415595375765,"eta",0.830170792096402
"MRP21",0.282772662461047,0.202632142968784,0.289760105681384,1.03232030579965,0.642783475538435,-0.241857975835136,0.357216524461565,0.358675685704206,0.788379791916659,0.564945300295295,0.80786102105718,0.995931808871359,"epsilon",0.564945300295295
"MRPL10",0.12512985499745,0.320382506451567,0.28228965399927,1.32728917683885,0.947342806385283,-0.697681065500928,0.052657193614717,0.331498092476006,0.377467797967817,0.966468627492198,0.851557400800739,0.158846143642677,"scaling",0.851557400800739
"MRPL13",0.430767679940513,0.04864608459855,0.0606684884912413,0.71562500011348,0.67453127187829,0.324785956965242,0.32546872812171,0.432202537643663,0.996680126611537,0.112553907859415,0.140370505046087,0.75304677731913,"epsilon",0.01
"MRPL15",0.0282262513213422,0.0700524937648337,0.0960334236164085,1.0521410585297,0.929207669280713,-1.71007249066558,0.0707923307192866,0.0879218065855501,0.321038118045008,0.796759034934875,1.09225944445267,0.805173750045774,"eta",0.796759034934875
"MRPL16",0.336812519702509,0.184581578321458,0.280117958951895,0.981016015554345,0.610050503053431,2.55329673293136,0.389949496946569,0.390411323906358,0.862711963199343,0.472787460349718,0.717494452130909,0.998817075910688,"epsilon",0.472787460349718
"MRPL17",0.0626802388673147,0.144027866521866,0.180590927779587,1.1004582416055,0.857966965545674,-0.938810978575124,0.142033034454326,0.173969081111478,0.360295280442101,0.827893471654159,1.03806335370516,0.816426881988944,"eta",0.827893471654159
"MRPL20",0.0114058571632897,0.291147525481001,0.305575710833141,1.25124127867341,0.832824544485104,-1.2674424055366,0.167175455514896,0.301777754375741,0.0377955531774829,0.96477464378801,1.01258527642389,0.553968783619308,"eta",0.96477464378801
"MRPL22",0.621303684371853,0.242317931695788,0.355817533328169,0.813902092524362,0.378436588707986,1.36352076581109,0.621563411292014,0.648824710860935,0.957583263971922,0.37347210677943,0.548403177887645,0.957983567653044,"epsilon",0.37347210677943
"MRPL23",0.0669084311926755,0.114689177994208,0.10312629610092,1.12601204352556,0.994639864210573,-0.152527667473306,0.00536013578942729,0.12612599323363,0.530488834833098,0.909322297916526,0.817645066309957,0.0424982642515126,"scaling",0.817645066309957
"MRPL24",0.061495801494138,0.268751963317411,0.300487884269281,1.20985550650312,0.797850514156676,-0.857748679038339,0.202149485843324,0.291382477572695,0.211048385635323,0.922333990554949,1.03124898508804,0.693759925192796,"eta",0.922333990554949
"MRPL31",0.067755108485404,0.121058012522708,0.109182079766421,1.13181375160628,0.991943754924467,-3.32261294263173,0.00805624507553304,0.132059714512938,0.513064175061245,0.916691460141298,0.826762954691413,0.0610045622561433,"scaling",0.826762954691413
"MRPL32",0.224243633931469,0.119389452560365,0.199076772126574,0.996044835863214,0.732428443772669,-0.00682039308059103,0.267571556227331,0.267600786667874,0.837978231393555,0.446147614313789,0.743931939085267,0.999890768480518,"epsilon",0.446147614313789
"MRPL33",0.38252719694187,0.200800280157625,0.301082724601191,0.963606023466845,0.567269775142564,0.727831139081801,0.432730224857436,0.434257952181722,0.880875514242271,0.462398625399488,0.693326911087164,0.996481981926616,"epsilon",0.462398625399488
"MRPL37",0.131498224839285,0.139124304108055,0.196331092018544,1.06359280790151,0.799836031209078,0.485622901688496,0.200163968790922,0.210022997833409,0.626113455173085,0.662424141847591,0.934807587949365,0.953057383504701,"eta",0.662424141847591
"MRPL38",0.0268827979791342,0.198147039484999,0.221243010090844,1.16278451092804,0.862960029889494,0.297524499364071,0.137039970110506,0.212788041031376,0.126336037724838,0.931194434257619,1.03973423045058,0.644021014744428,"eta",0.931194434257619
"MRPL39",0.134840668076742,0.0845032194788224,0.0221974794743424,0.876897480339899,0.923800164329736,3.42888549786591,0.0761998356702638,0.144777917179523,0.931362121403784,0.583674783593131,0.153320892486785,0.526322226170561,"xc",0.153320892486785
"MRPL4",0.419563055100705,0.211304400379602,0.314810149930622,0.946196235910662,0.534549066943959,1.43676519464179,0.465450933056041,0.468550334663119,0.895449269932472,0.45097481475822,0.671881176132263,0.993385125614507,"epsilon",0.45097481475822
"MRPL40",0.0792156827361077,0.2894518171315,0.325643133504494,1.2201798438009,0.772546804003621,-1.95219914416228,0.227453195996379,0.316566138405795,0.25023422636114,0.914348636873038,1.02867329760666,0.718501344274589,"eta",0.914348636873038
"MRPL44",0.0702191742844308,0.301729465066291,0.334622636362105,1.23524392985404,0.774976692341714,-0.598607293295833,0.225023307658286,0.325538316519961,0.21570171841853,0.926863136394543,1.02790553179502,0.691234476063552,"eta",0.926863136394543
"MRPL49",0.425699974614881,0.0920313541607214,0.198721167153908,0.837033033925674,0.594941688872858,2.74813131164089,0.405058311127142,0.43661249116882,0.975006403218731,0.210784977576688,0.45514311013395,0.927729552681356,"epsilon",0.210784977576688
"MRPL51",0.0775560831277332,0.0784922574132313,0.103391483521871,0.96521603945634,1.12536003581509,0.215179578636301,0.125360035815087,0.130096358483482,0.596143381965455,0.603339388805392,0.794730034930208,0.963593733724708,"eta",0.603339388805392
"MRPL6",0.047599920714712,0.217148950496567,0.246527742284681,1.17054309284185,0.834839558815289,-0.446133839309845,0.165160441184711,0.237408756890711,0.200497746326283,0.914662767037397,1.03841048457268,0.695679651196441,"eta",0.914662767037397
"MRPL9",0.107698667686015,0.329786342278102,0.372172846981281,1.24279642601236,0.729342737021442,-0.37579451887945,0.270657262978558,0.363600685488107,0.296200397811236,0.907001431626535,1.02357575723947,0.744380508015875,"eta",0.907001431626535
"MRPS28",0.141747277795166,0.333763321131337,0.385082779827178,1.22948013915251,0.697950356182405,-0.1024058223694,0.302049643817595,0.379335104618317,0.373672976925747,0.879864049142424,1.01515197285694,0.796260720772242,"eta",0.879864049142424
"MRPS5",0.535075324543498,0.0845316820849017,0.410200360310456,1.05704059260445,1.69506153123979,-0.724565186298448,0.695061531239791,0.697398136944794,0.767245130432367,0.121210077295623,0.588186773924416,0.996649538360915,"epsilon",0.121210077295623
"MRPS9",0.0259059434809742,0.172332392423401,0.19581639743634,1.14073250332992,0.876811252204592,-1.26467862363568,0.123188747795408,0.187032363715234,0.138510485385392,0.921404130280819,1.04696531416606,0.658649366068906,"eta",0.921404130280819
"MRS3",0.0651338308999301,0.13375636513649,0.0967790136058776,0.869229573976838,1.01962679311566,2.94044381151965,0.0196267931156571,0.132235076021017,0.49256092150299,1.01150442954509,0.731870971893235,0.148423502343188,"scaling",0.731870971893235
"MRS4",0.135706594858902,0.189434990753733,0.127969732744905,0.794084931560784,0.99115289064278,0.434630684847908,0.00884710935721988,0.206105038158473,0.658434146352883,0.919118680680078,0.620895703900797,0.0429252454780722,"scaling",0.620895703900797
"MRT4",0.203970897452993,0.479084188417752,0.402271362627416,1.49657533952852,0.956032078306463,-1.33293778768925,0.0439679216935374,0.498518049789484,0.409154488065429,0.961016734740219,0.806934398458167,0.0881972512572098,"scaling",0.806934398458167
"MSB2",0.0372392205500656,0.0970115839274023,0.125951541101086,1.07127022724341,0.906024545513281,-2.32855478968857,0.0939754544867187,0.117944187382475,0.315735954238293,0.822521110029856,1.06789104148596,0.796779023810398,"eta",0.822521110029856
"MSD1",0.0569296907871238,0.295628379623235,0.324719819463619,1.23577642032139,0.789607017166506,-0.322348553971325,0.210392982833494,0.315999568995183,0.180157495050228,0.935534122920721,1.02759576696944,0.665801486699816,"eta",0.935534122920721
"MSG5",0.0609022069829277,0.194638338666969,0.229088906454222,1.14502664924869,0.833923028979783,1.02145035339751,0.166076971020217,0.220486483249096,0.276217417437436,0.882767668107235,1.03901564884324,0.753229715368044,"eta",0.882767668107235
"MSH3",0.0389470983566551,0.14181672868058,0.170528762360082,1.10888180937411,0.88060705103699,-2.47712901869616,0.11939294896301,0.161585657391564,0.241030664387968,0.877656661920936,1.05534590825005,0.738883332161657,"eta",0.877656661920936
"MSH6",0.0292500292937154,0.18509144355238,0.188204891210453,1.17367034941524,0.92144998698138,1.34231910605958,0.0785500130186196,0.190608223356799,0.153456282098398,0.971056968543837,0.987391246274581,0.412101910585369,"eta",0.971056968543837
"MSK1",0.061162897671286,0.0150988893318298,0.05309360360483,0.99217397614173,0.930204563945569,-1.44128368242399,0.0697954360544312,0.0702328238322966,0.870859155789209,0.214983372559293,0.755965668297889,0.99377231678866,"epsilon",0.214983372559293
"MSN1",0.101384336363857,0.316378687494628,0.357687090430269,1.23380255675352,0.740833574838094,0.407255132977152,0.259166425161906,0.349042793186859,0.290463915436241,0.906418048646706,1.02476572332144,0.742506163200343,"eta",0.906418048646706
"MSN5",0.0137911797202388,0.165461221095953,0.174771612632022,1.15068320008985,0.917029533869514,3.57670814141649,0.082970466130486,0.172016060410732,0.0801737912571,0.96189402722555,1.01601915666892,0.482341392613997,"eta",0.96189402722555
"MSS116",0.073932777998189,0.261093111148589,0.296991395616966,1.19744802410003,0.790324641924237,-0.694635552293876,0.209675358075763,0.288009510268683,0.256702557944067,0.9065433669361,1.03118607208458,0.728015397408779,"eta",0.9065433669361
"MSS51",0.18954079764067,0.102849871487562,0.0254581694087655,0.833664904910324,0.888180958103211,-0.924659201423447,0.111819041896789,0.200426699791239,0.945686367325773,0.513154542756473,0.127019850325741,0.557904919919643,"xc",0.127019850325741
"MSW1",0.140899707883356,0.283559189766236,0.239759730289071,1.29914363436119,0.979569460643117,3.77715974709252,0.020430539356883,0.299840492457634,0.469915543189231,0.945700120227427,0.799624254629143,0.0681380262866587,"scaling",0.799624254629143
"MTC4",0.197852633999358,0.258697948495017,0.190087688401658,1.29360527777477,1.04726667992995,0.556358532842402,0.0472666799299484,0.297385605180882,0.665306694582664,0.869907433272255,0.639195997015522,0.15894071234954,"scaling",0.639195997015522
"MTC6",0.0989496635916161,0.165663270167811,0.212768036298766,1.10237264110166,0.814629211975264,0.318822602869275,0.185370788024736,0.211760446493299,0.467271698894662,0.782314511095692,1.00475815867482,0.875379661756626,"eta",0.782314511095692
"MTF1",0.42483870324639,0.152201749855524,0.0385194950312366,1.24915917713234,1.34394005997353,-2.19511698215462,0.343940059973531,0.424705851624228,1.00031280855127,0.35836979705707,0.0906968785193899,0.809831224736322,"xc",0.01
"MTG2",0.111140132421481,0.242885425234273,0.212280145620064,1.25330157990313,0.970469083405894,-1.79256591433672,0.0295309165941062,0.255017186511635,0.435814283506771,0.952427671862779,0.832415056113792,0.115799711376546,"scaling",0.832415056113792
"MTH1",0.264185548747031,0.151430734064425,0.237359721773513,0.999360718792809,0.683627224030031,1.15058664649513,0.316372775969969,0.316373421853679,0.835043434429886,0.478645561239531,0.750251776469675,0.999997958476706,"epsilon",0.478645561239531
"MTL1",0.104585306215639,0.0665415258653784,0.0373357182678077,1.09677213729566,1.05934049045844,0.6767303614575,0.0593404904584358,0.113517136876411,0.921317336689916,0.586180445493652,0.328899400523607,0.522744777495943,"xc",0.328899400523607
"MTM1",0.0197767126444038,0.220880973475759,0.240823071829965,1.18563897551999,0.858282989820017,-0.0921928544339125,0.141717010179983,0.233549866637654,0.0846787580276669,0.945755082868231,1.03114197964238,0.606795508900257,"eta",0.945755082868231
"MTR10",0.245045558470491,0.0929132006940635,0.177446358065036,0.961103760057987,0.7298124201968,1.81352535495015,0.2701875798032,0.272972976247718,0.897691639073153,0.340375087568179,0.650051006895298,0.989796072553386,"epsilon",0.340375087568179
"MUB1",0.0648664135437218,0.342394386405208,0.371605816181583,1.27411943407784,0.761724522212461,-0.0891081354122881,0.238275477787539,0.363203341744036,0.178595310363185,0.94270714790534,1.02313435332726,0.656038781591006,"eta",0.94270714790534
"MUP1",0.166526722884379,0.0437236230420209,0.0271524613554871,0.893305746211501,0.87158353816201,2.84918465716947,0.12841646183799,0.166956435822261,0.997426197224652,0.261886418613826,0.162632013685254,0.769161495365777,"xc",0.01
"MUP3",0.145101066273152,0.173107090775098,0.108233074695477,0.802151428555345,0.971693668816701,-0.731565385875003,0.0283063311832994,0.199863217245569,0.726001854032342,0.866127810613616,0.541535737226187,0.141628517610221,"scaling",0.541535737226187
"MVP1",0.107102982206277,0.17905943857796,0.228058327960447,1.11003706891728,0.800730551348917,0.339262189815806,0.199269448651083,0.227632312516507,0.470508694579599,0.786616963990893,1.00187150690177,0.87540053715631,"eta",0.786616963990893
"NAM2",0.173884602585233,0.0405818356214035,0.111607128470555,0.958305417113949,0.816712269509904,0.513959113496018,0.183287730490096,0.187970291243728,0.925064282417741,0.215894944636671,0.593748765999635,0.975088825352937,"epsilon",0.215894944636671
"NAM8",0.135564712734928,0.0198463382411335,0.0813076417618985,0.961234905538753,0.861090702146164,1.62975245917174,0.138909297853836,0.144216939292287,0.940005476473028,0.137614473989845,0.563787043054012,0.963196823726139,"epsilon",0.137614473989845
"NAP1",0.127730293086961,0.332480552523933,0.437591480191514,0.767438536978176,1.40235919026811,1.02073680221119,0.402359190268112,0.464734065973286,0.274845987068878,0.715421091044024,0.941595446150634,0.865783723914143,"eta",0.715421091044024
"NCA2",0.203536219952045,0.0569447416920185,0.0214958165483001,1.11640807098211,1.16686238360003,-1.45794184633502,0.166862383600032,0.203454894388067,1.00039972281926,0.279888777624602,0.105653966265856,0.820144357312739,"xc",0.01
"NCA3",0.134368430512474,0.0153713781068785,0.076576173751801,0.958146591728217,0.864682894219964,0.548535329131663,0.135317105780036,0.141641896699564,0.948648907162565,0.108522820331068,0.540632224900422,0.955346609535005,"epsilon",0.108522820331068
"NCL1",0.0310892505091048,0.0453884597554371,0.0725095134566089,1.03016680283015,0.940502539237434,-1.70250988933403,0.059497460762566,0.0667081991226445,0.466048415607,0.680403014208035,1.08696553662464,0.891906265572821,"eta",0.680403014208035
"NCR1",0.00692585028985818,0.105310068828854,0.123162196693805,1.09072493709229,0.929572392702186,2.32072044903034,0.0704276072978139,0.114852349040386,0.0603022084243379,0.91691697826592,1.07235243965708,0.613201278739618,"eta",0.91691697826592
"NCS2",0.325383590592405,0.235559334724996,0.104856802771998,1.30446553621186,1.18811417856415,-3.43659697437258,0.188114178564149,0.357891333951574,0.909168676982918,0.658186752174527,0.292985028763467,0.525618143605573,"xc",0.292985028763467
"NDE1",0.0473417922502003,0.145895937798348,0.17735458735723,1.10879266099053,0.87085271003769,0.115396990286924,0.12914728996231,0.168863452499378,0.28035546798011,0.863987651791531,1.050284029683,0.764803088239511,"eta",0.863987651791531
"NDE2",0.140132982017981,0.0400088991595963,0.0236082362448113,0.910007228179839,0.892059752898601,0.371614262796415,0.107940247101399,0.140533967154516,0.997146703073616,0.284692021222221,0.1679895382079,0.768072298014042,"xc",0.01
"NDI1",0.0128148996162652,0.215850562935976,0.224390976457424,1.19432337643723,0.890749982991839,-2.64035740675119,0.109250017008161,0.222928555475179,0.0574843343372943,0.968249951092555,1.00656004332477,0.490067397491055,"eta",0.968249951092555
"NDT80",0.0270061525550481,0.321425357990404,0.321116472716521,1.29359267864561,0.854490745072217,0.310589378196049,0.145509254927783,0.327673014183262,0.0824179941163662,0.980933259919403,0.979990596775007,0.444068472621922,"eta",0.979990596775007
"NEM1",0.605462029529391,0.0691775267759441,0.183690101576187,0.673095017030283,0.489185355973349,2.42236373067707,0.510814644026651,0.606463905308886,0.99834800427408,0.11406701399766,0.302887113261307,0.842283670231753,"epsilon",0.11406701399766
"NFT1",0.131030816298946,0.0629652973163862,0.122243455052783,0.999357197824055,0.84087052780399,-0.73832505103968,0.15912947219601,0.159130770487728,0.823415960956781,0.395682727629613,0.768194954867071,0.999991841353407,"epsilon",0.395682727629613
"NGG1",0.236539846079111,0.0621567326663114,0.146060468462069,0.940372274822606,0.753381543351661,0.869090444367252,0.246618456648339,0.253724513536709,0.932270369866679,0.244977246383876,0.575665576912958,0.97199302192241,"epsilon",0.244977246383876
"NGL2",0.15214243903001,0.123667755155665,0.0562259569176349,0.837185788821903,0.933254165740484,-0.352687877899919,0.0667458342595155,0.175964410471392,0.864620514014364,0.702799815169275,0.319530277554483,0.379314397046026,"xc",0.319530277554483
"NHA1",0.284220771653297,0.0323951639782307,0.0619979254727609,0.832669191915161,0.770085039690545,3.2150016680194,0.229914960309455,0.284359786728756,0.9995111296254,0.113923154715022,0.218026346784045,0.808535422516566,"epsilon",0.01
"NHX1",0.66337360073256,0.129482039260307,0.0135577827803586,0.45868332338723,0.583521696388302,4.32925534874299,0.416478303611698,0.6829918899653,0.971275955804195,0.189580639481511,0.0198505765288771,0.609785137613944,"xc",0.0198505765288771
"NIS1",0.259694577367899,0.137960820534256,0.0360196622717969,1.20170226641328,1.17553253064083,-1.57002667716774,0.175532530640829,0.267386375100576,0.971233396878266,0.515960547662021,0.134710163366582,0.656475224568953,"xc",0.134710163366582
"NIT3",0.0905724362816457,0.0259898846493361,0.00164564080605438,1.05759380891196,1.06992845541549,0.187977191225788,0.0699284554154862,0.090592691216141,0.999776417565,0.286887212427855,0.0181652712151814,0.771899526073765,"xc",0.0181652712151814
"NMD4",0.0214471499525268,0.123243102739333,0.146184151711987,1.1002328889999,0.906443914781536,3.49607763768412,0.0935560852184641,0.137110805987971,0.156422025222494,0.898857692880501,1.06617527815285,0.68233925505968,"eta",0.898857692880501
"NOP12",0.322954702953745,0.226942031418099,0.319182892780456,1.0277639389145,0.599190282227578,2.55188689188265,0.400809717772422,0.401770165847163,0.803829478659198,0.564855359380841,0.794441498928707,0.997609458948462,"epsilon",0.564855359380841
"NPL3",0.208167105291013,0.529471354803741,0.463617468293278,0.510008166757367,1.18631557288274,-0.173530108339883,0.186315572882743,0.524218932644655,0.397099555792123,1.01001952015084,0.88439665075497,0.355415574067101,"scaling",0.88439665075497
"NPL4",0.20891473590381,0.220976637800056,0.293579603249155,1.09288740580571,0.693444443253825,0.690363210591165,0.306555556746175,0.320319183829617,0.652208005171914,0.689863888756649,0.916522075697204,0.957031524247504,"eta",0.689863888756649
"NPR1",0.238377653597447,0.258365632333014,0.170961867654533,1.30421183556566,1.08773515424326,-2.58089630260256,0.087735154243257,0.316610641306186,0.752904743232928,0.816035845374998,0.539975115647488,0.277107408270623,"scaling",0.539975115647488
"NPR2",0.232496660884567,0.00890649870624738,0.0761276899639067,0.884093682943172,0.7967808404266,1.67232426747902,0.2032191595734,0.233949355954226,0.993790557517314,0.0380701997230119,0.325402434443127,0.868645945805305,"epsilon",0.01
"NPT1",0.200139404924911,0.149336610136827,0.0690174413319024,0.791455436037034,0.908688654604797,4.09292541764547,0.0913113453952031,0.227658948772908,0.879119428441849,0.655966352044399,0.303161556810789,0.401088320434472,"xc",0.303161556810789
"NQM1",0.142716396417812,0.281979932079328,0.221432506496859,0.720195238767086,1.05007105923166,3.33855876302521,0.0500710592316571,0.284249565313983,0.502081318084576,0.992015350200633,0.779007370696467,0.176151753042607,"scaling",0.779007370696467
"NRK1",0.0548156173727641,0.327531317323248,0.316773184883926,1.30952294119285,0.877634652552398,-0.155411594406424,0.122365347447602,0.33283288506493,0.164694114771954,0.984071382427708,0.951748457253944,0.367648008770921,"eta",0.951748457253944
"NSR1",0.434513673717452,0.133519451440381,0.0229894167990502,0.645110919454267,0.725574735466645,4.36681548165019,0.274425264533355,0.448615074763206,0.968566814092911,0.297625868927515,0.0512453060369956,0.611716547149481,"xc",0.0512453060369956
"NST1",0.0181834196609438,0.213300802203803,0.219937778188705,1.19416577278524,0.896992331508828,-1.51856177356133,0.103007668491172,0.21979746834137,0.0827280668797464,0.970442488775729,1.0006383597063,0.468648111684296,"eta",0.970442488775729
"NTH1",0.0565198987549777,0.184274120145227,0.217661081838515,1.13795983588394,0.84301861647113,1.58902242848386,0.15698138352887,0.20898820802084,0.270445396370601,0.881744103604409,1.04149934534493,0.751149478793636,"eta",0.881744103604409
"NTO1",0.0813790182980985,0.084889870494075,0.128839205358528,1.04162116747574,0.872603677383374,-1.163658055297,0.127396322616626,0.134022925644395,0.607202222357259,0.633398130102863,0.961322137530253,0.950556197785504,"eta",0.633398130102863
"NUP120",0.580790656381536,0.157188784768052,0.0420027991594171,0.508405404811931,0.649715708341207,0.37219251964263,0.350284291658793,0.603625986021993,0.962169737272336,0.260407584179659,0.0695841466935896,0.58030021862914,"xc",0.0695841466935896
"NUP170",0.532199483106355,0.364902565357705,0.249811160518356,0.395695504336015,0.824367764887474,-0.112416031908889,0.175632235112526,0.629309626090627,0.845687815729856,0.579845834592645,0.396960653645524,0.279087158103049,"scaling",0.396960653645524
"NUP84",0.650361248178262,0.0119244407971271,0.103595284181323,0.565589415927572,0.5128464067323,0.674487342527401,0.4871535932677,0.652710639554604,0.996400562157306,0.018269107433677,0.158715482640231,0.74635460761008,"epsilon",0.01
"OAF3",0.0964232106972334,0.00703642779376555,0.0569217260683151,0.969662195777343,0.902928410322905,0.421285519629987,0.0970715896770953,0.101701897167607,0.948096479835822,0.0691867899196544,0.559691880422905,0.954471768772599,"epsilon",0.0691867899196544
"OAR1",0.0569175531363135,0.309450262524329,0.298600036551409,1.29404662908704,0.887709957885176,-1.1366572109832,0.112290042114824,0.314757801548431,0.1808296819215,0.983137704616083,0.948666038085361,0.356750624011287,"eta",0.948666038085361
"OCA5",0.253171879691042,0.0367175603702472,0.0703215532215297,1.11081634838733,1.23343579681766,0.0544497692636353,0.233435796817662,0.258403820222922,0.979752851457978,0.142093721132186,0.272138210498839,0.903375950929364,"epsilon",0.01
"ODC2",0.23734194914431,0.0690679422767855,0.152915841248947,0.945679562531872,0.748940153132284,-0.8809609936949,0.251059846867716,0.256869143020274,0.923979993679419,0.268883764957842,0.595306386165963,0.977384219512505,"epsilon",0.268883764957842
"OMA1",0.741819566272151,0.0564941024169435,0.0597805606616308,0.446763847253473,0.490828818601414,2.60997355245264,0.509171181398586,0.751881328849579,0.986617884776014,0.0751369933648741,0.0795079733567774,0.677196203525423,"epsilon",0.01
"OMS1",0.0933845535966158,0.251331437033651,0.227888491376457,1.25492773295906,0.949341351751906,-0.476708184114476,0.0506586482480943,0.259912384610604,0.359292435166269,0.966985230081248,0.876789660169044,0.19490663488002,"scaling",0.876789660169044
"OPI3",0.0359609430445787,0.178593227264152,0.179240591437388,1.17049861409801,0.931075582644509,-3.27169801669581,0.0689244173554909,0.183903106871897,0.195542879379565,0.971126754201906,0.974646891432036,0.374786584782943,"eta",0.971126754201906
"ORT1",0.00569840057512698,0.0814162316963173,0.0989498195877185,1.07082579614401,0.943879804969742,2.01489525698175,0.0561201950302583,0.0903646484509659,0.063060064669195,0.900974364333368,1.09500585996759,0.621041480183598,"eta",0.900974364333368
"OSH3",0.352439975572752,0.217235298157937,0.313636701170787,0.999230442948904,0.581453789866,3.51239835975459,0.418546210134,0.418546917603737,0.842056077226755,0.519022573148196,0.749346579748859,0.999998309700282,"epsilon",0.519022573148196
"OXA1",0.27760733927318,0.0734270000052019,0.16408931800198,0.924351909412309,0.714776925947264,-0.427394488697214,0.285223074052736,0.29508445499832,0.940772496046125,0.248833846586801,0.556075778383224,0.966581157432909,"epsilon",0.248833846586801
"PAC10",0.400576261154813,0.0695296492401862,0.174721323629354,0.836443012889353,0.625485634536852,0.203032644818947,0.374514365463148,0.408670892003549,0.980192788360699,0.170136044921894,0.427535523200014,0.916420456634566,"epsilon",0.170136044921894
"PAC2",0.165826287775789,0.183579533484798,0.247953312861642,1.0840521710367,0.747927175154638,-1.50627288870789,0.252072824845362,0.265716910416901,0.624071262591505,0.690883892924871,0.933148411490301,0.948651798072873,"eta",0.690883892924871
"PAF1",0.694785611656057,0.101624081099922,0.217196506072989,0.623415156220117,0.414917830888553,4.85399112508738,0.585082169111447,0.695799747899404,0.998542488343221,0.14605363311315,0.312153757929199,0.840877236414342,"epsilon",0.14605363311315
"PAI3",0.142781943367766,0.052615147273163,0.00461449875344978,1.09617681480759,1.10647005509442,4.40821603635011,0.106470055094418,0.143477706764298,0.995150721235911,0.366713048735843,0.0321617821856491,0.742066886177131,"xc",0.0321617821856491
"PAM1",0.000653513226912915,0.169614771921188,0.184185706337369,1.14864168301633,0.901453321873304,1.26342450156874,0.0985466781266956,0.178341800203247,0.00366438617401048,0.951065716101818,1.03276801135495,0.552571960215649,"eta",0.951065716101818
"PAM17",0.0706639595120013,0.0456475119879904,0.00449570337142854,0.938039526969673,0.957815202490292,-1.90831295203192,0.0421847975097084,0.0749577038007233,0.942717771876564,0.60897692529837,0.0599765353455926,0.562781346956113,"xc",0.0599765353455926
"PAU4",0.274008496747172,0.0695678304462545,0.0454866962248983,1.14447862530956,1.23382912043292,0.460665969569326,0.233829120432917,0.274863840353314,0.996888118840794,0.253099244909155,0.165488105552294,0.85070891875901,"xc",0.01
"PBP1",0.0221175363592148,0.0778118429659001,0.0844701127608333,1.07837244543373,0.972217895103088,1.98350688788008,0.0277821048969122,0.0831509804858974,0.265992490166318,0.935789842900255,1.01586430210717,0.33411638365015,"eta",0.935789842900255
"PCH2",0.24171953435965,0.091243859062495,0.00453699691815349,1.15601438796534,1.1853108316239,-0.957645569490786,0.185310831623904,0.242240776025305,0.997848249686912,0.376665979029738,0.0187292865907908,0.764986121100217,"xc",0.01
"PCL5",0.27111804336852,0.0279176250459631,0.0643566159616624,0.844729803748258,0.777509160914408,0.903456470174879,0.222490839085592,0.271313485328439,0.999279645242541,0.102898036978027,0.237203896753438,0.820050794070389,"epsilon",0.01
"PCT1",0.352211033911062,0.0174608332643987,0.085065260884686,0.798713393462765,0.710706762326159,0.85755662754954,0.289293237673841,0.352429958055624,0.999378815167218,0.0495441232088528,0.241367848959254,0.820853139925698,"epsilon",0.01
"PDA1",0.433588947361819,0.0652761316987237,0.0444208659326677,0.700017455406632,0.682920223992275,2.81145175454192,0.317079776007725,0.436496404812023,0.993339103327882,0.14954563423457,0.101766854074772,0.726420132015234,"xc",0.01
"PDB1",0.6809833272551,0.105339734930399,0.010653697656796,0.462243691897483,0.55726269661227,1.49591710025651,0.44273730338773,0.696561674738919,0.977635365181902,0.151228152151613,0.0152946939849787,0.635603880379543,"xc",0.01
"PDC1",0.0256113116439491,0.149266630108767,0.154312967338169,1.14112692606769,0.936554547297571,0.00312943151352846,0.0634454527024286,0.154732461784625,0.16551996490302,0.964675598043119,0.997288904722266,0.410033240411695,"eta",0.964675598043119
"PDC5",0.424765162734994,0.341951014091649,0.164012260873249,1.42255163781561,1.23544186230399,-0.262100714715576,0.235441862303988,0.483717641962563,0.878126257730887,0.706922767390224,0.339066113461999,0.486734081785278,"xc",0.339066113461999
"PDC6",0.0683940367462743,0.083410574364346,0.123181178895988,1.04624031365798,0.885076747270071,-0.758516798383035,0.114923252729929,0.123877038329207,0.552112301591479,0.673333617669159,0.994382660074827,0.927720377238251,"eta",0.673333617669159
"PDE2",0.278838909747476,0.194319365253791,0.0980622011706527,0.709402557477294,0.875084102905598,0.374138337069659,0.124915897094402,0.316308164528892,0.881541929727857,0.614335597512031,0.310021087557781,0.394918345786144,"xc",0.310021087557781
"PDR5",0.133190905400844,0.00830420349514652,0.0529440448917138,0.93930058526071,0.879378469363376,1.36984419372385,0.120621530636624,0.135033227773072,0.986356525704,0.0614974820057032,0.392081606615285,0.893272956781665,"epsilon",0.01
"PDX1",0.076537643553713,0.16882960856252,0.128748804637921,0.836611573965797,1.0325595457057,0.262784786374141,0.0325595457056989,0.166601025742628,0.459406796642125,1.01337676529876,0.77279719055762,0.195434245140832,"scaling",0.77279719055762
"PEP12",0.0501821867895235,0.334680047648505,0.385702004226233,0.746369356902219,1.30519997509321,-1.23540205417224,0.305199975093208,0.39683186353302,0.126457049952462,0.843379976267096,0.971953211600255,0.769091404041988,"eta",0.843379976267096
"PEP3",0.241021985060969,0.350721855424036,0.26159668394045,0.618566845072082,1.0127323425607,-1.23531208505668,0.0127323425607049,0.381645600296071,0.631533508768318,0.918972615305811,0.685443992378033,0.0333616909269423,"scaling",0.685443992378033
"PEP4",0.166370748027114,0.0382880373935832,0.107518134079787,0.960456304809662,0.824323838098024,0.627828025550645,0.175676161901976,0.180071701524464,0.923913899955632,0.212626620781842,0.597085123145679,0.975590058930549,"epsilon",0.212626620781842
"PEP5",0.304463038702991,0.423148244166547,0.322261824333938,0.528532322743692,1.01576513534298,-0.779899802817395,0.0157651353429804,0.47173118424569,0.645416391519326,0.897011387625712,0.683147171729262,0.0334197438487966,"scaling",0.683147171729262
"PEP8",0.113388959687452,0.0817800162493846,0.0490321564839867,1.11265948644541,1.05912440821432,-2.18702688315252,0.0591244082143245,0.12723150369636,0.89120191456714,0.642765461961009,0.385377481673114,0.464699437612762,"xc",0.385377481673114
"PET10",0.583676929736074,0.0320015319370605,0.285549427821407,1.16752846484729,1.6335564881772,2.071779386675,0.633556488177201,0.655331679568078,0.890658803677505,0.0488325727792563,0.435732678160178,0.966772258888462,"epsilon",0.01
"PET111",0.109072296594264,0.00110800481108971,0.0550342594083612,0.95881367743788,0.895102479392717,-0.655736518882818,0.104897520607283,0.112693402627423,0.967867630679939,0.00983202907407898,0.488353870991993,0.930822196877721,"epsilon",0.00983202907407898
"PET112",0.135121573903758,0.153221723149506,0.112264042579778,1.18159042925732,1.04022257868747,-2.12919284081522,0.0402225786874739,0.18599177356574,0.726492206151249,0.823809140651851,0.603596817361912,0.216259987828209,"scaling",0.603596817361912
"PET122",0.0258823670309604,0.229734391426904,0.251456863423117,1.19086968788116,0.848429325278072,-0.432483407523374,0.151570674721928,0.243731219148287,0.106192251946246,0.942572692286636,1.03169739314409,0.621876324467535,"eta",0.942572692286636
"PET123",0.0726095459473653,0.192073484977712,0.177997632318544,1.19542961815636,0.958954442548789,-0.619434688629603,0.0410455574512111,0.199693448663749,0.363605047803184,0.961841694171608,0.891354390990874,0.205542834408779,"scaling",0.891354390990874
"PET130",0.0528288163706256,0.311429656564894,0.30204327665355,1.29432750058248,0.882990209640159,-0.858504118862994,0.117009790359841,0.316733276810608,0.166792756677142,0.983255247762028,0.953620281692594,0.369426892993651,"eta",0.953620281692594
"PET309",0.410480460617463,0.265737815228627,0.0922743170378452,1.34966529385293,1.26023575640324,-1.93801994355719,0.260235756403239,0.435876664477485,0.941735344124315,0.609662863111025,0.211698226947893,0.597039891353672,"xc",0.211698226947893
"PET494",0.0902344033046745,0.00605316264604867,0.0539459035801072,0.971713944870905,0.909053595874803,-0.165620493513958,0.0909464041251971,0.0952436314830019,0.947406161437457,0.0635545133233288,0.566399062489914,0.954881735493551,"epsilon",0.0635545133233288
"PET54",0.0592779457477276,0.225749310658186,0.258558297527658,1.17293616379802,0.820176645410815,0.312843170991693,0.179823354589185,0.249486183194347,0.237600114718781,0.904856965495081,1.03636319341278,0.720774803184609,"eta",0.904856965495081
"PET8",0.247295053247476,0.118360436038993,0.20246576176899,0.981360296303343,0.714409959037876,0.959343516042364,0.285590040962124,0.286197676529085,0.864070792770202,0.41356183416452,0.707433282563405,0.997876867575131,"epsilon",0.41356183416452
"PEX10",0.0086134658748312,0.0896231556954409,0.108221183329374,1.07666278178636,0.936596434463149,-1.40398381095571,0.0634035655368507,0.0994846432069231,0.0865808590871218,0.900874273721113,1.08781797713521,0.6373201279415,"eta",0.900874273721113
"PEX13",0.227314001102281,0.0353717266689231,0.0492443824803706,0.865721670986208,0.816413698419896,-1.17175920419144,0.183586301580104,0.227452412101075,0.999391472715038,0.155512646984833,0.216504111895228,0.807141590120937,"epsilon",0.01
"PEX19",0.0659407155595215,0.204494627677862,0.192943803486975,1.20402336961653,0.946298592042714,-0.148612176247802,0.0537014079572855,0.210972454520205,0.312556042965346,0.969295390447654,0.914545000321341,0.25454227225736,"scaling",0.914545000321341
"PEX5",0.0116705972167441,0.0987384982237644,0.118414376835911,1.08322181206692,0.92873256057241,0.744594047897418,0.0712674394275896,0.109566956361248,0.106515664980832,0.901170403038475,1.08074898462538,0.650446464832129,"eta",0.901170403038475
"PFA3",0.168051788374162,0.187860002496293,0.11613960662857,0.779167944431171,0.961229868961345,1.76474943335079,0.0387701310386547,0.224209544461222,0.749530037974038,0.837876919770397,0.517995819079223,0.172919182061672,"scaling",0.517995819079223
"PFA4",0.148419037862649,0.0399460188021917,0.0260103957489846,0.905834243886459,0.884840995152341,2.12966936406324,0.115159004847659,0.148757473835563,0.997724914492112,0.26853117206298,0.174851018092285,0.774139287784333,"xc",0.01
"PFA5",0.257567668562676,0.0489625290717359,0.0415302240388813,0.836304231572734,0.800510576034021,1.07968853688856,0.199489423965979,0.258054906706443,0.998111881885969,0.189736865292139,0.160935610831555,0.773050303565485,"xc",0.01
"PFD1",0.123233861852024,0.22464138372295,0.276336628568392,1.14183025018167,0.764293666481218,-2.08276613523625,0.235706333518782,0.275087796035123,0.447980112633894,0.816617047214512,1.00453975985583,0.856840386654912,"eta",0.816617047214512
"PFK1",0.118711243767656,0.125774613908012,0.179872837629981,1.05856502552867,0.817863744986192,1.35398540968985,0.182136255013808,0.191320353349112,0.620484134017031,0.657403207271446,0.940165719335453,0.951996229493969,"eta",0.657403207271446
"PFK2",0.149580178708927,0.151978049893732,0.104410475956232,1.18482248767778,1.05524964139787,0.326919155330668,0.0552496413978674,0.192903796815919,0.775413346849084,0.787843745961928,0.541256718009894,0.286410336705763,"scaling",0.541256718009894
"PGM2",0.0355094444801521,0.282957851501439,0.281056941493962,1.26241810613855,0.879843823810254,-1.01670865910572,0.120156176189746,0.288618726187137,0.123032365048719,0.980386322258147,0.973800089851856,0.416314553726629,"eta",0.973800089851856
"PHB1",0.500894347499987,0.201747066720953,0.0880026359905005,0.540229680896762,0.728164564123477,2.30672969459497,0.271835435876523,0.53411913514353,0.937795174414384,0.377719226754044,0.164762185437996,0.508941578742493,"xc",0.164762185437996
"PHB2",0.509344881519451,0.166898303811364,0.0531198589828694,0.56008004582247,0.69947087465446,2.76086316687935,0.30052912534554,0.532773236250204,0.956025653811652,0.313263303138194,0.0997044434077447,0.56408450143018,"xc",0.0997044434077447
"PHD1",0.0428237850191627,0.120769882686627,0.11918436896553,1.12280651963469,0.968137654710725,-0.942114347939661,0.0318623452892753,0.126872575098479,0.337533820732518,0.951899041955169,0.939402143237173,0.251136585385327,"scaling",0.939402143237173
"PHM6",0.0561967278988567,0.171010469079046,0.163780685960691,1.17122054419868,0.954153312489337,0.530797754246133,0.0458466875106628,0.177252344163325,0.317043637217432,0.964785373565903,0.923997291735553,0.258652080044811,"scaling",0.923997291735553
"PHM8",0.200642441077322,0.00895568711982119,0.0694786516675306,0.902683507117829,0.822648552755424,0.163593022328772,0.177351447244576,0.202296899696044,0.99182163136851,0.0442700166600543,0.343448919740857,0.876688903839114,"epsilon",0.01
"PHO2",0.110576119213683,0.0744336193764622,0.0427374537438918,1.10544071994719,1.06064589109876,-1.36571851197431,0.0606458910987611,0.121637451182373,0.909063106295232,0.611930114063822,0.351351112083192,0.498579101331494,"xc",0.351351112083192
"PHO3",0.159900370622378,0.0621003559639329,0.00724892275624999,0.882034488909655,0.888283980646437,0.116837900602972,0.111716019353563,0.162469476477928,0.984187147572306,0.382227833253156,0.0446171361747127,0.687612355104375,"xc",0.01
"PHO5",0.0973174511603297,0.0752252341380833,0.12435372280006,1.02606486998938,0.863686887327206,0.951368256845824,0.136313112672794,0.138782715545234,0.701221695929497,0.542036044204403,0.89603177392454,0.982205256160778,"epsilon",0.542036044204403
"PHO80",0.46259037094995,0.0914110313057422,0.0200770520353528,0.656625505391946,0.680087028337965,1.03064814169699,0.319912971662035,0.469308377279769,0.985685304897478,0.194778179404305,0.0427800844973714,0.681668998785685,"xc",0.01
"PHO84",0.117168218245927,0.067185349809328,0.0103675945351168,0.899379480944461,0.928776632976741,0.374382247222894,0.0712233670232586,0.123277154676509,0.950445510795471,0.544994325879995,0.0840998850299744,0.577749926254831,"xc",0.0840998850299744
"PHO85",0.362403456186463,0.447983552567673,0.340168412881635,0.471483211394778,0.992492926883019,-0.0956357858716433,0.00750707311698051,0.528570101296281,0.685629882011286,0.847538579024853,0.643563478235707,0.0142026064254674,"scaling",0.643563478235707
"PHO87",0.0819317009533601,0.265286485646097,0.246129543993372,1.26344258078209,0.931754076746656,0.386498426486199,0.0682459232533443,0.272138750290786,0.301065911656514,0.974820694820686,0.90442667106532,0.25077620581568,"scaling",0.90442667106532
"PHO88",0.0168498059793529,0.123160735862363,0.144446868887677,1.10203666432415,0.91073587971697,2.9689719376344,0.0892641202830302,0.135571250773544,0.124287456840673,0.908457620326072,1.06546829112729,0.658429569497265,"eta",0.908457620326072
"PIB1",0.0549478253143475,0.292947052861043,0.3215432014507,1.23426654286493,0.792600596351194,0.427809316163001,0.207399403648806,0.312882287353831,0.17561820382695,0.936285193190743,1.02768106232577,0.662867193291332,"eta",0.936285193190743
"PIC2",0.0736284789676469,0.0269984580862484,0.0692260213140339,0.996591116286494,0.911944416805594,0.733687473383438,0.0880555831944058,0.0881215423144598,0.835533253661237,0.306377502902809,0.785574327183271,0.999251498347378,"epsilon",0.306377502902809
"PIN3",0.0300626528233465,0.171508341550537,0.196448161385785,1.13827949106231,0.873430831925613,1.06193670432462,0.126569168074387,0.187459254120716,0.160368998395712,0.914909975263709,1.04795125910018,0.675182287842038,"eta",0.914909975263709
"PIP2",0.0732694111130241,0.0725196249646341,0.114075485284376,1.03486497991347,0.886658356564971,-0.805360359956938,0.113341643435029,0.118582861160118,0.617875217347736,0.611552329359921,0.961989651525986,0.955801220565833,"epsilon",0.611552329359921
"PKH1",0.0607352234078654,0.256485614648691,0.245876481646312,1.24814487781854,0.915898692926167,0.123948744754254,0.0841013070738333,0.26200937051775,0.231805539198267,0.978917716346771,0.938426290481299,0.320985875076311,"eta",0.938426290481299
"PKH2",0.0706094279686646,0.187374735819652,0.225138041930097,1.13434686856438,0.828844418904288,-0.370479478126712,0.171155581095712,0.217585187991428,0.324513946103015,0.861155750303343,1.03471216955709,0.786614119626814,"eta",0.861155750303343
"PKH3",0.113062242886942,0.208925730379686,0.258464078232285,1.133102998858,0.780762776903235,-1.16754624911915,0.219237223096765,0.256478787224547,0.440824927903126,0.814592632164827,1.00774056610772,0.854796708410909,"eta",0.814592632164827
"PKP1",0.463023523647748,0.310613846708486,0.111655183356751,1.40084734709262,1.29116853034615,-0.394789821100049,0.29116853034615,0.495436886732436,0.934576201424031,0.626949375443325,0.225367118086731,0.587700549037637,"xc",0.225367118086731
"PKP2",0.166215318757308,0.214458081056468,0.160082746144591,1.24499879196812,1.03841362929431,-0.523804801770909,0.0384136292943147,0.247991965558155,0.670244773386945,0.86477834301522,0.645515856871788,0.154898684753183,"scaling",0.645515856871788
"PMA2",0.0607458275498915,0.190884734229413,0.181605101526597,1.19023171379568,0.948253412405328,1.96468729464789,0.0517465875946717,0.197144145896688,0.308128995023392,0.968249568665583,0.921179275705022,0.262480974818238,"scaling",0.921179275705022
"PMC1",0.0061869163395277,0.201963691837093,0.213287995805282,1.17955140077213,0.891468299001733,-1.5447653486394,0.108531700998267,0.209804279367248,0.0294889902064292,0.962629039055822,1.01660460143397,0.517299748725765,"eta",0.962629039055822
"PML39",0.178857440051797,0.17272992264059,0.240635524072399,1.06761049838324,0.74238995648112,-0.258319572874108,0.25761004351888,0.266334590343481,0.671551674234774,0.648544833841624,0.90350834175186,0.967242156516923,"epsilon",0.648544833841624
"PMP1",0.141536346987599,0.0738913973695994,0.13576952287157,1.00318017449155,0.825822920567439,1.82700345646059,0.174177079432561,0.174206109277067,0.812464887568847,0.424160769540397,0.77936143247212,0.999833359205218,"epsilon",0.424160769540397
"PMP3",0.0356180000333423,0.0689438270991001,0.0976098694077588,1.04814827996244,0.922986266430544,-2.08574910859437,0.0770137335694556,0.0908260536500887,0.392156199701929,0.759075445077788,1.07469019609511,0.847925572833478,"eta",0.759075445077788
"PMR1",0.328022448752262,0.109798821166098,0.206509461983093,0.922061515297383,0.65630894071963,2.07713076667492,0.34369105928037,0.352417297570654,0.930778514600292,0.311559114501424,0.585979926089443,0.975238904700657,"epsilon",0.311559114501424
"PMT1",0.0540159294012721,0.321036589811243,0.347991945614872,1.25977804770854,0.780822666675399,1.02872801911367,0.219177333324601,0.339887242353319,0.158923085865993,0.944538511032195,1.02384527058279,0.644853074822863,"eta",0.944538511032195
"PMT2",0.0706880043753162,0.148672785915495,0.187675209793859,1.10085982930257,0.848382776821812,0.584900649142193,0.151617223178188,0.182100212880732,0.388181887637956,0.816433894082645,1.03061499393622,0.832603217644185,"eta",0.816433894082645
"PMT3",0.134854547711288,0.167786934218178,0.224882422410299,1.08653260868141,0.782296083351252,0.815898413390952,0.217703916648748,0.234270970650262,0.575634904047115,0.716208814743265,0.959924406280881,0.929282514365613,"eta",0.716208814743265
"PMT5",0.00376372506401481,0.155939570837856,0.169150779304426,1.13852246972234,0.912609744500844,1.42712985058339,0.0873902554991558,0.163785015719337,0.0229796666531714,0.952099129172326,1.0327610163941,0.533566853569244,"eta",0.952099129172326
"PMT6",0.0635114342855093,0.224527367610867,0.258717700492025,1.16997239047024,0.816974926637589,0.459893023588919,0.183025073362411,0.249777482975313,0.254272056588009,0.898909561167524,1.03579272803224,0.732752493068001,"eta",0.898909561167524
"PMT7",0.0816441380722307,0.24274438834811,0.224216981751325,1.24329437795789,0.942313139851204,0.219136349655149,0.0576868601487963,0.250039853182938,0.326524500126374,0.970822791879139,0.896724977626986,0.230710662378251,"scaling",0.896724977626986
"PNC1",0.122328119862657,0.156051029413134,0.210164123973685,1.08271191610796,0.799083128828483,-0.0458352185081726,0.200916871171517,0.217275977014491,0.563008030356243,0.718215752875092,0.967268111557812,0.92470817037503,"eta",0.718215752875092
"POC4",0.29248754994987,0.182987223711312,0.0666988032477865,1.24962095430552,1.18335408971252,-0.605657992181124,0.183354089712521,0.309724624533964,0.944347096682964,0.59080618464434,0.215348725817803,0.591990675550613,"xc",0.215348725817803
"POL24",0.13064575231472,0.25734273621266,0.30957692771568,1.16690566698557,0.742324201091055,1.15210984191809,0.257675798908945,0.307008662769086,0.425544188676473,0.838226302448729,1.0083654478132,0.839311166612758,"eta",0.838226302448729
"POL3",0.402968250703634,0.124809281788335,0.0162918895035097,0.675819769606292,0.741184295084151,0.0952984942009492,0.258815704915849,0.414823324909781,0.971421389554879,0.300873346057577,0.0392742850394274,0.623917917277527,"xc",0.0392742850394274
"POL3_01",0.487576998316192,0.0363500601134518,0.0756517564289145,0.681457879903867,0.629144613085599,1.517481516927,0.370855386914401,0.48887912645026,0.997336502903033,0.0743538804313221,0.154745319110309,0.758582984729116,"epsilon",0.01
"POR1",0.638086536549373,0.0589179460241833,0.0566255183299834,0.537540175126941,0.55061906162598,2.50990387927288,0.44938093837402,0.644835108687124,0.989534421983489,0.0913690108222231,0.0878139505233705,0.696892790606506,"xc",0.01
"POS5",0.37111645021181,0.397353720603877,0.288913699984218,0.499343194822207,0.949176681508299,0.220302659296376,0.0508233184917013,0.503229814571179,0.737469123382627,0.789606873635809,0.574118805401885,0.100994251572733,"scaling",0.574118805401885
"PPA1",0.496791051545834,0.642695154607265,0.527789472455543,0.244745507596117,1.0578950470949,4.50963710670944,0.0578950470948991,0.757470253392414,0.655855526102709,0.848475767502267,0.69677914095211,0.0764321065224803,"scaling",0.69677914095211
"PPA2",0.121647328476376,0.0460498868065677,0.103034856759723,0.989905560205854,0.858413343630556,0.322880916320372,0.141586656369444,0.14194604248318,0.856996971161001,0.324418250773172,0.725873402014233,0.997468149816306,"epsilon",0.324418250773172
"PPE1",0.0994749526183438,0.0384292570773587,0.0126690955700538,0.930986305392737,0.927115988956931,-2.79582830852776,0.0728840110430692,0.100374145620627,0.991041587485271,0.382860116414893,0.126218713910032,0.72612335170992,"xc",0.01
"PPH21",0.034241540387591,0.351882267652133,0.370996547031497,1.29611536791538,0.785124756585695,-0.424214941766512,0.214875243414305,0.365862926993177,0.0935911727077762,0.961787165876729,1.01403153929946,0.587310786529382,"eta",0.961787165876729
"PPH22",0.114281764333307,0.205015771002461,0.255052779146327,1.12909482135511,0.781610978255621,0.114469396273097,0.218389021744379,0.253691225152101,0.450475826528054,0.808131108514075,1.00536697315175,0.860845784529773,"eta",0.808131108514075
"PPS1",0.00567067152235931,0.0824829779045639,0.0732970737504753,0.93806968852129,1.05462489638445,0.632631617502837,0.0546248963844465,0.0825787066068578,0.0686698999701744,0.998840758032823,0.887602588636189,0.661488882896964,"eta",0.887602588636189
"PRE9",0.219225176855687,0.030601671030113,0.0522780445495263,0.874360951117653,0.82012439285058,1.59210849084929,0.17987560714942,0.219409217334718,0.999161199874524,0.139473042207834,0.238267312488399,0.819817915283899,"epsilon",0.01
"PRK1",0.0393528422581251,0.420484199814981,0.410929754605936,1.38805197695462,0.823712817975715,0.947227675450937,0.176287182024285,0.426217676034736,0.0923303853191624,0.986548009286955,0.964131188619324,0.413608331931117,"eta",0.964131188619324
"PRO1",0.582074677375087,0.0395234668256912,0.0751753128290807,0.601432029419116,0.571467978354332,-0.0388648013469255,0.428532021645668,0.585231681258532,0.994605548563851,0.0675347355438732,0.128453935828316,0.732243375348574,"epsilon",0.01
"PRO2",0.752548034449087,0.0045814351863412,0.11164549448258,0.479941299504639,0.450129389131398,3.18367148529036,0.549870610868602,0.756847897967572,0.994318721727268,0.00605331031326653,0.147513780222408,0.726527235320619,"epsilon",0.01
"PRR1",0.162876748349513,0.162313500400501,0.226793045165819,1.06723596063468,0.761129770967334,-0.047502447037879,0.238870229032666,0.248152494890917,0.656357488652735,0.65408772324393,0.913926113317991,0.962594509225743,"epsilon",0.65408772324393
"PRX1",0.204472515350854,0.0148574295052983,0.0935704047323853,0.91999146534875,0.805831790412832,-1.21707351567836,0.194168209587168,0.210006331407714,0.973649289429678,0.0707475313039661,0.445559922432645,0.924582646083192,"epsilon",0.0707475313039661
"PRY1",0.106042488416269,0.178943878737192,0.150978003394279,1.19508276031276,0.997958024753729,-1.2288901728948,0.00204197524627114,0.195093446927755,0.543547156945449,0.917221370349037,0.773875318580985,0.0104666521527364,"scaling",0.773875318580985
"PRY2",0.405067263496303,0.17936566108102,0.28241442197232,0.928402338540257,0.56190711971295,2.6853742777685,0.43809288028705,0.443904941270884,0.912509021270656,0.4040632225618,0.636204726993526,0.98690696939035,"epsilon",0.4040632225618
"PSGF",0.000188914177211921,0.151640302363198,0.144553939571831,0.879577276932327,1.09688395537712,-0.871440686873849,0.0968839553771166,0.154557863082241,0.0012222877144167,0.981123181565404,0.935273927117599,0.626845852064895,"eta",0.935273927117599
"PSK1",0.113535703826222,0.133978038528346,0.186350419845531,1.06811236369465,0.818099484672942,0.793747539800061,0.181900515327058,0.194234630188134,0.584528637948097,0.689774209668875,0.959408832838065,0.936498888745381,"eta",0.689774209668875
"PSK2",0.0138765739487273,0.198029234654035,0.216624260300012,1.16806240066928,0.874920976066516,-0.561902519104596,0.125079023933484,0.209498765502028,0.0662370201345791,0.945252513443178,1.03401210876307,0.597039431873278,"eta",0.945252513443178
"PSP2",0.289419336142004,0.00780614465072329,0.0867914549454916,0.849290497607048,0.751682894799616,3.51142600532305,0.248317105200384,0.29047330143514,0.996371558804446,0.0268738800163578,0.298793226491665,0.85487066788419,"epsilon",0.01
"PST1",0.0266682190502759,0.152293747118544,0.156896483135045,1.14414829905058,0.935959490127023,-1.58816835169678,0.0640405098729774,0.157733696539348,0.169071160033476,0.96551181174248,0.994692234933492,0.406003988228361,"eta",0.96551181174248
"PTC6",0.191915934550197,0.0323115123644203,0.0446203251799192,0.88864674096611,0.843504401057188,0.162305848515805,0.156495598942812,0.192068791806316,0.99920415360204,0.168228852071936,0.232314290938607,0.814789313094777,"epsilon",0.01
"PTR2",0.0761644774544452,0.15769216959298,0.198151176128123,1.10613564464173,0.838862886990651,-0.304314685169901,0.161137113009349,0.192950626463101,0.394735580031975,0.81726694794192,1.02695274827737,0.835120963134908,"eta",0.81726694794192
"PUB1",0.215181416085859,0.375953455218047,0.294496586376213,0.615223112552281,1.05357373130508,1.97524569847726,0.053573731305079,0.388488607040031,0.55389376209863,0.967733540714382,0.758057201780095,0.137902966352778,"scaling",0.758057201780095
"PUF3",0.222713963912912,0.0265223854975343,0.0569815548716168,0.875606387761175,0.814909495868892,1.25219603992394,0.185090504131108,0.223007321595796,0.998684537885193,0.118930559354489,0.255514278472421,0.829975010715509,"epsilon",0.01
"PUF4",0.0281634317136401,0.107982199676734,0.133553779581934,1.08440723740384,0.908430692625355,2.26437533196233,0.0915693073746451,0.124537222464694,0.226144691171543,0.867067672938882,1.07240049953576,0.7352766149944,"eta",0.867067672938882
"PUF6",0.0509147767664178,0.0712927684822562,0.105333034714472,1.04365917206477,0.907624073826951,-0.0945466123468412,0.0923759261730486,0.102173553533728,0.498316589817056,0.697761465825127,1.03092269057375,0.904107990553101,"eta",0.697761465825127
"PUG1",0.12537192332083,0.0343156911822281,0.0926070234649585,0.978309398088485,0.861749526225041,4.38818609171916,0.138250473774959,0.13994168682092,0.895886895241341,0.245214217162761,0.661754374759435,0.987914873084779,"epsilon",0.245214217162761
"PUT3",0.138453257828221,0.0400452679904226,0.101903512443739,0.976495352565011,0.847179834670283,0.326751644552229,0.152820165329717,0.154617176867401,0.895458451857245,0.258996243507701,0.6590698039399,0.988377672040765,"epsilon",0.258996243507701
"PUT4",0.0875033872298327,0.134820135978795,0.114641413748899,1.15041137761322,1.00355565335876,1.54152684979842,0.0035556533587604,0.150453398719716,0.581597943113569,0.896092325770289,0.76197290805286,0.0236329214827797,"scaling",0.76197290805286
"PYC1",0.0259957351913243,0.153333659815465,0.177307291399246,1.12425188791362,0.886467628174426,0.132453474195188,0.113532371825574,0.168309628668234,0.154451859926364,0.911021318439902,1.05345898985225,0.674544722865289,"eta",0.911021318439902
"PYC2",0.0774849340581269,0.156263093614416,0.197177220467501,1.10430011696672,0.838416525895615,-0.344979538798339,0.161583474104385,0.19232195273269,0.402891780980532,0.812507835918284,1.02524552015942,0.84017176306946,"eta",0.812507835918284
"PYK2",0.0654978920267476,0.271562101725895,0.258685605550166,1.26326447491083,0.913246411978493,-0.910458405573078,0.0867535880215073,0.277190131109826,0.23629229426208,0.979696140835182,0.933242480583377,0.312975024306095,"eta",0.933242480583377
"QCR10",0.299117495870399,0.198105401115065,0.287952249963051,1.01787829947604,0.63222199820664,0.885678509371632,0.36777800179336,0.368212292292465,0.812350652413351,0.53801952097165,0.782027802956496,0.998820543180671,"epsilon",0.53801952097165
"QCR6",0.170046144822101,0.00897100522183192,0.0754987122992449,1.05059022026807,1.17508278777351,0.662564342358592,0.175082787773514,0.18224530984724,0.933061843756828,0.0492248894051183,0.414269713511577,0.960698455945285,"epsilon",0.0492248894051183
"QCR7",0.602314102196049,0.0197851711428456,0.0951574258343469,0.600561925923726,0.546552561296945,0.873890073953607,0.453447438703055,0.604289131697836,0.996731648149558,0.0327412328056544,0.157470026917394,0.750381588742181,"epsilon",0.01
"QDR2",0.123044272640034,0.107005298189372,0.162884724215587,1.04045479354928,0.823987704921216,-0.324849849833158,0.176012295078784,0.180601545785233,0.681302433514911,0.59249381130226,0.901901052437755,0.974589084016446,"epsilon",0.59249381130226
"RAD16",0.126686266655435,0.0431047194261643,0.0165832449353096,0.914201020125918,0.9056869001573,3.89587348161493,0.0943130998426996,0.127500689211361,0.993612406639019,0.338074403305448,0.130063963088224,0.739706588458939,"xc",0.01
"RAD23",0.214652082296207,0.129210771232565,0.206611948949274,1.01003311445727,0.735082488847481,-0.101274261770497,0.264917511152519,0.26510743313034,0.80967960709979,0.487390224056973,0.779351776408674,0.999283603724051,"epsilon",0.487390224056973
"RAD26",0.252804987597999,0.0905484194136918,0.000183146194832894,0.806141916371851,0.829388964910296,1.12076465095992,0.170611035089704,0.258242292977658,0.978944946170651,0.350633578913914,0.0007092029455018,0.660662640199157,"xc",0.0007092029455018
"RAD27",0.337650295133611,0.186491902147454,0.0827472052315838,0.675598139470674,0.826569398139866,-0.908785434013475,0.173430601860134,0.367851520013792,0.917898327893144,0.50697602701346,0.224947297291259,0.471469036891929,"xc",0.224947297291259
"RAD34",0.0447955803772474,0.372933763803575,0.394285767511962,1.31058523867665,0.766594716677563,2.94529707625057,0.233405283322437,0.388511540068834,0.115300514289256,0.959903954815605,1.01486243482524,0.600767954746168,"eta",0.959903954815605
"RAD50",0.799224578429014,0.00876627273940118,0.107810802140458,0.432970600633483,0.427942225335588,3.6064331959107,0.572057774664412,0.805464112980803,0.992253491556939,0.0108835050477415,0.133849293100693,0.710221306505366,"epsilon",0.01
"RAD51",0.778184251698713,0.0171324968737687,0.0992980689824228,0.44568282649552,0.44472125728177,3.97569291050486,0.55527874271823,0.784603091350482,0.991818997755003,0.0218358773533249,0.126558345330386,0.707719289969235,"epsilon",0.01
"RAD52",0.729433839447832,0.116028609194021,0.000296726938596737,0.41000455166784,0.538301113828987,4.40900119920148,0.461698886171013,0.749173204635764,0.973651800323626,0.154875546103431,0.000396072546055622,0.61627789583783,"xc",0.01
"RAD53",0.997129381898666,0.0749996933184713,0.0497485300108966,0.18395377614673,0.381325593361755,4.32461561917784,0.618674406638245,1.02405539932875,0.973706483606518,0.0732379257681101,0.0485799206209995,0.604141540627368,"xc",0.01
"RAD54",0.217076436098062,0.0163283237842619,0.0730484847637437,1.08441010084229,1.20828511176145,2.7043804620033,0.208285111761447,0.224739299869167,0.965903320978724,0.0726545103316043,0.325036541478367,0.926785443768406,"epsilon",0.01
"RAD55",0.716026029394367,0.0667798806228729,0.049355318735673,0.461876439044841,0.511804706022988,1.54845157728438,0.488195293977012,0.726575262389494,0.985480880589805,0.0919104793125676,0.0679287078579551,0.671912903243472,"xc",0.01
"RAD57",0.41011925407454,0.0983130673210585,0.203682864536778,0.854020707021763,0.602442584837626,0.861560724954932,0.397557415162374,0.42351133671841,0.968378455349887,0.23213798261657,0.480938399701459,0.938717292063206,"epsilon",0.23213798261657
"RAD6",0.314923315714828,0.268300275474498,0.166310857556031,0.63041880769051,0.897664836171931,1.26656569127274,0.102335163828069,0.383487605359837,0.821208590090745,0.699632195994299,0.433679877084885,0.26685390191958,"scaling",0.433679877084885
"RAD9",0.431968220186539,0.0642456052323943,0.171891771954065,0.808570875756525,0.606409228864512,-1.31817562505541,0.393590771135488,0.437674313538791,0.98696269537475,0.146788612548313,0.392738999381169,0.899277748225917,"epsilon",0.146788612548313
"RAI1",0.266123913909783,0.401965571604332,0.300675527483276,1.4423143263772,1.04822995143105,-1.93401670000309,0.0482299514310478,0.444936053308295,0.598117216914734,0.903423241644594,0.675772451451442,0.108397490094221,"scaling",0.675772451451442
"RAS1",0.0157245282556275,0.101450391132872,0.122598154900741,1.08391014448985,0.923480558661671,1.58998334847837,0.0765194413383287,0.113561160838716,0.138467484300906,0.893354650336445,1.07957821138214,0.673817005507761,"eta",0.893354650336445
"RAS2",0.307570167406885,0.0362025237601124,0.13225424268475,0.873632702362812,0.712599273919485,0.90096646465201,0.287400726080515,0.31395520582359,0.979662581482109,0.115311111548997,0.421251950060235,0.915419527211165,"epsilon",0.115311111548997
"RAV2",0.0744502667312869,0.214144452365001,0.199028313406344,1.21549869463154,0.949558621774281,-1.46281596022299,0.0504413782257193,0.221323338184673,0.336386877868096,0.967563810131574,0.899264917287095,0.227908085245085,"scaling",0.899264917287095
"RCO1",0.128694269711555,0.275630238542489,0.237128143763194,1.28819089746767,0.971556124162455,-0.240776510486064,0.0284438758375454,0.289591172959197,0.444399835797783,0.951790884114153,0.818837609379086,0.0982207970874619,"scaling",0.818837609379086
"RCY1",0.50311415457769,0.0383324009362692,0.0742820666799282,0.667428558692105,0.620294206825224,1.40496777524281,0.379705793174776,0.50475761801492,0.996744054218155,0.0759421939722683,0.147163834737275,0.752253714699858,"epsilon",0.01
"RDS1",0.125566523681056,0.189895076756976,0.243645475125672,1.11035243288415,0.779256054886642,-0.332849726837942,0.220743945113358,0.246790495659094,0.508798052962736,0.769458630284082,0.987256314206824,0.894458858813934,"eta",0.769458630284082
"REC104",0.192401600576123,0.108993792542085,0.182306709701228,1.00549564626586,0.764047021897904,3.23190785804901,0.235952978102096,0.2360169697355,0.815202401724523,0.461804897606442,0.772430515930848,0.999728868506891,"epsilon",0.461804897606442
"REC8",0.107931268138822,0.134328824822831,0.105246085119177,1.15660731061928,1.02379584918537,-0.877893989057436,0.0237958491853687,0.158404836346171,0.681363464831047,0.848009618401261,0.66441206939652,0.150221733971343,"scaling",0.66441206939652
"RED1",0.178964724780707,0.0649305127277708,0.000333356766453677,1.11692501706932,1.13611592846847,-1.09785670620267,0.136115928468471,0.17944081363919,0.997346819551098,0.361849188102377,0.0018577533153855,0.758556126156258,"xc",0.01
"REG1",0.180914851188665,0.296450281581809,0.223033895401732,0.690839395096156,1.02535416768947,-1.05974567451751,0.0253541676894702,0.310198506514355,0.583222831152774,0.955679267811334,0.719003769257058,0.0817352990327722,"scaling",0.719003769257058
"REH1",0.297093004070945,0.18872444395106,0.278605738474618,1.0109504583238,0.638564640269411,1.35142283084029,0.361435359730589,0.36160120547515,0.821604020043463,0.521913204639551,0.770477902883441,0.999541357323898,"epsilon",0.521913204639551
"REI1",0.0242480945409578,0.424808179854423,0.436641114184086,1.36658821506099,0.763651832215639,1.88636219039329,0.236348167784361,0.436173561597472,0.0555927655315694,0.973942983381608,1.00107194160256,0.541867248713433,"eta",0.973942983381608
"RER1",0.201358866880626,0.0973315043041426,0.173003434752446,0.990559569546619,0.762856873299768,0.690434604041593,0.237143126700232,0.23733095935488,0.848430678525742,0.410108755169204,0.728954348066133,0.999208562358834,"epsilon",0.410108755169204
"REV3",0.0263117664696759,0.0401650990537493,0.0655092624027611,1.02772509159961,0.947957833348335,0.380956441711242,0.0520421666516647,0.0589666669738602,0.446214239671031,0.681149217261244,1.1109541333208,0.882569243310546,"eta",0.681149217261244
"RFX1",0.0210663103451099,0.0719739861798973,0.0953116987746636,1.05668450812586,0.934787295209995,-0.62762049912766,0.0652127047900053,0.0864050364706778,0.243808824179582,0.832983690763468,1.10308036044876,0.754732680567014,"eta",0.832983690763468
"RGD1",0.160105171873852,0.0416397104025346,0.0275184000289696,0.898387394971327,0.875812882469822,-0.464797486577389,0.124187117530178,0.160460467596126,0.997785774106257,0.259501365204422,0.171496446702577,0.773942139086578,"xc",0.01
"RGM1",0.252154878149028,0.296248215288448,0.20256664537732,1.34204931117366,1.08275049137079,-2.11081945790243,0.0827504913707851,0.351916716136762,0.716518615305092,0.841813422620482,0.575609614686783,0.235142258313829,"scaling",0.575609614686783
"RGS2",0.520334347581278,0.0457917968213531,0.344020584864048,1.08872358451535,1.62903984852217,-1.79981347886444,0.629039848522166,0.635266090294487,0.819080941877551,0.0720828602706082,0.541537774674188,0.990199001855374,"epsilon",0.0720828602706082
"RHO0",0.340877634283726,0.0210945750880109,0.121594326149555,0.838417080907854,0.696408626124861,1.76253324603876,0.303591373875139,0.343913887526708,0.991171472414745,0.0613367934622085,0.353560384036867,0.882754040723528,"epsilon",0.0613367934622085
"RHR2",0.331640084457199,0.135978150806645,0.23237743830067,0.942142958758224,0.639489870845211,1.51732619551505,0.360510129154789,0.365123253771182,0.908296256214438,0.372417120526268,0.636435603321769,0.987365568835327,"epsilon",0.372417120526268
"RIC1",0.458883007912596,0.128039008184658,0.2362910549117,0.84304018417,0.551487794111028,0.793914032732906,0.448512205888972,0.475183735639993,0.965695947683388,0.269451579634161,0.497262505404263,0.943871122366805,"epsilon",0.269451579634161
"RIF2",0.0259642352159883,0.110735687709439,0.0890750774648568,0.903291586905941,1.04222047749344,1.90482205762142,0.0422204774934367,0.105522916387602,0.246053048047095,1.04939942431736,0.84413017109639,0.400107189402861,"eta",0.84413017109639
"RIM1",0.000957566276897251,0.121509993115684,0.136259645581094,1.10771161752972,0.928159927661302,0.0337530141504843,0.0718400723386978,0.129471188086374,0.00739597968513605,0.938509910286924,1.05243218661275,0.554873044733097,"eta",0.938509910286924
"RIM15",0.229574402571844,0.0865337073444212,0.168355540959768,0.965023616392858,0.745669587635252,0.459078671215187,0.254330412364748,0.25672418285751,0.894245333713905,0.337068780904252,0.655783725108634,0.990675710927897,"epsilon",0.337068780904252
"RIM4",0.00135288159567351,0.215762511670157,0.228451256508548,1.18973080296376,0.880185953906954,-0.403545019183172,0.119814046093046,0.224395149756983,0.00602901442896009,0.961529301786715,1.01807573272398,0.533942227462594,"eta",0.961529301786715
"RIP1",0.468209986522892,0.0809891047958176,0.190579787364512,0.795113320778402,0.571768476491875,1.49985203240528,0.428231523508125,0.47472180174134,0.986282881480138,0.170603297549721,0.401455729788354,0.902068373386934,"epsilon",0.170603297549721
"RIT1",0.0154059631407565,0.160463026642915,0.169249543179605,1.14696363172939,0.921125308969785,2.13821587816725,0.0788746910302153,0.16679186411874,0.0923663946209561,0.962055478489528,1.01473500565421,0.472892916251981,"eta",0.962055478489528
"RKM1",0.00503865315637605,0.185604693304335,0.201395180721391,1.16080282062843,0.889274880834179,-0.246837699754085,0.110725119165821,0.195237289308021,0.0258078422120823,0.950662109488275,1.03154054963166,0.56713100022165,"eta",0.950662109488275
"RKM2",0.0836402769588118,0.0675614671163414,0.0479082267910631,1.09097921042618,1.03790260190056,0.765926546219531,0.0379026019005551,0.0985587335582308,0.848633844400966,0.685494472962404,0.486088092464762,0.384568678311611,"scaling",0.486088092464762
"RKM3",0.0114703827211593,0.177333027391943,0.187285765234373,1.16011254106736,0.908775803030902,-1.84592804941643,0.0912241969690979,0.184276639647311,0.0622454519634856,0.962319628420304,1.01632939255253,0.495039399153863,"eta",0.962319628420304
"RKM4",0.0598046247346869,0.0744738959401965,0.111517339784919,1.04248802574089,0.897761547876799,3.19020550186796,0.102238452123201,0.110715551861095,0.540164626643584,0.672659754554013,1.00724187262174,0.923433523155534,"eta",0.672659754554013
"RMT2",0.0242578165432595,0.238269751952363,0.241973209338767,1.21848793347189,0.890472783750959,-0.761368577575577,0.109527216249041,0.244403740094297,0.0992530496215003,0.974902232921774,0.990055263660894,0.448140508024888,"eta",0.974902232921774
"RNH202",0.209048016326766,0.0299595745294877,0.109267647910128,0.929811532046833,0.793539281039623,5.63563076830708,0.206460718960377,0.218065241400936,0.958648957457688,0.137388124476032,0.501077783915262,0.946784171718486,"epsilon",0.137388124476032
"RNR1",0.873644713601154,0.238103249315691,0.11730648049277,0.179438324615366,0.557016671333483,3.0579235240637,0.442983328666517,0.932499701118722,0.936884711655179,0.255338687004444,0.125797874628847,0.47504929828403,"xc",0.125797874628847
"ROD1",0.245634708947065,0.0266871526255244,0.137596741702753,1.0537976531179,1.27064262963447,-1.35289666423212,0.27064262963447,0.275937711189418,0.8901817293775,0.0967144088805063,0.498651456916304,0.980810591157968,"epsilon",0.0967144088805063
"ROM1",0.078812718385635,0.118922535358374,0.161291515560926,1.07168478949823,0.856645904609334,2.03196476602107,0.143354095390666,0.160278213462348,0.49172446262729,0.741975673358195,1.00632214495463,0.89440786925381,"eta",0.741975673358195
"ROM2",0.400307790022472,0.230146657297935,0.331362598345505,0.977092913989236,0.538974872218895,1.9330074341632,0.461025127781105,0.461593872397683,0.867229428205212,0.498591231513693,0.717866111662812,0.998767867923324,"epsilon",0.498591231513693
"RPA49",0.0912615456466396,0.263930760096682,0.223558335134176,0.756206222439177,1.08682452181382,2.85325161157659,0.0868245218138162,0.258793167540362,0.352642793911497,1.01985211821915,0.863849448804747,0.335497736045426,"scaling",0.863849448804747
"RPB9",0.5324996687302,0.189917023840975,0.0754456736419386,0.523475421033697,0.700763964188493,0.658824379880852,0.299236035811507,0.562688083654877,0.946349645920008,0.337517408592323,0.134080809303602,0.531797357192733,"xc",0.134080809303602
"RPD3",0.50030020772938,0.166783699435019,0.276715944220577,0.844898492088632,0.501334602696901,1.73424785235099,0.498665397303099,0.522229505317191,0.958008313654182,0.319368587444552,0.529874205503777,0.954877869262137,"epsilon",0.319368587444552
"RPE1",0.173835999846149,0.172961248368083,0.239676560928816,1.07054285024649,0.746493085580013,0.799096096279532,0.253506914419987,0.263138840499919,0.660624632668782,0.657300336352801,0.910836881676119,0.963396030545575,"epsilon",0.657300336352801
"RPH1",0.214605902096198,0.5016802464176,0.41932851676069,1.52058966149278,0.957503012194103,-3.66160947080133,0.0424969878058968,0.522321347089832,0.410869483493059,0.960481989129421,0.80281711459243,0.0813617671241531,"scaling",0.80281711459243
"RPL11B",0.207438278806134,0.237766461364376,0.309320681670122,1.10851223491885,0.686537484022963,0.611853454884578,0.313462515977037,0.331713210544497,0.625354288620676,0.716783214554796,0.932494310860825,0.944980501266435,"eta",0.716783214554796
"RPL12A",0.116349475111153,0.250455411014619,0.299129888053301,1.16793344887356,0.75797460217797,0.0408013229050111,0.24202539782203,0.294580950574676,0.394966052231739,0.850209120875006,1.01544206259689,0.821592154380251,"eta",0.850209120875006
"RPL12B",0.00100952141886964,0.262394343215176,0.274375372330088,1.22991234813018,0.855649008418976,0.352288052140457,0.144350991581024,0.271471723376782,0.00371869823609033,0.966562336405817,1.01069595358658,0.531734906993154,"eta",0.966562336405817
"RPL13A",0.021776262399245,0.340060436981657,0.35571005757487,1.29074391797429,0.801551156503833,-0.673632838206167,0.198448843496167,0.352014160686767,0.0618618931600943,0.966041923762987,1.0104992846904,0.563752444245427,"eta",0.966041923762987
"RPL13B",0.222271916033541,0.27656317988213,0.349447679365983,1.13445625676296,0.655848216123044,1.40192053268838,0.344151783876956,0.369484688895762,0.601572738231238,0.748510528835887,0.945770392841822,0.931437199483106,"eta",0.748510528835887
"RPL14A",0.214553387042931,0.0745418316442203,0.153727479907724,0.963766863864815,0.764355475256557,1.94963730882708,0.235644524743443,0.238413888428828,0.899919834607199,0.312657253885076,0.644792469603191,0.988384218286795,"epsilon",0.312657253885076
"RPL15B",0.0469377263260429,0.229149021349728,0.206308007310704,0.800543703316605,1.10561567543685,1.50680750603137,0.105615675436852,0.225693343243962,0.207971248293778,1.01531138692926,0.914107630935736,0.467960968271392,"eta",0.914107630935736
"RPL16A",0.0175746902962312,0.125538055188363,0.108377601523341,0.89441714211983,1.06060208477495,0.519652098467287,0.0606020847749495,0.121738870362815,0.144363835838577,1.03120765630751,0.890246485780145,0.497803902683987,"eta",0.890246485780145
"RPL16B",0.136326796387606,0.327798757799061,0.378028214203035,1.22686281013721,0.705276507090712,1.85150297195713,0.294723492909288,0.371925626834188,0.366543164954813,0.881355664005373,1.01640808518841,0.792425882072066,"eta",0.881355664005373
"RPL17B",0.180724031211085,0.304385378961666,0.2313021659192,0.68508261118304,1.03129567791928,2.59395395049269,0.0312956779192826,0.316468610190205,0.571064634506611,0.96181854743421,0.730885018201906,0.0988903066894158,"scaling",0.730885018201906
"RPL18B",0.142370073699119,0.133451738061413,0.193753215983336,1.05320045439588,0.793420322459027,3.16678439547977,0.206579677540973,0.213320068256271,0.667401219504973,0.625593921623404,0.908274676485532,0.968402453785076,"epsilon",0.625593921623404
"RPL19A",0.143332566539794,0.460916826216447,0.409857981514235,1.46136199049718,0.905129931741044,-0.707557867376219,0.0948700682589562,0.471015091188146,0.304305677718805,0.978560633914667,0.870158916735255,0.201416196707507,"scaling",0.870158916735255
"RPL19B",0.0147843509246149,0.337170382705719,0.350639292811128,1.29105592671149,0.809173120971624,-0.420626419355163,0.190826879028376,0.348035127873026,0.0424794790542197,0.968782619060022,1.00748247728331,0.548297754294491,"eta",0.968782619060022
"RPL1A",0.207403236929845,0.114394406813669,0.190794227274331,1.00157884426533,0.748812321044293,2.53191324756957,0.251187678955707,0.251192640832428,0.825674017529058,0.455405088439601,0.759553411445722,0.999980246727352,"epsilon",0.455405088439601
"RPL1B",0.0696358214903143,0.339551699796683,0.370359426576151,1.26940451415178,0.758709425953967,0.373381956913998,0.241290574046033,0.361662734282674,0.192543535425155,0.938862834375661,1.02404641526235,0.667170131654872,"eta",0.938862834375661
"RPL20A",0.238250509901997,0.342069660412071,0.414970584592775,1.18418214648319,0.612682951238562,-0.0433913592483069,0.387317048761438,0.428879422850324,0.555518631130841,0.797589350728657,0.967569350459597,0.903090771264653,"eta",0.797589350728657
"RPL20B",0.0573140494525221,0.416170165086944,0.400362932412626,1.39081441968085,0.842151557485783,-0.495362043112696,0.157848442514217,0.421487890021347,0.135980299338183,0.987383445502707,0.949880036630112,0.37450291277935,"eta",0.949880036630112
"RPL21A",0.26433601004205,0.203335074766298,0.287348556407403,1.04447190435932,0.657078294073959,2.44628794098974,0.342921705926041,0.345793358340745,0.764433450400668,0.588024812685764,0.83098344568044,0.991695466828851,"epsilon",0.588024812685764
"RPL21B",0.181574025167381,0.42817825749957,0.362955976752685,1.44302006850587,0.954923766316002,-1.35363803747567,0.0450762336839977,0.445307363449203,0.40774988260012,0.961534195579079,0.815068437093312,0.101224990610647,"scaling",0.815068437093312
"RPL22A",0.00574521268281037,0.438799049749877,0.443730124302623,1.38706299511476,0.774853920361312,-0.228337519831152,0.225146079638688,0.447781776498191,0.0128303852107156,0.979939499060094,0.990951726023214,0.502803131917089,"eta",0.979939499060094
"RPL22B",0.123395271448872,0.0943038723006351,0.15063863875647,1.02952651254114,0.830463870329749,1.04213514060307,0.169536129670251,0.172088100130166,0.717047090156364,0.547997637427018,0.875357672276749,0.985170558231599,"epsilon",0.547997637427018
"RPL23A",0.105130135564895,0.352939507615687,0.321819027347613,1.35013166375679,0.91379730644879,0.150880628167095,0.08620269355121,0.360587141119284,0.29155264727013,0.978791164100142,0.892486144538231,0.239062028899954,"scaling",0.892486144538231
"RPL23B",0.0395247194822765,0.29023742844756,0.31404294334378,1.23859480733454,0.807709234164113,1.25677653449161,0.192290765835887,0.306436324075258,0.128981835301515,0.947137808559147,1.02482283812625,0.627506436830453,"eta",0.947137808559147
"RPL24A",0.290686108906539,0.105764155228256,0.197458770082607,0.943349181788054,0.687021839721578,2.3358565995155,0.312978160278422,0.318063899264517,0.913923615910876,0.332524865201057,0.620814781366908,0.984010323089622,"epsilon",0.332524865201057
"RPL24B",0.129609596942789,0.148721380128051,0.210704872494621,0.921116987553406,1.23459352657397,-1.04335665027335,0.234593526573973,0.247500812853338,0.523673419285259,0.600892491679127,0.851330022174426,0.947849519641727,"eta",0.600892491679127
"RPL26A",0.0951982408121351,0.295098174500997,0.335705822918732,1.21773284475403,0.755850488395714,1.42776429071993,0.244149511604286,0.327133880393475,0.291006974568428,0.902071574323194,1.0262031634111,0.746329029908564,"eta",0.902071574323194
"RPL26B",0.163721928542071,0.225437289491863,0.2875459135623,1.12169677815747,0.7291591472198,1.24702148840701,0.2708408527802,0.296925703415203,0.551390218694311,0.759238041364929,0.968410313607013,0.912150243865793,"eta",0.759238041364929
"RPL27B",0.0604733872102944,0.181770189246735,0.209250561879631,0.874324967241198,1.18367876081399,-1.64201875208959,0.183678760813987,0.222558084627559,0.271719570697663,0.816731459344283,0.940206518355879,0.825307070382839,"eta",0.816731459344283
"RPL29",0.0377920262481561,0.338494239153868,0.359436256093417,1.28253261094229,0.787734147772935,-0.791212354515857,0.212265852227065,0.35338572165206,0.106942708583359,0.957860542784312,1.01712161547748,0.600663352312971,"eta",0.957860542784312
"RPL2A",0.210298951255013,0.0423686467925083,0.12160546540117,0.939369689575175,0.785563778491845,1.98353271709863,0.214436221508155,0.222842831692888,0.943709742231411,0.190127932187197,0.545700593002521,0.962275608684064,"epsilon",0.190127932187197
"RPL2B",0.0444987676620365,0.28112888586871,0.275950493311814,1.26415163177296,0.889073527831832,-0.528337673192148,0.110926472168168,0.286497411499639,0.155319964076159,0.9812615213421,0.963186689427252,0.387181411474317,"eta",0.963186689427252
"RPL31A",0.114283565666159,0.383798415275202,0.425017457169726,1.28843145462054,0.700253172640921,0.298377953277633,0.299746827359079,0.415981807927168,0.274732124069639,0.922632692010414,1.02172126057046,0.72057676957729,"eta",0.922632692010414
"RPL31B",0.246696408194823,0.154658672550331,0.23737668486958,1.0128889170661,0.695910285978262,2.39040415656687,0.304089714021738,0.304362741407287,0.810534190401128,0.508139307180745,0.779913742963472,0.999102953980876,"epsilon",0.508139307180745
"RPL33B",0.0588287610534169,0.000437711103742857,0.0113057671058296,1.02487119794974,1.05457593159765,0.577601152469905,0.0545759315976508,0.0599759018040299,0.980873305509248,0.00729811625297556,0.188505162336216,0.909964334942001,"epsilon",0.00729811625297556
"RPL34A",0.181273338079106,0.245914512434213,0.31127699574073,1.13027067644442,0.704505221203366,0.362997132484417,0.295494778796634,0.322935927758679,0.56132911360227,0.761496294763393,0.963897073642852,0.915026026517088,"eta",0.761496294763393
"RPL34B",0.0296158428631611,0.368966545492278,0.365548271783634,1.33746634508382,0.836179244206404,-0.32461941942216,0.163820755793596,0.375127677055449,0.0789487011345832,0.983575907777499,0.97446361370345,0.436706662327614,"eta",0.97446361370345
"RPL35A",0.171516240048592,0.300681606040964,0.361118351165868,1.1842386643949,0.687263697615836,0.438042836085912,0.312736302384164,0.362970908320397,0.47253439908521,0.828390372750066,0.994896127727972,0.861601564244673,"eta",0.828390372750066
"RPL35B",0.264462470095199,0.0591634086254707,0.0517084916513444,1.13313169687442,1.23045369968417,1.57273042534853,0.230453699684174,0.26614461559608,0.993679580940935,0.222297973201387,0.194287198091661,0.865896532109172,"xc",0.01
"RPL36A",0.0190224562350356,0.16268241161664,0.170066114116893,1.15027453015503,0.923360542730017,-0.0710269231083356,0.0766394572699828,0.168689184075186,0.112766306502242,0.964391478377961,1.00816252713092,0.454323480726684,"eta",0.964391478377961
"RPL37A",0.21830996836064,0.138754267278467,0.216564253069501,1.01607967834099,0.727118180019467,1.61461509406062,0.272881819980533,0.273355160425842,0.798631231327588,0.507597028943266,0.792244978042961,0.998268404940403,"epsilon",0.507597028943266
"RPL37B",0.0269252039684594,0.182044345298005,0.205620989510693,1.14874113684145,0.87096770977633,0.223100336112816,0.12903229022367,0.196909262629397,0.136739143750364,0.924508795914954,1.04424234170077,0.655288067715339,"eta",0.924508795914954
"RPL38",0.159227161758686,0.0715881323160567,0.138146960539765,0.992028195308913,0.81197198860334,-0.49558851079748,0.18802801139666,0.188196925426042,0.846066753738011,0.380389489116227,0.734055353067146,0.999102461270289,"epsilon",0.380389489116227
"RPL39",0.476417321393875,0.0375615385376291,0.148202276566512,0.751740174765778,0.591630618347154,4.09907383998085,0.408369381652846,0.477910548844503,0.996875508493715,0.0785953325961224,0.310104635532395,0.854489156266179,"epsilon",0.0785953325961224
"RPL40A",0.0115225047625334,0.386762517226492,0.388778856225446,1.34654185519747,0.811983881672049,-0.926912402857157,0.188016118327951,0.394260469936834,0.0292256151482278,0.980982235648572,0.986096466348081,0.476883006703852,"eta",0.980982235648572
"RPL40B",0.125787226788459,0.300926764811391,0.394732670009981,0.793170922009242,1.36715246455801,-0.987874125087341,0.367152464558009,0.421401470967446,0.298497360485426,0.714109431370824,0.936714029744037,0.87126526567434,"eta",0.714109431370824
"RPL41A",0.255747952833619,0.0564390513904177,0.0338952440186174,0.831443258469045,0.806404013876257,1.05798945739312,0.193595986123743,0.256691996288855,0.99632227155936,0.219870709669136,0.132046361042263,0.754195646621913,"xc",0.01
"RPL41B",0.217575980455931,0.269794730759658,0.420530033733548,0.839739594122765,1.45575288925351,1.59974463583239,0.455752889253512,0.483108780457218,0.450366437658234,0.55845544869692,0.870466550691864,0.943375297013199,"eta",0.55845544869692
"RPL43A",0.510171804963161,0.24580416983299,0.354877692903723,0.90825922941008,0.451803357099012,2.4538410021057,0.548196642900988,0.555820050264782,0.917872258692584,0.442236960893896,0.638475874943097,0.986284396613323,"epsilon",0.442236960893896
"RPL43B",0.0107820290170638,0.374940280913181,0.377827401834648,1.33552258047875,0.816287034733026,-0.769863101091496,0.183712965266974,0.382525627400709,0.0281864226727201,0.980170357371685,0.987717880242466,0.480263156524487,"eta",0.980170357371685
"RPL4A",0.0259245623462682,0.0733161019644158,0.0784083786700402,1.07594234067368,0.978405237199128,0.247290298419983,0.021594762800872,0.0789529789648432,0.328354454590144,0.92860463184122,0.993102219802935,0.273514224339628,"scaling",0.92860463184122
"RPL6A",0.171583657736298,0.30855131301455,0.368604798741041,1.19125345226471,0.683635574755734,0.168432092237312,0.316364425244266,0.369681393314978,0.464139285447088,0.834641176413377,0.99708777722275,0.855775895041369,"eta",0.834641176413377
"RPL6B",0.0112307298933015,0.319041045476695,0.324438784286059,1.28530133405187,0.840994783058833,-0.374263873280044,0.159005216941167,0.326618294383958,0.0343848770458006,0.976800904794527,0.99332704219153,0.486822752047831,"eta",0.976800904794527
"RPL7A",0.102265118749349,0.327482519710708,0.368464096169744,1.24334007997141,0.735130008677617,1.85584868894303,0.264869991322383,0.35968111824728,0.284321621462047,0.910480153382876,1.02441879063673,0.736402268245522,"eta",0.910480153382876
"RPL7B",0.0117244143029543,0.066694008152245,0.0491854144846141,0.944664989022153,1.0271020718555,0.0892319073500274,0.0271020718554986,0.0616156290139037,0.190283122814646,1.08242030828242,0.79826198761219,0.439857099395723,"eta",0.79826198761219
"RPL8A",0.19180128251229,0.0253266690553079,0.0495933040482252,1.08587198161624,1.17512104933468,0.434527087777,0.175121049334677,0.195041993290622,0.983384548508469,0.129852390390463,0.254269879073317,0.897863308204292,"epsilon",0.01
"RPL8B",0.103535914184123,0.12993157060403,0.102728246481734,1.15137141797524,1.0219098146256,-0.625705091230601,0.0219098146256016,0.152948835094492,0.676931694969486,0.84951003728638,0.671651055192862,0.143249306946769,"scaling",0.671651055192862
"RPL9A",0.0257631784471354,0.314489439227159,0.33268757694917,1.26611631362252,0.809221230094355,-0.03025637648574,0.190778769905645,0.327436148619469,0.0786815339593924,0.960460354035757,1.01603802253307,0.582644190966707,"eta",0.960460354035757
"RPL9B",0.142488515133782,0.0688479267596817,0.131114129604003,0.998461743353634,0.827758821490541,1.4007931763112,0.172241178509459,0.172248047326632,0.827228623750857,0.399702219144037,0.761193706628054,0.999960122525167,"epsilon",0.399702219144037
"RPN4",0.602372223209208,0.0460028367744265,0.069058840853598,0.578893161486587,0.563339258726075,2.44159894184563,0.436660741273925,0.606632979990913,0.992976384531931,0.0758330626454163,0.113839575379882,0.719810421913537,"epsilon",0.01
"RPP1A",0.221550403295214,0.304526985160743,0.37592017535418,1.15992863702075,0.643494751088537,1.03344961056953,0.356505248911463,0.390734131399778,0.567010623058511,0.779371344064047,0.962086864557934,0.912398534610499,"eta",0.779371344064047
"RPP1B",0.300461977651809,0.17920389277043,0.0585949934394271,1.24804682674453,1.19383748038662,0.642142982522992,0.193837480386616,0.3148018377657,0.954447978399147,0.569259360244928,0.186132945904331,0.615744437079445,"xc",0.186132945904331
"RPP2A",0.0446829644085675,0.281023470831872,0.275779686814944,1.26412598809089,0.889294526392283,0.193456769995966,0.110705473607717,0.286388266993776,0.156022328978787,0.981267402403673,0.962957350557024,0.386557294297687,"eta",0.962957350557024
"RPP2B",0.0715184678167243,0.586072364894639,0.601708496414627,1.49553762943616,0.659674201183027,-1.20454845550778,0.340325798816973,0.601148227584199,0.11896977240394,0.974921555121031,1.00093199780806,0.566126261711893,"eta",0.974921555121031
"RPS0B",0.221086275556306,0.0853464991185992,0.00106589748746235,0.829454505021267,0.851454198419626,-0.444803617831307,0.148545801580374,0.226167241272243,0.977534475429087,0.377360128011933,0.00471287301143363,0.656796274936942,"xc",0.00471287301143363
"RPS10A",0.29672168883071,0.0333035417744371,0.0629085747001258,0.823743281595404,0.761125787094126,2.46454430893383,0.238874212905874,0.296862460365331,0.999525802169639,0.112185089800349,0.211911518292707,0.804662915654291,"epsilon",0.01
"RPS10B",0.235132461652254,0.0767079288945805,0.0102471713412245,0.827930392185112,0.834911499946713,1.11861459946866,0.165088500053287,0.238457884716387,0.986054463797297,0.321683340376076,0.0429726672842548,0.6923172209199,"xc",0.01
"RPS11A",0.0478727521704502,0.0856398679367577,0.118445644553897,1.05709989759624,0.902492441612945,1.57710943468236,0.0975075583870548,0.112996116075313,0.423667235947674,0.757900987319584,1.04822757337033,0.862928406513242,"eta",0.757900987319584
"RPS11B",0.030720055881977,0.175115999146432,0.155335323786317,0.849568060240286,1.08229323417355,1.37835585573675,0.0822932341735538,0.171469953317232,0.179157078471601,1.02126346778933,0.905904041969003,0.479928014101137,"eta",0.905904041969003
"RPS12",0.155155327923179,0.284133182185634,0.234230947455457,1.30404270180152,0.99310324995508,2.07408682059342,0.00689675004491985,0.304120912927659,0.510176450641149,0.934277026365563,0.770190202313292,0.0226776579700731,"scaling",0.770190202313292
"RPS16A",0.23149048252352,0.00901760383373674,0.0758248392984305,0.884606747480494,0.797650608266397,2.81936259133697,0.202349391733603,0.232939646822926,0.993778799276242,0.0387121898600269,0.325512811290858,0.868677335496361,"epsilon",0.01
"RPS17A",0.184314983259162,0.000352719603796653,0.074250206388161,0.918954213406549,0.831139247620331,1.63768082401081,0.168860752379669,0.187302891645535,0.984047718857287,0.00188315087235366,0.396417832825973,0.901538416711861,"epsilon",0.01
"RPS17B",0.118294564833589,0.0851477765462637,0.0502431751793007,1.11708078812071,1.0620525245618,1.57298706660435,0.0620525245617991,0.132508213901853,0.892733826457041,0.642584893713317,0.379170269523934,0.468291909871795,"xc",0.379170269523934
"RPS18A",0.227453802915176,0.0106365078201153,0.0734550193003787,0.885699200642188,0.801827268884055,1.03988274381321,0.198172731115945,0.228773040570316,0.994233421683555,0.0464937118184868,0.32108249782081,0.866241628042857,"epsilon",0.01
"RPS18B",0.571719345121707,0.218904664395566,0.657191855922044,0.946100297087344,1.95303979456162,0.659263081674624,0.953039794561619,0.954562741778729,0.598933228900561,0.229324542866255,0.688474237636213,0.998404560380942,"epsilon",0.229324542866255
"RPS1A",0.104213562678713,0.196116778562296,0.243647348232795,1.12623664122466,0.794785053007083,3.17616083533327,0.205214946992917,0.240933318694176,0.432541099933939,0.813987785604834,1.01126465012531,0.851749970096092,"eta",0.813987785604834
"RPS1B",0.281467415206408,0.0383369305046427,0.0557733754112029,0.829650236946952,0.775711483503936,0.12127988140931,0.224288516496064,0.281645842156839,0.999366484699137,0.136117509177693,0.198026624444698,0.796349467751652,"epsilon",0.01
"RPS21A",0.0631450770110786,0.140222538428666,0.177036810160448,1.09698278224015,0.859523610606854,2.79038659099558,0.140476389393146,0.170702302351128,0.369913446634081,0.821444916075204,1.03710850833336,0.822932013560024,"eta",0.821444916075204
"RPS21B",0.379741243626524,0.0269264095092525,0.0783569546006554,0.77127382643098,0.696654664444419,2.78754185795851,0.303345335555581,0.379913220458111,0.999547326014664,0.0708751579552399,0.206249612756751,0.798459540812498,"epsilon",0.01
"RPS22A",0.219611190113475,0.105106563821451,0.184348346681398,0.98661527853702,0.743766569958781,1.66875840700887,0.256233430041219,0.256582776973299,0.855907760856174,0.409639980755172,0.718475140288086,0.998638463048061,"epsilon",0.409639980755172
"RPS22B",0.0188267291846725,0.101471607213132,0.109479342372354,1.09737804087055,0.955883843179358,3.48780672457575,0.0441161568206423,0.106905182925857,0.176106795474356,0.949173879469498,1.02407890222014,0.412666211433722,"eta",0.949173879469498
"RPS23A",0.21211539204145,0.146468345697526,0.222720687075827,1.02629315133991,0.728191393507685,3.88502026201814,0.271808606492315,0.273077367005538,0.77675932783235,0.536362084136234,0.81559555637326,0.995353842293353,"epsilon",0.536362084136234
"RPS23B",0.230038159017617,0.101942365744045,0.183356323395914,0.977780616455701,0.737006927346102,2.15104411078394,0.262993072653898,0.263930023432399,0.871587688380353,0.386247704669173,0.694715671265333,0.99645000304885,"epsilon",0.386247704669173
"RPS24A",0.477511947496203,0.135782289682202,0.0232688253947566,0.609795997820877,0.699007084481776,4.70665502477454,0.300992915518224,0.492804117787956,0.968969069575971,0.275529941372418,0.0472171894569451,0.610775974984315,"xc",0.0472171894569451
"RPS26B",0.302468272010618,0.242502851245026,0.331177129965058,1.05502236483028,0.607482848060141,1.40067203477444,0.392517151939859,0.396354860192851,0.763124922609625,0.611832667138316,0.835557131313894,0.990317494148741,"epsilon",0.611832667138316
"RPS27B",0.25332492675159,0.0872936542612065,0.0032119282435348,0.808391662689067,0.826987979804683,0.315130901140587,0.173012020195317,0.258160636153394,0.981268602859614,0.338136966045197,0.0124415878864907,0.670171962593542,"xc",0.01
"RPS28A",0.178232341977975,0.119046102445194,0.188768198582592,1.02188321053804,0.77054874241066,3.22738301714211,0.22945125758934,0.230492417473509,0.773267701955791,0.516485981404903,0.818977911081557,0.995482888784018,"epsilon",0.516485981404903
"RPS29A",0.0253296586354629,0.0416673071961586,0.0177380701968044,0.960031879600195,0.99802164520496,-1.20547964976413,0.00197835479504038,0.040017053064767,0.632971613238666,1.0412387720985,0.443262780197623,0.0494377932287629,"scaling",0.443262780197623
"RPS30A",0.125116864086395,0.167128622490884,0.221615082500093,1.09086803265616,0.791041564498381,2.05753215705747,0.208958435501619,0.227860982017733,0.549092973173694,0.733467489742834,0.972588990610276,0.917043513335497,"eta",0.733467489742834
"RPS4A",0.0112261711782173,0.125907755312056,0.145108111768228,1.10666569891382,0.914482027081443,2.41917091303596,0.0855179729185574,0.136714648143033,0.0821138870684305,0.920952926568108,1.06139403304036,0.625521654629773,"eta",0.920952926568108
"RPS6A",0.1977744126697,0.208816473711327,0.139888730728547,1.24890814902869,1.07268611982474,0.679240143817293,0.0726861198247364,0.259303950351829,0.762712686796154,0.805296153136118,0.539477823375784,0.280312427659178,"scaling",0.539477823375784
"RPS6B",0.0337662907667371,0.120620034625714,0.0960912022922805,0.892295525128218,1.04122212862773,0.112442640747061,0.0412221286277261,0.11532353530831,0.292796181425283,1.04592730619334,0.833231499844213,0.357447666840262,"eta",0.833231499844213
"RPS7A",0.452833148455924,0.0720459297182459,0.180893152168646,0.799329414520164,0.587469905416586,2.54495868453148,0.412530094583414,0.458748038484984,0.987106451618639,0.157049019667043,0.394319183938193,0.899252007585242,"epsilon",0.157049019667043
"RPS8A",0.195044180621353,0.176159883359832,0.2476103962776,1.06162313040795,0.727146260241768,1.80793539780449,0.272853739758232,0.279725889937502,0.697268960927895,0.629758952234242,0.885189412867443,0.975432555846705,"epsilon",0.629758952234242
"RPS9A",0.164895088888863,0.0104534057852109,0.0516324654264203,1.06592374224343,1.1565191055926,0.507726842039146,0.156519105592599,0.169835715345405,0.970909378828276,0.0615501030743219,0.304014178180439,0.92159122876055,"epsilon",0.01
"RPS9B",0.338580823523051,0.0453055274622158,0.14498104318122,0.860195613620142,0.684235785476159,1.53913325012326,0.315764214523841,0.345329271312044,0.980457932907474,0.131195155539761,0.419834213967381,0.914385894147133,"epsilon",0.131195155539761
"RRD1",0.0549646214002117,0.332493555509464,0.359168417531926,1.26963845070951,0.774914759020161,-0.356423037816558,0.225085240979839,0.351238181022477,0.156488173467378,0.946632722392405,1.02257794550229,0.640833636948583,"eta",0.946632722392405
"RRD2",0.0338307030358356,0.645422528771775,0.622853368225465,1.59492242366181,0.735325971439085,-0.363770774636505,0.264674028560915,0.651141329950964,0.0519560062918802,0.991217265874339,0.956556341266758,0.406477083217628,"eta",0.956556341266758
"RRM3",0.1682090897793,0.293893207671272,0.224632615141464,0.699113459561973,1.03503644767317,-1.05613817925979,0.0350364476731662,0.302919565037188,0.555292919949392,0.970202131497158,0.741558621721536,0.115662544507037,"scaling",0.741558621721536
"RRP8",0.165651330475071,0.048294704507075,0.117093580369736,0.969153267317775,0.819352721041353,0.834904918473092,0.180647278958647,0.183261999095098,0.903904417135117,0.263528198674805,0.63894086579823,0.985732338677073,"epsilon",0.263528198674805
"RSA1",0.192998832823683,0.0692429686658237,0.00856353983386223,0.858381341981219,0.864679169140898,2.92276700990999,0.135320830859102,0.195876419110209,0.985309174531586,0.353503341445427,0.0437190952987761,0.690847992187176,"xc",0.01
"RSA3",0.143757795930904,0.303334573073404,0.356758755575028,1.20114255964529,0.709814711754348,0.845691890352933,0.290185288245652,0.35308048772889,0.407153045628755,0.859108853690937,1.01041764689348,0.821867246508587,"eta",0.859108853690937
"RSC1",0.250315494051959,0.216095578047906,0.297092971698596,1.06426325337895,0.66200347050305,3.35159586612287,0.33799652949695,0.344051478251192,0.727552444547858,0.628090828576922,0.863513138233601,0.982401038399781,"epsilon",0.628090828576922
"RSF2",0.417493795506391,0.0522201097829003,0.0563092602077075,0.722775769493432,0.685768120061119,3.94169358058422,0.314231879938881,0.419040509199149,0.996308916062283,0.124618285431881,0.134376650876363,0.749884254721402,"epsilon",0.01
"RSM18",0.063009373007519,0.212584656358464,0.247066776308016,1.15974124854904,0.823215673361774,-1.18883383665763,0.176784326638226,0.238264484623571,0.264451385220361,0.892221334179627,1.03694336442274,0.741966755630926,"eta",0.892221334179627
"RSM19",0.216475998052787,0.344983032438246,0.413260520567428,1.19937906335516,0.629484082747357,0.0109918735896269,0.370515917252643,0.42075415130685,0.51449521622168,0.819915932776275,0.982190001652635,0.880599552260699,"eta",0.819915932776275
"RSM23",0.0823669224336208,0.226199554647193,0.266118107970335,1.16283662550774,0.799381572454197,-0.929637623396773,0.200618427545803,0.258386377500241,0.31877424510719,0.875431424967371,1.02992313505415,0.776428035745094,"eta",0.875431424967371
"RSM25",0.104482983011298,0.23152678650468,0.203856048607005,1.24102758463714,0.969661349585686,-1.91252454148348,0.0303386504143138,0.242929475908079,0.430095947067506,0.953061729702518,0.839157322696162,0.124886658158327,"scaling",0.839157322696162
"RSM7",0.0241393829646967,0.348148741898091,0.364170011091753,1.29703605882329,0.795888006385107,-1.03457830335155,0.204111993614893,0.360405502425696,0.0669783973946775,0.965991749723268,1.01044520308575,0.566339837325248,"eta",0.965991749723268
"RSP5WW1WW2",0.358043336872217,0.246776685189559,0.140408230898235,0.615960352503838,0.852283470268291,-1.70746293478131,0.147716529731709,0.411468861525335,0.870159009225955,0.599745711679727,0.341236589271263,0.358998076267828,"xc",0.341236589271263
"RSP5WW1WW3",0.777747803756108,0.178419575744307,0.061395229947874,0.316408479707189,0.557647968450548,1.54977028983239,0.442352031549452,0.814231346996763,0.955192657006854,0.219126390063949,0.0754026852126562,0.543275609789573,"xc",0.0754026852126562
"RTC2",0.241207102272177,0.116566370676509,0.199614013587764,0.983522383224973,0.720233844749138,0.966733481893849,0.279766155250862,0.280250983010647,0.860682448571513,0.415935635351832,0.712268736556691,0.998270022982339,"epsilon",0.415935635351832
"RTC3",0.344692466248181,0.100325129957971,0.199303382525362,0.902545107593003,0.648980596616891,2.26779136478533,0.351019403383109,0.364296688985081,0.946186107835574,0.275394020839094,0.547090842578378,0.963553647333544,"epsilon",0.275394020839094
"RTC5",0.273661795176688,0.192758327245949,0.278766650601759,1.02939504890054,0.65496455012089,2.59941725801836,0.34503544987911,0.346285331155025,0.790278335683169,0.556645950329484,0.805020096207774,0.996390602883045,"epsilon",0.556645950329484
"RTF1",0.505771957000878,0.0652116475157041,0.176830879802396,0.751996204341912,0.555682658495049,1.84936119363564,0.444317341504951,0.508845539061557,0.99395969537957,0.128156075881045,0.347513864675945,0.873187062471625,"epsilon",0.128156075881045
"RTG1",0.365561448806195,0.190955876368508,0.289710047782359,0.966841190763329,0.585035015438542,3.92787848392976,0.414964984561458,0.416287695040443,0.878146179100201,0.458711315860431,0.695937091664968,0.996822604908231,"epsilon",0.458711315860431
"RTG2",0.303990437890287,0.149845486048128,0.242084771224318,0.972577239745993,0.653295856540304,3.38111063072274,0.346704143459696,0.34778696190638,0.874070828371413,0.430854236820023,0.696072014595774,0.99688654675049,"epsilon",0.430854236820023
"RTG3",0.124130970462096,0.168863452632056,0.223016048347479,1.09285738742602,0.791020076072422,1.09115203144756,0.208979923927578,0.228681225736529,0.542812249069853,0.738422894525712,0.975226749066066,0.913848188693681,"eta",0.738422894525712
"RTN1",0.0170987435167681,0.156391329532329,0.164600370978516,1.14407881294433,0.924827453870337,-0.481322176584951,0.0751725461296631,0.162510356688619,0.105216331224542,0.96234684803496,1.01286080673554,0.462570802633206,"eta",0.96234684803496
"RTS1",0.00228307416508343,0.336729346022404,0.3459948937373,1.29577963657545,0.820777542986514,-1.46163102760666,0.179222457013486,0.345841412370836,0.00660150601812645,0.973652471848393,1.00044379117414,0.518221504431375,"eta",0.973652471848393
"RTT103",0.260402443711808,0.00597701446641643,0.0840251614987708,0.869358619602745,0.773018588092912,1.55651299170592,0.226981411907088,0.261892595587266,0.994310064887031,0.0228223881359212,0.320838247871626,0.866696560848183,"epsilon",0.01
"RTT107",0.691534318366142,0.0619427804302639,0.177611171772916,0.591833401960755,0.441599427386161,2.31279372894594,0.558400572613839,0.691672734210619,0.999799882462281,0.0895550415196818,0.256784983689747,0.807319046992826,"epsilon",0.0895550415196818
"RTT109",0.649512328175256,0.239791944432937,0.123756117043732,0.386063533727765,0.668228798436052,1.74879292994533,0.331771201563948,0.697846770291319,0.930737743335997,0.343616900788743,0.177339958157389,0.475421275397533,"xc",0.177339958157389
"RUD3",0.312830939363319,0.0760804545551879,0.171775479585416,0.903583963060733,0.686271094590183,-0.617671358844985,0.313728905409817,0.328210112989707,0.953142292032696,0.231804114328354,0.523370465403068,0.955878240776987,"epsilon",0.231804114328354
"RVS161",0.112452354288027,0.108660703288331,0.0770896793678481,1.13567786633943,1.04264071784045,-1.88525738348917,0.0426407178404489,0.142220653325626,0.790689338422304,0.76402899823237,0.542042787494055,0.299820854730707,"scaling",0.542042787494055
"SAC3",0.548646815937119,0.0765605298142014,0.037663601318758,0.5992122919368,0.615804871460233,1.82990882604588,0.384195128539767,0.555190673308046,0.988213315378776,0.137899524424687,0.0678390382431019,0.692005732464093,"xc",0.01
"SAC6",0.941861968920982,0.0377747024617168,0.156642479182761,0.333989933020327,0.324577140058949,7.26248302779121,0.675422859941051,0.948559670789992,0.992939082194553,0.0398232221176521,0.165137190633779,0.71205099767581,"epsilon",0.0398232221176521
"SAL1",0.143516845564254,0.179025528605966,0.23797408363766,1.09181724341099,0.7692026683366,-0.35215773805364,0.2307973316634,0.248390447663628,0.577787297837659,0.720742404910849,0.958064554720422,0.929171527465288,"eta",0.720742404910849
"SAM1",0.0285916131424817,0.317724256769864,0.336700076717814,1.26781780018803,0.805214667884403,-0.210979418098664,0.194785332115597,0.331161138578996,0.0863374647918158,0.9594249437999,1.01672580956384,0.588188979393583,"eta",0.9594249437999
"SAM37",0.351631946502904,0.0833311476551024,0.0203370508142167,0.745961221475904,0.750996897419477,-1.11018837823126,0.249003102580523,0.355722147312676,0.988501697629255,0.234259093184477,0.0571711684747608,0.699993251647758,"xc",0.01
"SAN1",0.309549839377839,0.097964433122707,0.00121804359081311,0.76348164683942,0.790700723112191,2.01488019487218,0.209299276887809,0.315827672453749,0.980122599685026,0.310183184271332,0.00385667152390356,0.662700881343637,"xc",0.01
"SAP155",0.0805076036340165,0.473301508074822,0.445799873263243,1.45162294478989,0.840992173308523,-1.85480644248244,0.159007826691477,0.47879721512331,0.168145513572552,0.988521848342262,0.931082845058802,0.33209847858143,"eta",0.931082845058802
"SAP185",0.133551270288286,0.242243754618448,0.295937012726299,1.15211835543833,0.746942339426719,0.624900517752071,0.253057660573281,0.295259502194397,0.452318280345663,0.820443551581132,1.00229462735955,0.857068641965906,"eta",0.820443551581132
"SAP190",0.0688856852976065,0.137195188248292,0.175939007824651,1.09181590713971,0.855943103318399,-0.0658019560875305,0.144056896681601,0.170829008910728,0.403243487372831,0.80311411465243,1.02991294597157,0.843281229576662,"eta",0.80311411465243
"SAP4",0.3214962184601,0.0306498258145199,0.116282133252058,1.1204355926025,1.3135514784888,0.162044213488636,0.313551478488803,0.335885786582327,0.957159341963699,0.0912507377176779,0.346195456602199,0.933506242342736,"epsilon",0.01
"SAS2",0.0641487850934517,0.287232751967188,0.318955805721973,1.22507187784493,0.786970548825625,-0.888032754192926,0.213029451174375,0.309901431529926,0.206997382286236,0.926851968863692,1.029216948587,0.68741034890574,"eta",0.926851968863692
"SAS3",0.0281804593460307,0.128859267611234,0.154098179499382,1.10227350249951,0.897262997636996,2.16337226558075,0.102737002363004,0.144964688693672,0.19439533585713,0.888901074961289,1.06300493511913,0.708703638719216,"eta",0.888901074961289
"SBE22",0.0478167227319496,0.137313863333574,0.152651729149245,0.907087666341643,1.13621336493339,4.55372599693083,0.136213364933392,0.164884148820677,0.290001938172683,0.832789957771576,0.925812033728387,0.826115584230801,"eta",0.832789957771576
"SCH9",0.0762603524372681,0.394754232097666,0.372989521789119,1.37812878767255,0.868710579738465,-1.10510663766678,0.131289420261535,0.400272771918502,0.190520959174298,0.986213052178429,0.931838356132456,0.327999877764021,"eta",0.931838356132456
"SCH9SUPPRESSOR",0.521436395438794,0.102036959851222,0.213846753376453,0.771163870394705,0.523745760508815,4.02094432982696,0.476254239491185,0.528378722930871,0.986861076741379,0.193113301923347,0.40472249183363,0.901350146821665,"epsilon",0.193113301923347
"SCJ1",0.0815387548565477,0.128413918348182,0.110741654746906,1.14285746099972,1.00126409042603,-1.78391032232591,0.00126409042603126,0.142863053613914,0.570747669141286,0.898860237827619,0.775159510773052,0.00884826688254513,"scaling",0.775159510773052
"SCO1",0.118534024806423,0.327471220528777,0.291857107909313,1.33154392820782,0.937838176526224,-0.972821177927757,0.0621618234737764,0.3373210171766,0.351398278703653,0.970799931974989,0.865220644572273,0.184280908417967,"scaling",0.865220644572273
"SCO2",0.0152930617671991,0.108467619457226,0.129381270715642,1.09008009075455,0.920071422952428,0.504642311618933,0.0799285770475718,0.120428402709647,0.12698882840845,0.9006813759603,1.07434183136664,0.663702044112299,"eta",0.9006813759603
"SCP1",0.101608492621716,0.0743092884035378,0.04672844568132,1.10253604798891,1.05176712568706,0.0510233925786247,0.0517671256870578,0.114862859267401,0.884607028501452,0.646939218451335,0.406819453906648,0.450686375188902,"xc",0.406819453906648
"SCP160",0.17713838253918,0.0603158751872251,0.131598067900291,0.972960495073822,0.803045934216264,-0.135751568994628,0.196954065783736,0.198801506169841,0.89103139081777,0.303397475951193,0.661957096984287,0.99070711071713,"epsilon",0.303397475951193
"SCT1",0.267018400529185,0.0616704078517213,0.191217277497125,1.02821569405313,1.32241638935238,1.63127008155871,0.322416389352379,0.323648657519113,0.825025515557457,0.190547392732748,0.590817459163513,0.996192574453482,"epsilon",0.190547392732748
"SCW4",0.163992579118343,0.112227761852149,0.178746612918447,1.02378461850793,0.786123176491288,-0.132135301422541,0.213876823508712,0.215195268794982,0.762064054830961,0.521515935181033,0.830625198775814,0.993873260812596,"epsilon",0.521515935181033
"SDH1",0.00284557340419778,0.372950705612958,0.378665516982382,1.33054878790034,0.809852188988766,-1.32213116650596,0.190147811011234,0.381338027496276,0.0074620761608297,0.978005545530337,0.99299175450337,0.498633226430824,"eta",0.978005545530337
"SDH2",0.0687269400139823,0.417191377632437,0.443348925293043,1.34022720984336,0.726703381810622,-1.81054759411867,0.273296618189378,0.436400728495669,0.15748585079336,0.955982312565222,1.01592159761356,0.626251516883273,"eta",0.955982312565222
"SDH4",0.0594619940431004,0.177819826556731,0.212360510848385,1.13105678574544,0.843610642019698,0.314356064882868,0.156389357980302,0.204042917983977,0.291419053553085,0.87148247199001,1.04076393803122,0.766453251725122,"eta",0.87148247199001
"SDP1",0.0876025894306989,0.109811291170071,0.0893069103629195,1.12872620137933,1.01750953391181,-0.635004648088193,0.0175095339118094,0.129911580312765,0.674324715470271,0.845277156245017,0.687443799451218,0.134780393477277,"scaling",0.687443799451218
"SDS3",0.466211086318545,0.268307962936375,0.0652190064217955,1.36247288132829,1.31764446472099,-2.2477778636145,0.317644464720994,0.481959122401807,0.967324954853469,0.556702737774279,0.135320618264847,0.659069306828423,"xc",0.135320618264847
"SEC28",0.282074694398336,0.201629311450904,0.0915086615271799,1.26393738294533,1.16207430213759,-3.11544241352526,0.162074302137594,0.309727334165746,0.910719407953151,0.650989722925149,0.295449098070919,0.523280589923206,"xc",0.295449098070919
"SED1",0.163924966332843,0.00956686296209472,0.0520891878571543,1.06489786769665,1.15608532753511,-2.80447923287796,0.156085327535112,0.169039530002054,0.96974338683296,0.0565954186099458,0.30814796903731,0.92336583953597,"epsilon",0.01
"SEO1",0.197374246928705,0.129400299251511,0.0498771063144965,0.808489172312904,0.89829010453773,2.55569010923714,0.10170989546227,0.216843953008477,0.910213285592469,0.596743867911557,0.230013821563872,0.469046491964172,"xc",0.230013821563872
"SET1",0.118259843077181,0.291328302711902,0.338596466837889,1.20323200947017,0.737359944549753,-0.528780097190332,0.262640055450247,0.332088916406725,0.356108973333944,0.877259939488912,1.01959580735659,0.79087269244656,"eta",0.877259939488912
"SET2",0.256253899036717,0.0614090719968495,0.148898968100863,0.927696596411592,0.738125472892337,3.24979214059378,0.261874527107663,0.271672689312582,0.943244974992227,0.226040652640624,0.548082210536603,0.963933944815319,"epsilon",0.226040652640624
"SET3",0.296415751647504,0.0180560250467934,0.113029700843295,0.865964108774524,0.731409568454548,2.28128906023769,0.268590431545452,0.300177347670306,0.98746875454795,0.0601511912438674,0.376543072688614,0.894772485765492,"epsilon",0.0601511912438674
"SET4",0.088031368189066,0.00029948848527858,0.0475074902553166,0.967977348596493,0.914398078052436,1.87896181804591,0.085601921947564,0.0913955099773908,0.96319138884222,0.00327684024469765,0.519801139761339,0.936609708384362,"epsilon",0.00327684024469765
"SET5",0.078442455532037,0.125027286381103,0.0825363100251842,0.870611278474344,1.0011463644057,1.00106984143259,0.00114636440570215,0.129393799733196,0.606230404345353,0.966254075843691,0.637869126614801,0.00885950028568524,"scaling",0.637869126614801
"SET6",0.214990886085774,0.205937162849442,0.128840584216094,1.25099273221642,1.09146656417251,-3.4052267916854,0.0914665641725074,0.267139446707118,0.80478899217562,0.770897616911007,0.48229711412613,0.342392579231431,"scaling",0.48229711412613
"SFB2",0.0559312432031163,0.0189883613982281,0.0101883048143316,1.0403394924279,1.03965184481294,0.410289886205109,0.0396518448129362,0.0565645069492345,0.988804574100036,0.335693925791128,0.180118335044896,0.701002217671991,"xc",0.180118335044896
"SFC1",0.208906740068661,0.233230386791216,0.305298082844875,1.10367607828168,0.687506446584655,1.28548113292253,0.312493553415345,0.329242995573206,0.634506254886177,0.708383746737472,0.927272825693245,0.94912741536475,"eta",0.708383746737472
"SFG1",0.109652057277362,0.195325872769651,0.165788017133207,1.21067895504145,0.992942361064484,-3.24042717150891,0.00705763893551592,0.21079713557044,0.520178118078462,0.926605915403344,0.786481356516381,0.0334807155534499,"scaling",0.786481356516381
"SFL1",0.111647913948543,0.0787362018887243,0.0237279393389924,0.892717481417426,0.940878838621978,-2.30627299494131,0.0591211613780223,0.122494287687657,0.911454044561077,0.642774478508668,0.193706496742896,0.482644231776529,"xc",0.193706496742896
"SFP1",0.361801360448551,0.0214480856487879,0.124139499556917,0.824022880451535,0.680935924003043,1.35116237303635,0.319064075996957,0.364375947609562,0.992934256012502,0.0588625176537999,0.340690707966091,0.875645272664489,"epsilon",0.0588625176537999
"SGF11",0.0141112186661213,0.458049347647681,0.455131709216157,1.4127071364428,0.785392339416468,-1.85757534504918,0.214607660583532,0.465170536956018,0.0303355813514378,0.984691228823441,0.978419037874684,0.461352651412279,"eta",0.978419037874684
"SGF29",0.271307516433894,0.0958272029105405,0.184801380264183,0.94728843314599,0.707475095150339,1.94350125688743,0.292524904849661,0.297236150623554,0.912767561633181,0.322394172813469,0.621732517651366,0.984149822408851,"epsilon",0.322394172813469
"SGF73",0.0612938003201138,0.602655021809465,0.573689462595283,1.56497686457398,0.775462630913175,-1.02057770732835,0.224537369086825,0.60796043261077,0.100818732654853,0.991273427485203,0.943629604531471,0.369328918532728,"eta",0.943629604531471
"SGS1",0.699484653428183,0.139337072408936,0.0231609552401272,0.41869960521699,0.570503439891098,0.775219261894444,0.429496560108902,0.722756836093761,0.96780081279984,0.192785547573652,0.0320452939128239,0.594247662090857,"xc",0.0320452939128239
"SHE1",0.372001389980535,0.194867735874046,0.294211356725971,0.965785863706832,0.578188191346112,-0.0870098041728018,0.421811808653888,0.423197127875594,0.879026263358505,0.460465638914568,0.695211137662681,0.996726539169441,"epsilon",0.460465638914568
"SHU1",0.155416092428529,0.164473161770364,0.114455711533186,1.19754302662443,1.05421221259993,-2.32029203956608,0.0542122125999345,0.204846799738051,0.758694266287138,0.802908134179715,0.558738099299315,0.264647593563867,"scaling",0.558738099299315
"SHY1",0.130941574265893,0.16803970623826,0.129140097084916,1.19334234121543,1.02807867036713,-0.185205288077861,0.0280786703671347,0.195370603306254,0.670221476772711,0.86010742350449,0.661000656697985,0.14372003715994,"scaling",0.661000656697985
"SIA1",0.00621329693666908,0.207477023159598,0.223100505383079,1.17943548184222,0.87728656335898,0.561572602299528,0.12271343664102,0.217383715296703,0.0285821637015848,0.95442762525434,1.02629815245623,0.564501515090633,"eta",0.95442762525434
"SIF2",0.0747928610332771,0.0326410320565906,0.0158454696442385,1.05820849369809,1.05003563085973,2.29720696073638,0.0500356308597338,0.0767580164812221,0.974398042862067,0.425245903332791,0.206434068656723,0.651861957271583,"xc",0.206434068656723
"SIN3",0.529437064508061,0.0488878072527301,0.161582057794789,0.718993071860061,0.549844214366583,1.17085032205501,0.450155785633417,0.530664795329296,0.997686428736105,0.0921255897942005,0.304489876127021,0.848286507029508,"epsilon",0.0921255897942005
"SIN4",0.0591352294642359,0.192785898541991,0.226734619943431,1.14420060452617,0.836427240107135,0.292730036915165,0.163572759892865,0.218059308732011,0.271188741302081,0.884098457722434,1.03978418193594,0.750129681892607,"eta",0.884098457722434
"SIP18",0.363142805472419,0.117961985821819,0.0126706086703795,0.710384335072027,0.764439666689522,-0.2346740990071,0.235560333310478,0.37331743061504,0.972745378843258,0.315983064673613,0.0339405761191077,0.630992056605533,"xc",0.0339405761191077
"SIP2",0.0139834542432437,0.17426664529876,0.193523770844955,1.14732289780625,0.886768327157194,1.3233473284855,0.113231672842806,0.18581024716848,0.0752566365759391,0.937874245120333,1.04151290789405,0.609394124211758,"eta",0.937874245120333
"SIR2",0.512748152693754,0.19491540064605,0.0808862766329222,0.535821599645351,0.716215956659434,6.19113332561018,0.283784043340566,0.544054198228927,0.942457855049948,0.358264675248464,0.148673196340058,0.521609876854871,"xc",0.148673196340058
"SIR2'",0.0840256631218268,0.201656918587351,0.243029300417613,1.14061271615499,0.809847347942687,0.730546790192699,0.190152652057313,0.236495173373396,0.355295467232056,0.852689362370032,1.02762900803011,0.804044536490754,"eta",0.852689362370032
"SIR3",0.182511778288491,0.115627983598288,0.0398843203194945,0.82748040283353,0.902072117355049,1.53375116835525,0.0979278826449508,0.198375607386101,0.920031352107047,0.582873999086189,0.201054559303086,0.493648810634025,"xc",0.201054559303086
"SIR4",0.209698715386117,0.0177598364656802,0.0975219731229937,0.919372199061114,0.799906911547285,2.58873644314505,0.200093088452715,0.215726879017861,0.972056501910247,0.0823255615922101,0.452062225935783,0.927529704984741,"epsilon",0.0823255615922101
"SIS2",0.0935494636194238,0.44949488690252,0.418421227862621,1.43428469350129,0.862593405782276,-1.13741804419198,0.137406594217724,0.455503860734486,0.205375786428195,0.986808072664244,0.918589860441424,0.301658462336983,"eta",0.918589860441424
"SIT4",0.138243657362151,0.0568179945641989,0.118235407015522,0.99056987792502,0.838026991937859,-1.25399306180894,0.161973008062141,0.162247288245589,0.852055272276079,0.350193800947817,0.728735797645826,0.998309492957236,"epsilon",0.350193800947817
"SIZ1",0.343440974682818,0.249080465188284,0.491307691547365,0.881897425656103,1.61099225487209,0.0597553257391144,0.61099225487209,0.622301979412196,0.551887967650721,0.400256585112515,0.78950044801631,0.981825986555935,"epsilon",0.400256585112515
"SKI2",0.108113152732649,0.34571122125391,0.387360454336245,1.25693188534248,0.721998461321799,-0.631630230776809,0.278001538678201,0.378548344618077,0.285599327720547,0.91325513945307,1.02327869040626,0.734388467498599,"eta",0.91325513945307
"SKM1",0.0531321664023555,0.0824531184846027,0.117112740283234,1.0521362861323,0.89944083156841,-3.36503110163312,0.10055916843159,0.113271084956937,0.469070870315714,0.727927330403427,1.03391558691044,0.887774390700156,"eta",0.727927330403427
"SKN7",0.196741492457686,0.100940579589416,0.175484575155649,0.99622922539106,0.764737484048516,-0.296274005898677,0.235262515951484,0.235292732894524,0.836156263890567,0.428999988005005,0.745813833673794,0.999871577236288,"epsilon",0.428999988005005
"SKP2",0.00965744959180001,0.155706337838964,0.173826556453872,1.13298585240963,0.900281224279204,-0.756395785354634,0.0997187757207956,0.166219948178224,0.058100424754345,0.936748805095361,1.04576230686519,0.59992062814191,"eta",0.936748805095361
"SLA1",0.850054015888558,0.0985733619164545,0.215225636944911,0.476801062010307,0.329506570902879,5.85161344969044,0.670493429097121,0.850469615668872,0.999511329067309,0.115904625045222,0.253066815062689,0.788380227516765,"epsilon",0.115904625045222
"SLF1",0.0119161893130221,0.0423626168648008,0.034063952697844,0.973488513123021,1.03461870332659,4.77839568045451,0.0346187033265879,0.0436040543578521,0.273281681910304,0.971529310488812,0.781210674087462,0.793933129302089,"eta",0.781210674087462
"SLM1",0.0929535401044337,0.0880851294881722,0.0394973189972039,0.893820019756166,0.963749904612606,1.00129639988187,0.0362500953873935,0.112197404694476,0.828482087955193,0.78509061531357,0.352034158942969,0.323092102585668,"scaling",0.352034158942969
"SLM2",0.173006557235191,0.189243868638721,0.255114088990263,1.08510954340637,0.739041781018649,1.06916763425819,0.260958218981351,0.274486477686534,0.630291731284358,0.689446963776626,0.92942315825702,0.95071429813518,"eta",0.689446963776626
"SLT2",0.25622494919852,0.054948088809759,0.142621047901497,0.922310214169287,0.741727640582925,3.00473307927909,0.258272359417075,0.269704123923392,0.950022363289108,0.203734700124076,0.5288055882379,0.957613682949969,"epsilon",0.203734700124076
"SLX1",0.158568623770754,0.0882631894791859,0.157831968844818,0.979750662105641,1.21980768585863,-0.426766109559288,0.219807685858629,0.220738429929375,0.718355312310085,0.399854205302745,0.715018082240218,0.995783497821182,"epsilon",0.399854205302745
"SLX5",0.0312144313619573,0.0959913696819954,0.1228101598645,1.07291942234305,0.912121738868686,0.542267793963294,0.0878782611313139,0.114192079122449,0.27335023236144,0.840613205571494,1.07547003967595,0.76956529565489,"eta",0.840613205571494
"SLX8",0.335945930137649,0.261128249083011,0.3538808863843,1.04968138071239,0.572248913182481,-0.0157549140773292,0.427751086817519,0.430626557312781,0.780132865548368,0.606391418849123,0.821781379654348,0.993322589035832,"epsilon",0.606391418849123
"SMF1",0.236622176174946,0.010711934474116,0.0960499602810969,0.897665522139423,0.782192960225088,-0.936636743285476,0.217807039774912,0.240649645614755,0.983264178804334,0.0445125711560959,0.399127786104697,0.905079412099321,"epsilon",0.0445125711560959
"SMF2",0.0871203802851856,0.0932648809619346,0.0468253058530745,0.892264294559581,0.972419116850041,0.898706297132936,0.0275808831499594,0.111210104496293,0.783385472748025,0.838636753237145,0.421052619860055,0.248006988887227,"scaling",0.421052619860055
"SMF3",0.0975964632908269,0.120318334037751,0.168427996891262,1.06412473931659,0.839235288871037,-0.194193433256029,0.160764711128963,0.17308169902332,0.563875117020183,0.695153414351104,0.973112685175159,0.928837144748056,"eta",0.695153414351104
"SMY1",0.38331263605577,0.0186731406388737,0.123420022911853,0.806273634540306,0.667102930990953,2.46954252600475,0.332897069009047,0.385162774978368,0.995196475249452,0.0484811665403605,0.320436010252508,0.864302291486355,"epsilon",0.0484811665403605
"SMY2",0.310502001610613,0.110722084718964,0.0203235013784401,1.18905884940874,1.24626529115172,1.96014341637743,0.246265291151717,0.310467135403728,1.00011230240792,0.356630612689431,0.0654610393850921,0.793208887734532,"xc",0.01
"SNA2",0.0825502710212553,0.295468307839285,0.358141953440776,0.786956878792494,1.30751189635553,0.356901096619223,0.307511896355534,0.374100170935557,0.220663547987193,0.789810673169094,0.957342394538682,0.822004158903489,"eta",0.789810673169094
"SNC2",0.245099227168496,0.0574481461364649,0.143075718105086,0.931245542019929,0.74915124985236,2.44424142178059,0.25084875014764,0.260100501619598,0.94232508450506,0.220869032465319,0.550078593521274,0.964430089852388,"epsilon",0.220869032465319
"SNF1",0.216082514157585,0.24842614861973,0.321325799248082,1.11299974827433,0.674270839182087,1.09115055742586,0.325729160817913,0.344773011294683,0.626738483230335,0.7205498704404,0.931992321676942,0.944764091582293,"eta",0.7205498704404
"SNF11",0.00645150871313776,0.191887923988215,0.208024013651235,1.16571368119302,0.88481561064456,2.20785432741267,0.11518438935544,0.201812952224895,0.0319677634265435,0.950820657805852,1.03077632707845,0.570748250226686,"eta",0.950820657805852
"SNF2",0.00959580409047177,0.237280857942617,0.246358393621905,1.2119258106778,0.877350783142561,0.807132365448308,0.122649216857439,0.244857876383807,0.0391892808685094,0.969055443291873,1.00612811505294,0.500899618459446,"eta",0.969055443291873
"SNF4",0.259633619764004,0.0175779176754791,0.106858218121776,0.889171227441228,0.760078780839404,-0.361369156525822,0.239921219160596,0.264282440261154,0.982409650476373,0.0665118638155046,0.404333401856673,0.90782126471783,"epsilon",0.0665118638155046
"SNF5",0.075260290283374,0.0931008197517905,0.134925163674239,1.05135380385331,0.873630484856962,-2.8249959212479,0.126369515143038,0.136405526015962,0.551739306181535,0.682529678019761,0.989147343330146,0.926425188435922,"eta",0.682529678019761
"SNF7",0.155298476729584,0.0827958010175996,0.0145423537177691,0.867897025172632,0.904889646684873,1.72876647862214,0.0951103533151272,0.162779529628171,0.954041807863211,0.508637672112248,0.0893377303091334,0.584289397643444,"xc",0.0893377303091334
"SNQ2",0.121172573436296,0.260361100893025,0.309905079932925,1.17430323294348,0.749125359545761,-0.80970555641854,0.250874640454239,0.305482736398624,0.396659316545399,0.85229399200248,1.01447657431132,0.821239993499578,"eta",0.85229399200248
"SOD1",1.05123750674848,0.109318459296539,0.0235570241441149,0.100612131318061,0.385367483147242,7.06476975805132,0.614632516852758,1.08934460530403,0.965018325358194,0.100352504399679,0.0216249513968449,0.564222298306803,"xc",0.01
"SOD2",0.313898535094203,0.207925104171103,0.299581496168506,1.01689034801722,0.615751339332427,-0.289655301702332,0.384248660667573,0.384619704488689,0.816127024775023,0.540599199012741,0.778903141654606,0.999035296900326,"epsilon",0.540599199012741
"SOH1",0.344023259688949,0.0550396120903517,0.047358487685237,0.773969849174595,0.739167865063748,1.54065788972585,0.260832134936252,0.345142045682004,0.996758476670541,0.159469449691627,0.137214483942853,0.755724022035175,"xc",0.01
"SOK1",0.0880452486746359,0.435569869490269,0.407316495773321,1.41958598429465,0.863003176186397,-1.3669928093502,0.136996823813603,0.441384784458558,0.199475042581362,0.986825746665867,0.922814990718296,0.310379579535474,"eta",0.922814990718296
"SOL1",0.377980043214672,0.213061659050628,0.312502424883476,0.977731619842314,0.564336723310118,0.181267000593473,0.435663276689882,0.436232015573149,0.866465618572398,0.488413622669794,0.716367468978384,0.998696246806829,"epsilon",0.488413622669794
"SOL2",0.439231815112843,0.0800777608635974,0.187929782740383,0.816579976718261,0.592266239309009,2.49056291675823,0.407733760690991,0.447090286796629,0.982423076689739,0.179108701818035,0.420339668049795,0.911971860566185,"epsilon",0.179108701818035
"SOL3",0.199049624646747,0.397910302368664,0.459478919747825,1.25740931597915,0.621204281466483,1.73147451600438,0.378795718533517,0.457980078532002,0.434625072087798,0.868837578359558,1.00327272142628,0.827100863748702,"eta",0.868837578359558
"SOL4",0.271165783566633,0.019917324374167,0.0992689723052713,1.10020024580163,1.26498097337412,-1.6287898836601,0.264980973374122,0.28329314412637,0.957191478822632,0.0703064115285557,0.350410782482579,0.935359640245724,"epsilon",0.01
"SOV1",0.198256197595671,0.283222117960877,0.214344440155136,1.31580513424458,1.03566322385616,-2.59838519759707,0.0356632238561578,0.317812442096046,0.62381509134169,0.891161202163645,0.674436906061591,0.112214687445685,"scaling",0.674436906061591
"SPC1",0.174614442635973,0.134517024745154,0.202848102726214,1.03705455584417,0.765500954458264,0.661576332497333,0.234499045541736,0.237408598135774,0.735501763656055,0.566605530723971,0.8544261004827,0.987744535720756,"epsilon",0.566605530723971
"SPF1",0.174185555907047,0.0349484974660242,0.106188622023597,0.953472123915225,0.819612604453083,0.774870872236208,0.180387395546917,0.186291319511029,0.935017027976628,0.187601320113873,0.57001379507278,0.96830811022431,"epsilon",0.187601320113873
"SPO13",0.0329795583859499,0.0897502274945674,0.117273010421144,1.0668778399332,0.913906729591644,0.49783575573015,0.0860932704083561,0.109016955946022,0.30251769644237,0.823268515578493,1.07573183825835,0.789723668774827,"eta",0.823268515578493
"SPO7",0.641429996155883,0.141987486746322,0.256699277865326,0.705917275650377,0.423028217297639,2.98725365076661,0.576971782702361,0.647596391895165,0.990478026412043,0.219253054098714,0.396387751812678,0.890943479493262,"epsilon",0.219253054098714
"SPO71",0.356424218196189,0.244209945501077,0.340186581448536,1.0205928391216,0.564862949131096,1.54690912206757,0.435137050868904,0.435624055880728,0.818192231086927,0.56059793348038,0.780917804827743,0.998882052069327,"epsilon",0.56059793348038
"SPP1",0.111316036361947,0.12181895342486,0.173924750130163,1.05881452453691,0.826390765419712,1.33479886961364,0.173609234580288,0.183301158283456,0.607284958831568,0.664583653293015,0.948846978158247,0.947125682161923,"eta",0.664583653293015
"SPR3",0.127106023023107,0.179831190125218,0.234388016439407,1.10085448421747,0.782934340433213,1.37767057312188,0.217065659566787,0.239351472838452,0.531043412918107,0.75132685833353,0.979262895940503,0.906890845469302,"eta",0.75132685833353
"SPS1",0.108378285685543,0.215714061647143,0.186589997913818,1.22828547445421,0.981314234229038,1.96372207909202,0.0186857657709623,0.229048937323947,0.473166507348874,0.941781543138337,0.814629397952288,0.0815797968297699,"scaling",0.814629397952288
"SPS100",0.302733826564081,0.348501674616718,0.432687294240487,1.150710918174,0.557290225711701,4.20321789927216,0.442709774288299,0.467659839100222,0.647337661379136,0.745203341144785,0.925217985519086,0.946649118171175,"eta",0.745203341144785
"SPS19",0.0413437559026853,0.197837407582793,0.196072196082955,1.1893247673923,0.926372161719502,-0.30441382317006,0.0736278382804977,0.203137702354852,0.20352576318139,0.973907872784739,0.965218144194845,0.362452845665649,"eta",0.965218144194845
"SPS4",0.00733172967605772,0.0618147353786308,0.0742799638310104,1.0592118425291,0.9672359340685,0.101444384602074,0.0327640659314997,0.067672197482088,0.108341829419657,0.913443595429162,1.09764373841519,0.484158445426158,"eta",0.913443595429162
"SPT20",0.651187136723093,0.428183191330029,0.311824141748142,0.25036341039822,0.806567218958579,2.34406640628578,0.193432781041421,0.774190711163087,0.841119800759167,0.553071982337218,0.402774325824293,0.249851591154875,"scaling",0.402774325824293
"SPT23",0.122024716368405,0.00550411760910095,0.0632969482966691,0.956159747239402,0.881125546547349,-2.10638220683547,0.118874453452651,0.126700842324665,0.963093173885321,0.043441839123665,0.499577959667178,0.938229385626663,"epsilon",0.043441839123665
"SPT3",0.382966319379549,0.184788238771107,0.285573557320495,0.949111782641764,0.575288884354708,2.20054299551972,0.424711115645292,0.427748924508954,0.895306329102253,0.432001644383418,0.667619579986851,0.992898149616273,"epsilon",0.432001644383418
"SPT4",0.0214195688587455,0.464748894021568,0.473225592348112,1.40441604419093,0.750297580874275,-1.662530054143,0.249702419125725,0.475293209415284,0.0450660106949484,0.977815135615575,0.995649807263781,0.525365004547223,"eta",0.977815135615575
"SPT7",0.846742345445014,0.327496970863085,0.20637198864502,0.139893603374678,0.637250323737045,1.19233067504091,0.362749676262955,0.933472196235471,0.907088983324598,0.350837413458936,0.221079952329895,0.388602550483946,"xc",0.221079952329895
"SPT8",0.127716077388645,0.246664309244543,0.298603873173085,1.15895030321865,0.749891993211342,0.426261347981282,0.250108006788658,0.296343068002436,0.430973730040466,0.832360651818976,1.00762901317682,0.843981296659189,"eta",0.832360651818976
"SRB8",0.239800763418658,0.345003972199637,0.418062832101778,1.18594241026948,0.610091766501103,1.85483508188274,0.389908233498897,0.431975705899133,0.555125577998713,0.798665220030211,0.96779246238305,0.902616115152414,"eta",0.798665220030211
"SRP40",0.18857159634748,0.00643775490550369,0.0817773022554643,0.922060776864772,0.823761128402651,0.280964600285564,0.176238871597349,0.192703560851453,0.978557923446168,0.0334075555068039,0.424368402400737,0.914559496558572,"epsilon",0.0334075555068039
"SRS2",0.443934603303869,0.182579288454415,0.0711094015492759,0.599909571014062,0.751508663414867,2.95961948441521,0.248491336585133,0.470978020425601,0.942580298975962,0.387659891834074,0.15098242054909,0.527607076781593,"xc",0.15098242054909
"SRY1",0.0247673685566261,0.0142758346287609,0.0100048815925916,0.98290712575116,0.981647917376575,-0.237180468495967,0.0183520826234254,0.0250791803435379,0.987566906787198,0.569230510455631,0.398931761546568,0.731765646725136,"xc",0.01
"SSD1",0.161960126242757,0.109536805069533,0.175639529238743,1.02258418875356,0.789265478801299,1.06698543938368,0.210734521198701,0.211941227717739,0.764174710068463,0.516826321377232,0.82871808911411,0.994306409696537,"epsilon",0.516826321377232
"SSF1",0.0531148679439593,0.722864147492418,0.687532848686611,1.67545153936121,0.727934820685785,0.107178481026454,0.272065179314215,0.728185583365053,0.0729413890597883,0.992692198260718,0.944172563138946,0.37362066144864,"eta",0.944172563138946
"SSK2",0.157768761464512,0.11990712010993,0.184622693883438,1.03361957508593,0.787352369281162,0.403289831059373,0.212647630718838,0.215288854052628,0.732823639007087,0.55695925661167,0.857558068650906,0.987731722826933,"epsilon",0.55695925661167
"SSK22",0.0266229391253294,0.0144676958436993,0.0115192681722869,1.0020156140761,1.03144144579045,0.0379154397502654,0.0314414457904482,0.0315059869468875,0.845012066126038,0.459204654280116,0.365621562394029,0.997951463747251,"xc",0.365621562394029
"SSM4",0.19569463353952,0.00408178455099893,0.0811067948227223,0.916136227274781,0.819212854510013,-0.487392713431793,0.180787145489987,0.199291556143568,0.981951455075914,0.0204814726222442,0.406975570827966,0.907149048300619,"epsilon",0.0204814726222442
"SSO1",0.0763116726604244,0.260693584039623,0.29733037995836,1.19600440570016,0.788396845512682,1.82425284934975,0.211603154487318,0.288433046031233,0.264573264785204,0.903827032396953,1.03084713783512,0.733630065621555,"eta",0.903827032396953
"SSO2",0.104412250364431,0.0710586455826459,0.10907357321284,0.97947634470264,1.14844462840373,0.734544167506054,0.148444628403729,0.14985669197165,0.696747332339245,0.47417732666946,0.727852535497541,0.990577240499955,"epsilon",0.47417732666946
"SSQ1",0.438779674043159,0.0822119374289867,0.0279837440826625,0.682435604290383,0.690030819047181,-0.311296990202709,0.309969180952819,0.443765747397178,0.988764177083826,0.185259763537824,0.0630597206900166,0.698497310283372,"xc",0.01
"SST2",0.22818040151527,0.288042668961978,0.361587508572719,1.14129898690223,0.64561617891249,3.09616436657111,0.35438382108751,0.381514477245859,0.59809106894841,0.754998004378102,0.947768774550859,0.928886955079126,"eta",0.754998004378102
"SSZ1",0.0765671651497871,0.324247338558398,0.390404642481279,0.761787636655547,1.32788372385843,1.10014336382694,0.327883723858435,0.405281218934981,0.188923546348864,0.800055179982117,0.963293200477447,0.809027678904206,"eta",0.800055179982117
"STB2",0.209446654459546,0.238453085277227,0.310404374268916,1.107976199242,0.684542395383023,2.50293363996212,0.315457604616977,0.333425193879272,0.628166852128707,0.715162170269492,0.930956568270927,0.946112082733614,"eta",0.715162170269492
"STB3",0.121341748792945,0.0990459181547075,0.0409982712091269,0.871876918266893,0.944910132182706,4.15647393824009,0.0550898678172937,0.139464754002276,0.870053151859175,0.710186016985273,0.29396869124695,0.395009249551285,"xc",0.29396869124695
"STE11",0.302353673183345,0.207250888978437,0.107449300655034,0.684152566376208,0.865908611014407,-1.72352409378249,0.134091388985593,0.343132775943688,0.881156492124099,0.60399618896345,0.313142049340887,0.390785720241422,"xc",0.313142049340887
"STE20",0.271319266323225,0.206634766063238,0.111459810797159,0.704961720357198,0.888936971528985,1.19645703136741,0.111063028471015,0.315250032113777,0.860647862599749,0.655463108687839,0.353560029954039,0.352301402560782,"scaling",0.353560029954039
"STE50",0.341020793903148,0.0728965744767702,0.172168640181075,0.881744327147261,0.666889413641293,-1.44569161241712,0.333110586358707,0.353478523967293,0.96475675544776,0.206226317962998,0.487069591240587,0.942378571178853,"epsilon",0.206226317962998
"STE7",0.0208563706118315,0.0425267388515656,0.0381663341292504,0.97654666538194,1.04355108287776,-0.645250675186636,0.0435510828777632,0.0494646916955166,0.421641576990196,0.859739288649407,0.771587425717439,0.880447878778766,"eta",0.771587425717439
"STF1",0.056689531361914,0.228673127548454,0.260548739643682,1.17665176152384,0.821090508416305,-0.859610743031374,0.178909491583695,0.251424841708632,0.225473071700726,0.909508885416566,1.0362887687352,0.71158239722003,"eta",0.909508885416566
"STF2",0.154269801165208,0.269657057054515,0.220340685493113,1.29077314625708,0.999175695335991,-1.89521547490954,0.000824304664009401,0.290774314653861,0.530548240991818,0.927375780682404,0.75777217721382,0.00283486065469935,"scaling",0.75777217721382
"STM1",0.00173709261541443,0.098842133070453,0.0887909093630628,0.923216778780872,1.06166810594405,2.33621673943315,0.0616681059440516,0.098481563510701,0.0176387595148779,1.00366128996025,0.901599306487603,0.626189346977119,"eta",0.901599306487603
"STP22",0.223802627478676,0.0078390440809802,0.0907580258119287,0.902971569025364,0.794120531285345,-1.51366285320094,0.205879468714655,0.227598049322986,0.983324014174987,0.0344424923864604,0.39876451525792,0.904574838523726,"epsilon",0.0344424923864604
"STP3",0.188066556586015,0.0447091322965047,0.118981153040636,0.953931839412724,0.802566325749184,7.43942745111707,0.197433674250816,0.202737098598339,0.927637604988178,0.220527632118688,0.586874103769043,0.973840878733154,"epsilon",0.220527632118688
"STV1",0.100171965725255,0.0384100779218418,0.0890909164129538,0.993904638337695,0.88162043610994,3.09200514946136,0.11837956389006,0.118536385049465,0.845073566934355,0.324036184381812,0.75159130570564,0.998677020905101,"epsilon",0.324036184381812
"SUB1",0.115698874458816,0.198571575121174,0.26105188095656,0.875767758425524,1.25992600676803,0.725162156891692,0.259926006768031,0.288088838452644,0.401608320128774,0.689272018269517,0.906150624781917,0.902242544918164,"eta",0.689272018269517
"SUC2",0.106012692103138,0.021117406734067,0.0738558393985927,0.976782135470041,0.886268296512426,-1.56720976725337,0.113731703487574,0.116077429380208,0.913292899999504,0.181925175693697,0.636263568145366,0.979791713986447,"epsilon",0.181925175693697
"SUL1",0.0455912623886377,0.115326939271932,0.112614069217239,1.11910275745445,0.973760898951677,-1.92155205093746,0.0262391010483233,0.121958834272376,0.37382500956689,0.945621856423845,0.92337771092279,0.21514719458307,"scaling",0.92337771092279
"SUR1",0.496720524094361,0.233603366216149,0.119802494058815,0.519602212714216,0.752490908660877,0.431303506483487,0.247509091339123,0.540409829966662,0.919155234694759,0.432270756863472,0.221688221448906,0.458002570668251,"xc",0.221688221448906
"SUR2",0.498614896200355,0.0874718279560586,0.157866036334845,1.20372232678805,1.47570226762228,-3.26075694681512,0.47570226762228,0.517489549510825,0.963526503427341,0.169031100316411,0.305061303139499,0.919249998520655,"epsilon",0.01
"SUR4",0.0204523294291352,0.141896547744789,0.164154577874832,1.11667532523694,0.897511230342845,0.910591336766272,0.102488769657155,0.155296746343843,0.131698376885834,0.913712302964902,1.05703810118067,0.659954390996929,"eta",0.913712302964902
"SUS1",0.0742453314385055,0.00109022062996545,0.0414976691800468,0.973048688977918,0.927710577099335,-0.376974465625012,0.0722894229006648,0.077150073422649,0.962349459238612,0.014131167756548,0.537882432758182,0.936997460840299,"epsilon",0.01
"SUV3",0.0739590332104107,0.320876942284078,0.303113942183249,1.31043026938802,0.898556743377295,-1.85119875406013,0.101443256622705,0.326584884014155,0.226461899587505,0.982522333367302,0.92813218559776,0.310618346372418,"eta",0.92813218559776
"SVF1",0.686777105183415,0.0642316150831481,0.179852472649606,0.598044772634955,0.442955763319022,1.92392082087078,0.557044236680978,0.686925240783579,0.999784349749626,0.0935059760067613,0.261822483687522,0.810924105868573,"epsilon",0.0935059760067613
"SWA2",0.37061540769178,0.216448173396692,0.314982341478979,0.985926526143127,0.568122797803053,1.98739555164117,0.431877202196947,0.432106445732834,0.857694698497802,0.500914012124039,0.728946176548657,0.999469474389584,"epsilon",0.500914012124039
"SWC3",0.334557544088109,0.0163438982052758,0.084261566827241,0.811953932830967,0.722915859366654,1.78060726721797,0.277084140633346,0.334868547893439,0.99907126600188,0.0488069073912452,0.251625801698327,0.827441521087609,"epsilon",0.01
"SWC7",0.278793044686865,0.0724126917877346,0.163290995898337,0.922740366255643,0.714413632992188,1.12027245233028,0.285586367007812,0.295852368635157,0.942338389829388,0.244759547208606,0.551934049578984,0.965300255412168,"epsilon",0.244759547208606
"SWD1",0.329158347202787,0.220265241696731,0.438444835332171,0.903955828266748,1.55555211953907,3.639161613801,0.555552119539067,0.563793083008542,0.583828282259718,0.390684540720756,0.777669766703271,0.985383000044097,"epsilon",0.390684540720756
"SWF1",0.378587848422429,0.0480948821084467,0.0574535511422404,0.754901258091988,0.710260180021485,0.854679298514173,0.289739819978515,0.379503038941815,0.997588450090049,0.126731217337684,0.15139154432713,0.763471672812975,"epsilon",0.01
"SWI4",0.472883845436235,0.385019779461719,0.271246105030025,0.429878087113229,0.874501075780195,1.07885518482535,0.125498924219805,0.58377133839715,0.810049782051006,0.659538682592504,0.464644437280494,0.214979592119724,"scaling",0.464644437280494
"SWI5",0.0213120393372743,0.195391910694051,0.201295260159273,1.17966829847736,0.9088178645524,1.28284693248245,0.0911821354475996,0.201481709598002,0.105776546068605,0.969774929366533,0.999074608612856,0.452557880462335,"eta",0.969774929366533
"SWM1",0.135825543093175,0.258328233662124,0.311885712324009,1.16516013399929,0.737386607451681,-0.20616743337799,0.262613392548319,0.310231629284314,0.437819778101016,0.832694700595396,1.00533176789069,0.846507472994138,"eta",0.832694700595396
"SWR1",0.377804203934082,0.325678813080812,0.421311553017685,1.07986677851006,0.508942775360188,2.48777752275198,0.491057224639812,0.497509698579365,0.759390631002569,0.654618018524634,0.846840884149067,0.987030455973065,"epsilon",0.654618018524634
"SWT1",0.192448510351752,0.15126285050854,0.0834988641821165,1.19633389201719,1.09868606738705,-0.818603060324583,0.0986860673870484,0.21974061311223,0.87579855005438,0.688370021208978,0.379988309850898,0.449102539532124,"xc",0.379988309850898
"SYC1",0.00593255335013055,0.0556106148173942,0.0685918662842623,1.05342006103499,0.969461688902942,0.890384770134895,0.0305383110970576,0.0615328478590356,0.0964127869348957,0.903754933377884,1.11471951438682,0.496292828295827,"eta",0.903754933377884
"SYH1",0.137173375551753,0.231019302973818,0.286164613018243,1.14040979381721,0.74917693829495,-0.319752766757381,0.25082306170505,0.287449332027205,0.477208886116911,0.803687040580612,0.995530624475967,0.872581821415788,"eta",0.803687040580612
"TAE1",0.012327833502673,0.290482861717322,0.296687547774054,1.26019238725148,0.854906171290984,1.63099183535921,0.145093828709016,0.297913238230643,0.0413806166382201,0.975058589012522,0.995885746924613,0.487033841029532,"eta",0.975058589012522
"TAF14",0.0177907398179781,0.162613415273077,0.183491986505494,1.13566119476448,0.889219784357902,-0.0831425479281685,0.110780215642098,0.175146270136239,0.10157646979373,0.92844349552284,1.04764998057203,0.632501140651907,"eta",0.92844349552284
"TAL1",0.0806107765126616,0.11575253489791,0.158766446749869,1.06815849686959,0.856718248647165,2.67212977523838,0.143281751352835,0.158667075873534,0.508049802196599,0.729530901484382,1.00062628542051,0.903033919066099,"eta",0.729530901484382
"TAT1",0.212563734139517,0.0494408071321584,0.128954426589256,0.943937293865412,0.779781289470349,-0.0854858586786156,0.220218710529651,0.227242838141217,0.935403447159122,0.217568164244781,0.567474106748829,0.969089773437872,"epsilon",0.217568164244781
"TAT2",0.0240155902203072,0.25825780830776,0.261425666335573,1.23608173730162,0.88070823549759,-1.30545573498967,0.11929176450241,0.264509190323226,0.0907930276107251,0.97636610656958,0.988342469371728,0.450992891236169,"eta",0.97636610656958
"TCB3",0.101775004359548,0.197481428594356,0.244256343559525,1.1285959149301,0.796250897988312,-0.923181219319893,0.203749102011688,0.240936933464501,0.422413462710331,0.81963950381004,1.01377709115532,0.845653254907503,"eta",0.81963950381004
"TCO89",0.0937537670717043,0.242031419025585,0.218615875677164,1.24678385949453,0.954210977185904,-2.60991028922537,0.0457890228140965,0.250995832469954,0.373527186284765,0.964284612393147,0.870994046099684,0.182429414717783,"scaling",0.870994046099684
"TDH1",0.121926826795055,0.248247456073887,0.213040487465522,1.26155958366087,0.978238601568327,-0.907495332305085,0.0217613984316734,0.262463281749182,0.464548130246928,0.945836897334536,0.811696348707205,0.0829121631286666,"scaling",0.811696348707205
"TDH2",0.125937863219982,0.134737354445272,0.190568442195163,1.06263206067136,0.806917611857831,-0.287956869611616,0.193082388142169,0.202986658760186,0.620424337191387,0.663774433591986,0.938822498774691,0.95120728288987,"eta",0.663774433591986
"TDH3",0.0508413562080825,0.208587656156443,0.202930632588074,1.20223377391149,0.929939846748066,-1.33809186441697,0.0700601532519338,0.214025522740084,0.237548099671388,0.974592438724027,0.948160901513211,0.32734485287073,"eta",0.948160901513211
"TDP1",0.144208451410936,0.0527047070702785,0.115837043518432,0.98408418984782,0.835171478716377,2.02020452716091,0.164828521283623,0.165595152227793,0.8708494751861,0.318274456475499,0.699519532788533,0.99537045056056,"epsilon",0.318274456475499
"TEC1",0.233118603607623,0.0312432173311772,0.115375123936179,0.91670309263888,0.773344183549834,0.247215455451548,0.226655816450166,0.24147719127615,0.965385601744191,0.129383720118924,0.477788909695565,0.93862205060587,"epsilon",0.129383720118924
"TEF2",0.0817072153064235,0.0443183643668848,0.0890422563071077,1.00738914266138,0.894790187680714,1.90506061271685,0.105209812319286,0.105468971918425,0.774703818765007,0.420202866878826,0.844250727844176,0.997542788230267,"epsilon",0.420202866878826
"TEL1",0.232269239242368,0.0325456752286815,0.0529814441882789,0.865040554428167,0.810775509103335,-0.284494467678595,0.189224490896665,0.232421943680365,0.999342986141587,0.14002841002586,0.227953709315593,0.814142106809388,"epsilon",0.01
"TGL3",0.0726975011905964,0.0875629488176034,0.128666623646495,1.04782299335513,0.878936424725346,2.3982071276886,0.121063575274654,0.130166923416536,0.558494426099045,0.672697383631023,0.98847403218374,0.930064044667086,"eta",0.672697383631023
"TGL4",0.374517787363772,0.147243761059232,0.248198902249749,0.922167373133273,0.601434889337898,2.99041962795673,0.398565110662102,0.406093665601999,0.922244839275148,0.362585712438917,0.611186342642934,0.981461038234277,"epsilon",0.362585712438917
"TGS1",0.0857731894218344,0.226645219626677,0.267566066172805,1.1616427625722,0.796151352949519,1.90120600860051,0.203848647050481,0.260158900667043,0.329695386942032,0.871179955963693,1.02847169743864,0.783554383601008,"eta",0.871179955963693
"THI2",0.002445452019957,0.319658838278623,0.329773834355608,1.28038268262082,0.828167565051552,0.094303511179139,0.171832434948448,0.328847737431719,0.00743642647218992,0.972057283334648,1.00281618761048,0.522528864849274,"eta",0.972057283334648
"THP1",0.212630814952853,0.0673116459319017,0.146317783171172,0.958820072450406,0.769872812316645,-0.498649379952338,0.230127187683355,0.233782610439784,0.90952365769575,0.287924092409086,0.625871115460316,0.984364009155545,"epsilon",0.287924092409086
"THR1",1.15871485530198,0.0626464016426299,0.19825902131383,0.12995571099399,0.212939655808534,13.4411718847754,0.787060344191467,1.1732182449275,0.987637944015762,0.053397057123418,0.168987332212926,0.670855868116936,"epsilon",0.053397057123418
"THR4",0.37870560597309,0.983248169748684,0.940617586509917,0.120212490992771,1.48053711948633,-0.379268616333,0.480537119486325,1.00246794672416,0.37777328164019,0.980827539635272,0.938301907391295,0.479354099107718,"eta",0.938301907391295
"TIF1",0.0698377256110474,0.200052783467016,0.237131570187207,1.14572664450185,0.823253228539095,0.295395157676174,0.176746771460905,0.229075699583396,0.30486745533488,0.873304256325911,1.03516684929245,0.77156490968855,"eta",0.873304256325911
"TIF2",0.00752404290756713,0.262995391014751,0.271945113810442,1.23385047162349,0.863219459117605,-0.575620666122652,0.136780540882395,0.270915041004761,0.0277727027619515,0.970767034710817,1.00380219865926,0.504883525016213,"eta",0.970767034710817
"TIF3",0.629203695233289,0.00674201676792273,0.121951808541969,0.599614318694433,0.513470968044348,1.94946144548685,0.486529031955652,0.63009459030389,0.998586093129015,0.0107000073824965,0.193545239744326,0.772152371155897,"epsilon",0.0107000073824965
"TIF4631",0.10307509047894,0.186355435716169,0.233925928990215,1.11830366723248,0.800619432672618,-0.0471919400621882,0.199380567327382,0.231836943364174,0.444601662630739,0.803821138305114,1.0090105812979,0.860003433595099,"eta",0.803821138305114
"TIF4632",0.10565401031333,0.0684062505033236,0.120208867162204,1.01637098547876,0.86005843417902,0.519532006313722,0.13994156582098,0.140895887129375,0.749872920110972,0.485509207522224,0.853175132442475,0.993226762485138,"epsilon",0.485509207522224
"TIM21",0.033454186204132,0.138473857034888,0.11503246114671,0.877998949661619,1.05372663873418,1.31391171822507,0.0537266387341828,0.13330719407947,0.250955594971029,1.03875757037042,0.862912627792123,0.403028802047652,"eta",0.862912627792123
"TIP41",0.116251245566933,0.326179132719222,0.291531007547235,1.32962924236781,0.936241789631508,-2.59019177980951,0.0637582103684918,0.335738807428287,0.346255014299364,0.97152645301182,0.868326809701631,0.189904202188811,"scaling",0.868326809701631
"TIR4",0.197880311438504,0.114727997676641,0.0428125969798935,1.16557369086906,1.12533696024758,0.11427397535321,0.125336960247581,0.207663190556502,0.95289064426015,0.552471515867544,0.206163629024301,0.603558868144612,"xc",0.206163629024301
"TIS11",0.0893328716713903,0.226083960195641,0.204741093284286,1.23114872200299,0.957826622691077,0.249961140927613,0.0421733773089227,0.234964519528495,0.38019728191582,0.962204679452564,0.871370254943775,0.179488279309371,"scaling",0.871370254943775
"TKL1",0.200888414924183,0.0422963852377682,0.0359439045096229,1.10295830971155,1.17356248804982,-2.7507896244953,0.173562488049818,0.201802752202992,0.995469153572847,0.209592707611949,0.178114045112067,0.860060064370346,"xc",0.01
"TKL2",0.166937437117248,0.135524212600495,0.201974035581144,1.04206174226234,0.771442447178882,-0.488477111781058,0.228557552821118,0.232395665006302,0.71833283599641,0.583161534432324,0.869095538316808,0.983484579262355,"epsilon",0.583161534432324
"TLG2",0.0733838451367545,0.17890448353349,0.164636047845239,1.18414264375905,0.966471839403474,0.24623514716946,0.0335281605965256,0.187170111939805,0.392070317083292,0.955838951418842,0.879606504152685,0.17913202192938,"scaling",0.879606504152685
"TMA10",0.046882287423868,0.0125579205177758,0.0185345025931186,1.0106387635043,1.05029435245311,-2.74237150533237,0.0502943524531128,0.0514072482980601,0.911978154365387,0.244283071619877,0.360542592858797,0.978351382698122,"epsilon",0.244283071619877
"TMA19",0.0146609390392055,0.30563623949702,0.310398145496273,1.27464549735306,0.850168030265132,0.268884651834445,0.149831969734868,0.312857424989307,0.0468614067245058,0.976918605999094,0.992139296380392,0.47891453987384,"eta",0.976918605999094
"TMA23",0.0376911044518074,0.0452155150563167,0.0164572583264154,0.952194839473002,0.988451320421868,0.452010603627211,0.0115486795781318,0.0491803352266986,0.766385675861477,0.919382001930122,0.334630869239811,0.234823116290235,"scaling",0.334630869239811
"TMA29",0.227519076204779,0.339600623390084,0.256933315133861,1.37499756108532,1.03795923717473,-2.3464142439324,0.0379592371747286,0.376913882082933,0.603636764311901,0.901003225228411,0.681676444799472,0.100710637042486,"scaling",0.681676444799472
"TMA7",0.114215768538679,0.0859652531312498,0.139890973668014,1.02700526135379,0.842963064583082,0.248149306998343,0.157036935416918,0.159342032200935,0.716796233618062,0.539501423094974,0.877928891302243,0.985533655168208,"epsilon",0.539501423094974
"TMT1",0.244071443200645,0.0435264524798564,0.129366045005131,0.920266232031991,0.757711627524867,2.56525000373455,0.242288372475133,0.255070831713516,0.956877121390247,0.170644570323679,0.50717694428671,0.949886628931605,"epsilon",0.170644570323679
"TOF2",0.490931735007501,0.0856833276995754,0.19637306816424,0.78135542050701,0.553638909636841,1.59955101401348,0.446361090363159,0.497034883214301,0.987720885569779,0.172388962210188,0.395089107014591,0.898047814021749,"epsilon",0.172388962210188
"TOM1",0.00937518658448215,0.289338056651508,0.303149508764733,1.25046120168273,0.835506358291219,-0.129712870969257,0.164493641708781,0.299648079771874,0.0312873240890433,0.965592894410617,1.0116851374303,0.548956101550899,"eta",0.965592894410617
"TOM6",0.0984292763801906,0.0369212664824272,0.00939603946295034,1.06940530160037,1.07109040554889,2.71811940357513,0.0710904055488866,0.0993526127051699,0.990706471628287,0.371618475620682,0.0945726459235975,0.715536346888514,"xc",0.0945726459235975
"TOM70",0.399364308190037,0.177606602883381,0.0687281631270344,0.637633431747778,0.777822341328517,1.98605334950872,0.222177658671483,0.425055810217475,0.939557344212532,0.417843018761491,0.161692091896992,0.522702321273548,"xc",0.161692091896992
"TOM71",0.229759350399236,0.0868003557169836,0.000735311999820668,0.823156976665864,0.845359609791642,2.08807818231461,0.154640390208358,0.234919358899498,0.978034979643933,0.36949000765032,0.00313006132515135,0.658270101420275,"xc",0.00313006132515135
"TOP1",0.460894203484314,0.157481558823629,0.045459952500437,0.60600061364162,0.723923094517833,3.37721945217807,0.276076905482167,0.481096637060985,0.958007535242635,0.327338723017651,0.0944923514289177,0.573849169199598,"xc",0.0944923514289177
"TOR1",0.032881629606287,0.274532423515958,0.296854547710482,1.22748040703078,0.820926306452639,-0.480168410033455,0.179073693547361,0.289507725809838,0.113577727552201,0.948273220509091,1.02537694591774,0.618545474206049,"eta",0.948273220509091
"TOS3",0.192230583592281,0.0834585025401016,0.012651543942268,1.13663940896915,1.13838719430272,0.723020405321011,0.138387194302718,0.194477103100639,0.988448411290885,0.429143077562776,0.0650541567133536,0.711586053557698,"xc",0.0650541567133536
"TOS8",0.458816683065333,0.213153886386198,0.00968124183110296,1.31066125342256,1.34221981676968,-0.263506702205067,0.342219816769676,0.462195648365436,0.992689318231246,0.461176748721069,0.0209461985748695,0.74042197926342,"xc",0.0209461985748695
"TPC1",0.171845655481096,0.125866284597882,0.0528722068034187,0.825200504509491,0.917605802143031,4.0894178397834,0.0823941978569689,0.193245096869829,0.889262694188053,0.651329770517624,0.273601802373457,0.426371479492025,"xc",0.273601802373457
"TPD3",0.734913536733295,0.0735085323914708,0.0427588806876073,0.439206787774204,0.506122778509702,0.868098029681594,0.493877221490298,0.747264168005868,0.983472201931572,0.0983702090087284,0.0572205687336952,0.660913827580207,"xc",0.01
"TPK1",0.188263683298724,0.0261330226579978,0.0498265404393702,0.895686218038512,0.842903198444796,1.24476227244599,0.157096801555204,0.18857563513345,0.99834574686966,0.138581119663228,0.264225759622177,0.833070515414311,"epsilon",0.01
"TPK2",0.24501177137253,0.00419542733615306,0.0830678055947937,0.880349896256667,0.78409356625634,1.15813664324873,0.21590643374366,0.246843544492652,0.99257921399611,0.0169963016240757,0.336520064827,0.874669152022678,"epsilon",0.01
"TPM1",0.213168988898318,0.0447061286161709,0.0398164272622859,1.10816518617935,1.1850137182655,-0.501949676545571,0.185013718265505,0.214312350198587,0.994664977080373,0.208602670703509,0.185786900406771,0.863290044153156,"xc",0.01
"TPO1",0.244929987687081,0.200750747428865,0.109065239904217,1.25409962656086,1.12454105614276,-1.12544192999464,0.124541056142762,0.282978965443587,0.86554132143051,0.709419327737579,0.385418187296186,0.440107115196835,"xc",0.385418187296186
"TPO3",0.129811851180574,0.132223147398485,0.189199675881834,1.05854039802981,0.804870965675374,0.947902448351337,0.195129034324626,0.203721177686438,0.637203518332184,0.649039775344318,0.928718742108614,0.957824005047542,"eta",0.649039775344318
"TRK1",0.040337333489513,0.10974481578624,0.109159308936486,1.11240498403644,0.971801338735208,-1.13198532322927,0.028198661264792,0.115888070712043,0.348071490375765,0.94698975582165,0.941937407929786,0.243326695245963,"scaling",0.941937407929786
"TRM11",0.00184982967129921,0.14006174490441,0.15423635704154,1.12404295235511,0.91913786883121,0.710716081011626,0.0808621311687902,0.148072071256296,0.0124927655539941,0.945902517038336,1.04163030700485,0.546099818032714,"eta",0.945902517038336
"TRM9",0.26358535965446,0.0505655839439253,0.139614976997728,0.914058802683165,0.738381156820801,3.97348225755112,0.261618843179199,0.275373035177145,0.957193791632129,0.183625763907482,0.507003080050721,0.950052509719775,"epsilon",0.183625763907482
"TRR2",0.0658636611019163,0.0680100974858003,0.0289200563318529,0.921897675410963,0.976187901064767,-1.86467101075853,0.023812098935233,0.0816516329408821,0.806642301319353,0.832930035031159,0.354188340027342,0.291630406858777,"scaling",0.354188340027342
"TRX1",0.251256590246288,0.12601788996634,0.210576111109684,0.985485938414439,0.707200646560984,1.35239285407523,0.292799353439016,0.293158863686595,0.857066326041219,0.429862117698278,0.718300338804709,0.99877366748166,"epsilon",0.429862117698278
"TRX2",0.107579866999129,0.147086558236094,0.118304884375404,1.16763994805074,1.01646502014794,-1.02709276329902,0.0164650201479393,0.168446576311086,0.638658673598987,0.873194109712601,0.702328815261398,0.0977462439932989,"scaling",0.702328815261398
"TSA1",0.481298106999785,0.253555592139755,0.140113969873856,0.517141310082892,0.775808136484407,0.19752412155095,0.224191863515593,0.53236689049476,0.904072202071931,0.476279792501954,0.263190616049844,0.421122852526081,"xc",0.263190616049844
"TSA2",0.00703217522429608,0.0847301401459045,0.0973667261080484,1.07858853958836,0.954012744246692,-2.10472136182512,0.0459872557533075,0.0910548529533196,0.0772300980805626,0.930539530818225,1.06931945909533,0.505050024921609,"eta",0.930539530818225
"TUB3",0.171792575421718,0.428567693459167,0.367406131493644,1.44043896509184,0.945363385789727,-4.59408082443398,0.0546366142102732,0.443814873098603,0.387081609551085,0.965645180989576,0.827836455611564,0.123106767082442,"scaling",0.827836455611564
"TUM1",0.344183275440431,0.0348119935038365,0.124934369764212,1.12873498259056,1.3362179055895,-3.71717443461037,0.336217905589499,0.360021076857426,0.956008682727022,0.0966943208095083,0.347019599115548,0.933883950696161,"epsilon",0.01
"TUP1",0.350580424775582,0.0109849950639434,0.112756017031635,0.823265850958728,0.695168901043777,0.0866565101428763,0.304831098956223,0.352359132602238,0.99495200305007,0.0311755650628867,0.320003106486587,0.865114795535421,"epsilon",0.0311755650628867
"UBC7",0.0298910923375384,0.212534916963955,0.236198388848882,1.17409566547222,0.853131690161122,-1.15073710253542,0.146868309838878,0.22777094013755,0.131233125347278,0.933108134143917,1.03699966600762,0.644807058135621,"eta",0.933108134143917
"UBI4",0.103130169865536,0.262340849059006,0.234699391792784,1.26800041120244,0.953357205931972,-1.11280168239731,0.0466427940680275,0.272028988608105,0.379114631838405,0.964385635521161,0.862773460261252,0.171462586787847,"scaling",0.862773460261252
"UBP10",0.145819206550742,0.24888065456427,0.185716351995717,0.743753892226848,1.02320913406803,1.40798393251236,0.0232091340680254,0.257295028426663,0.566739308732135,0.967296787995296,0.721803111126383,0.0902043627113482,"scaling",0.721803111126383
"UBP2",0.267200071426525,0.213656583148876,0.297757147395392,1.05177568378416,0.649652364891539,0.810215194960353,0.350347635108461,0.354152773330111,0.75447685730097,0.603289312518594,0.840759044735332,0.9892556588337,"epsilon",0.603289312518594
"UBP3",0.200838386717421,0.179311597586474,0.251907448053451,1.06109471238639,0.720753853457919,1.19368687283895,0.279246146542081,0.285851314917699,0.70259738625042,0.627289742004864,0.881253417098954,0.976892992857075,"epsilon",0.627289742004864
"UBP6",0.257847949694507,0.192781766308286,0.100047085046945,0.723932460294723,0.890269139668891,-0.483993079730023,0.109730860331109,0.297075997327166,0.867952820202242,0.648930805729075,0.33677269771736,0.369369660687411,"xc",0.33677269771736
"UBP8",0.00859961122987625,0.382097790412002,0.385365603582777,1.34114532365668,0.81126071132261,-1.3747626198207,0.18873928867739,0.389875173540538,0.022057345051703,0.980051607139003,0.988433297978919,0.484101839477001,"eta",0.980051607139003
"UBR2",0.129971367660279,0.430093832979612,0.385851461328606,1.42870612914854,0.904808551319128,-2.10334438232697,0.0951914486808717,0.439147306802046,0.295963030279648,0.979383970521503,0.878637886085309,0.216764277513334,"scaling",0.878637886085309
"UBX2",0.163245616170469,0.131988470613659,0.0613611805052807,0.824939053489902,0.928908625151377,-0.749157193047411,0.0710913748486235,0.188945279302974,0.863983565891077,0.698553946944689,0.324756356610996,0.376253776283177,"xc",0.324756356610996
"UBX3",0.203791344879847,0.32248162091279,0.389191999209041,1.18616830374678,0.65015326672786,2.8579848947211,0.34984673327214,0.396297078088071,0.51423882775779,0.813737064296809,0.982071331655261,0.88278908075722,"eta",0.813737064296809
"UFD2",0.14145732761676,0.10290143081193,0.163936597116065,1.02767908568859,0.810265958982315,1.00986599389165,0.189734041017685,0.19174237430849,0.737746823710304,0.53666504956476,0.854983660796393,0.989525876593278,"epsilon",0.53666504956476
"UGA3",0.0780776147142288,0.159433803153495,0.20043452067745,1.10676095596608,0.836269115751645,0.660090929808527,0.163730884248355,0.195462794862706,0.399450006683221,0.815673403552234,1.02543566318202,0.837657541750393,"eta",0.815673403552234
"UGA4",0.159139743209254,0.0713099220657616,0.137854332499765,0.991841244594458,0.812197926380088,1.15828762263071,0.187802073619912,0.187979212004164,0.846581606085936,0.379350042515244,0.733348815701554,0.999057670354274,"epsilon",0.379350042515244
"UGO1",0.0065399509694639,0.0694752115973149,0.0873519085676592,1.06035244550957,0.949783015137928,-0.0993977052192662,0.0502169848620722,0.0785121853448409,0.0832985471075497,0.884897182420361,1.11259046202819,0.639607528965209,"eta",0.884897182420361
"UGP1",0.0478675799914635,0.100857280634095,0.133428885282345,1.07002431336014,0.894216364882749,-2.01655849069533,0.105783635117251,0.12686048210605,0.377324594679123,0.795025203749283,1.05177659005587,0.833858056985946,"eta",0.795025203749283
"UGX2",0.127999604519502,0.162038047500536,0.217496458752462,1.08503509400681,0.79112343936101,-1.04693496843,0.20887656063899,0.225522470714386,0.567569183301506,0.718500675286367,0.964411475554963,0.926189572051659,"eta",0.718500675286367
"ULA1",0.0996964450404498,0.200167644138926,0.246236780220176,1.13192943451944,0.796753669358821,2.64726359102785,0.203246330641179,0.242310640731528,0.411440639748504,0.826078638291023,1.01620291819127,0.838784174015574,"eta",0.826078638291023
"UMP1",0.0118912005951948,0.296429079656331,0.310796517863694,1.25575151238361,0.829976940089264,-0.461103038936703,0.170023059910736,0.307110203327592,0.0387196532917227,0.965220550943833,1.012003230424,0.553622309088095,"eta",0.965220550943833
"UNG1",0.293330577680489,0.109486463093238,0.266176111394126,0.992350173054026,1.39489654424618,3.16310374805611,0.394896544246176,0.394970632465093,0.742664273163178,0.277201528655209,0.673913677411575,0.999812420942655,"epsilon",0.277201528655209
"UPF3",0.0193851668147769,0.096095992253776,0.0940020957473395,0.931683648101965,1.07758644966026,0.390835976652032,0.0775864496602576,0.103376888652831,0.187519348544894,0.929569398983301,0.909314421940334,0.750520263003995,"eta",0.909314421940334
"URA1",0.130837201651875,0.186373673159766,0.126497898579332,0.798771234919348,0.993518816078554,0.39962268329935,0.00648118392144637,0.201333111138997,0.649854367777326,0.925698073731629,0.628301514160778,0.0321913463949397,"scaling",0.628301514160778
"URA2",0.254631587574879,0.0518656519440599,0.0381810642981642,0.835805516043619,0.804540365490847,1.32319721878772,0.195459634509153,0.255272985809611,0.997487402622344,0.203177205686553,0.149569544842636,0.765688675945255,"xc",0.01
"URA4",0.20484671316109,0.0168932299654238,0.0626407951265369,0.893820210652062,0.823808544206657,0.132034944765917,0.176191455793343,0.205712364141171,0.995791935094929,0.0821206349747197,0.304506709589654,0.85649424393582,"epsilon",0.01
"URA7",0.100908771695703,0.108934590948286,0.158345621603421,1.05286340860135,0.842335042753107,-0.950919395014968,0.157664957246893,0.166291246650622,0.606819503300211,0.655083133612907,0.952218621200825,0.948125415032506,"eta",0.655083133612907
"URA8",0.492515258535751,0.0590801776962966,0.170198899250138,0.757308412923172,0.568124184379444,-0.810753259702785,0.431875815620556,0.495394717932872,0.994187545218214,0.119258796183415,0.343562200179131,0.871781228154065,"epsilon",0.119258796183415
"URE2",0.0252188646785774,0.214232997853149,0.218233945176242,1.19768021714191,0.903087630245667,-0.873379621670584,0.0969123697543333,0.220157842605424,0.114549018014206,0.973088195804618,0.991261281422394,0.440194946532173,"eta",0.973088195804618
"URH1",0.0545564599605569,0.115922327662564,0.132585128426235,0.926893497375807,1.12777309264264,1.56126350001104,0.127773092642635,0.147209116325738,0.370605172575297,0.787467043861987,0.900658408497313,0.867969972456765,"eta",0.787467043861987
"URK1",0.123182906551934,0.0160425685187453,0.0245108510526858,1.05899135776886,1.10940719969378,0.500558441498806,0.109407199693776,0.124297689585316,0.991031345497242,0.129065701641493,0.197194743799819,0.880203003441032,"epsilon",0.01
"UTH1",0.316141124043562,0.0715464833934761,0.167801993841402,0.897538213666173,0.686278360986599,3.1403523143306,0.313721639013401,0.330029823567467,0.957916834988505,0.216787933345212,0.508444939998275,0.950585724714868,"epsilon",0.216787933345212
"VAC8",0.22233103450628,0.171931334531007,0.0863905189667243,0.761326050378265,0.904997386837012,3.91490632759952,0.0950026131629875,0.256886649586612,0.865483024766216,0.66928871082901,0.336298204308188,0.369823084679052,"xc",0.336298204308188
"VBA1",0.243456650735946,0.0322379906272739,0.0699169901797903,1.10462444909456,1.22594526023297,-0.572305265942741,0.22594526023297,0.248993044019475,0.977764867667963,0.129473458803742,0.280798969525918,0.907436033495367,"epsilon",0.01
"VBA4",0.054878147067226,0.172261343368809,0.205488509411272,1.12826633316511,0.850538672646833,2.30228376101181,0.149461327353167,0.196954158620208,0.278634111874982,0.874626586082831,1.04333166078265,0.758863526417724,"eta",0.874626586082831
"VBA5",0.193537390710073,0.0537824596154171,0.0197099367904796,1.11106705833116,1.15837863026388,1.1298755294877,0.158378630263882,0.193441675888626,1.00049479938078,0.278029330382675,0.1018908500453,0.818740995374069,"xc",0.01
"VCX1",0.137873365747663,0.13943675519277,0.0969811219844364,1.17032451704057,1.0505502032507,-0.723758076838522,0.0505502032507001,0.17766756640927,0.776018766588281,0.784818287382674,0.545857209306474,0.284521279107602,"scaling",0.545857209306474
"VHS1",0.0235312964385013,0.336636562377045,0.35303432955634,1.28692741207167,0.801454580257755,-0.778537921204411,0.198545419742245,0.348923520988151,0.0674396967331428,0.964786098179024,1.01178140286028,0.569022745098883,"eta",0.964786098179024
"VID24",0.48858541284213,0.174975362831825,0.0617767016034193,0.570573541358215,0.717847125848386,0.018038760873542,0.282152874151614,0.513826164936782,0.950876864945642,0.340534162664436,0.120228796855878,0.549121265917489,"xc",0.120228796855878
"VID30",0.0699915198449535,0.0608591974557396,0.0470908342177794,1.08073239595189,1.02838044351689,0.153156795695245,0.0283804435168855,0.0855755182885123,0.817891860251218,0.711175329964777,0.550283949891085,0.331642087415734,"scaling",0.550283949891085
"VMA10",0.926981975417968,0.14021177007361,0.0185359482422158,0.202334770000354,0.460057364777642,2.9520407246381,0.539942635222358,0.963227838302679,0.962370415966611,0.145564491076878,0.0192435761355053,0.560555471666808,"xc",0.0192435761355053
"VMA11",0.963168483697601,0.114158193242475,0.00925743461670037,0.186811507293587,0.42497568651068,1.944028956849,0.57502431348932,0.995956066186652,0.967079288331874,0.114621715875046,0.00929502307480843,0.577359115539093,"xc",0.01
"VMA13",1.04026109410702,0.0108350995797465,0.115058514684262,0.192601308289834,0.315535005788069,6.40136723006766,0.684464994211931,1.05848239270988,0.98278544949982,0.0102364476295227,0.108701396902498,0.646647501107313,"epsilon",0.01
"VMA16",1.02539749778301,0.0215832361101105,0.145008946428771,0.235338424474097,0.298117609952905,5.07061054626648,0.701882390047095,1.03795289611041,0.987903691608317,0.020794041994575,0.139706673561173,0.676217960060913,"epsilon",0.020794041994575
"VMA2",0.968290008353825,0.071400723849643,0.05103601227767,0.21614212057999,0.391016585003523,6.28630998060591,0.608983414996477,0.992619753414975,0.975489360374457,0.071931596771068,0.0514154711329161,0.613511279522044,"xc",0.01
"VMA21",1.06658087895554,0.00317444633344114,0.124961182341705,0.171642070383812,0.298933909250344,7.83820457207715,0.701066090749656,1.08520529078927,0.982837890681322,0.00292520351714501,0.115149809351576,0.646021629916466,"epsilon",0.01
"VMA3",1.0199172416694,0.127240958134248,0.00247735136223716,0.118685281400965,0.411446867303805,5.28589827720634,0.588553132696195,1.0597690423983,0.96239576819614,0.120064800011799,0.00233763326076295,0.555359808741231,"xc",0.01
"VMA5",0.962692349855218,0.0836763167619907,0.038747884248528,0.211809305336579,0.402516745863871,4.34095930711265,0.597483254136129,0.989055514178605,0.973345111628764,0.0846022448310018,0.0391766525670782,0.604094760679161,"xc",0.01
"VMA6",1.06868180733077,0.0556230369134732,0.0759330121384523,0.125904704068809,0.337516841172284,7.77901300202467,0.662483158827716,1.09678007006846,0.97438113300514,0.0507148501613464,0.0692326695302845,0.604025526089621,"epsilon",0.01
"VMR1",0.0658035080066668,0.11491604415004,0.0770036808589989,0.884047677032161,1.00645083589032,5.01368146940422,0.00645083589031747,0.116131625689653,0.566628664809344,0.989532726056364,0.663072443890359,0.0555476241033299,"scaling",0.663072443890359
"VMS1",0.125359158423037,0.199289218920147,0.252611758387348,1.11862437233829,0.774795419459176,0.430353862689298,0.225204580540824,0.254536529420084,0.492499676602983,0.782949384020407,0.992438134372613,0.88476330314518,"eta",0.782949384020407
"VPH1",0.423522703500713,0.0702485938996683,0.305717206742876,1.05104264354232,1.52347776109451,-1.68369253808516,0.523477761094514,0.525960376663788,0.8052369005193,0.133562521088111,0.581255205348483,0.99527984297026,"epsilon",0.133562521088111
"VPS1",0.225931315507918,0.339573985849223,0.257621947854551,1.3745432288521,1.0364108495489,-2.56596118887604,0.036410849548896,0.376308889403145,0.600387930952848,0.902380983844984,0.684602344268718,0.0967578778344736,"scaling",0.684602344268718
"VPS15",0.0549925791058978,0.246249925755457,0.238131433304174,1.23699166359731,0.915393840577392,0.241533604892827,0.0846061594226084,0.251641115135948,0.218535747134121,0.978575880266711,0.946313694308358,0.336217550843789,"eta",0.946313694308358
"VPS16",0.865638140384833,0.271583058371165,0.150525486958673,0.16229625491834,0.586017881925501,1.75368037359195,0.413982118074499,0.934413590766577,0.92639720669589,0.290645449782427,0.16109085788787,0.443039487187762,"xc",0.16109085788787
"VPS17",0.13068984372986,0.040707644977645,0.0895291179707252,1.01269140783379,1.15507852840426,-2.91804301197148,0.155078528404258,0.155596985204836,0.839925295196519,0.261622324648871,0.57539108391377,0.996667950861032,"epsilon",0.261622324648871
"VPS21",0.0180854676692844,0.244519453576032,0.250294043950446,1.22163122530056,0.881739434633331,0.175957105289538,0.118260565366669,0.25120899933934,0.0719937092892683,0.973370596670896,0.996357792151954,0.470765640075334,"eta",0.973370596670896
"VPS24",0.151033471474602,0.128292905915001,0.0794794708308481,1.16445071394302,1.06994425546655,-0.210340493343557,0.0699442554665488,0.17870712405816,0.845145218863508,0.717894748690867,0.444747075695658,0.391390415100549,"scaling",0.444747075695658
"VPS27",0.0869291110612112,0.1447689224349,0.124896426559442,1.15888837271664,0.997591799461206,-0.635985810521189,0.00240820053879376,0.158906621681968,0.547045240412884,0.911031402609749,0.785973707309738,0.0151548155344557,"scaling",0.785973707309738
"VPS3",0.0886495503971258,0.0760534485975048,0.122476514834865,1.03081671427234,0.870936269009547,1.69485457437367,0.129063730990453,0.132691810356627,0.668086072221548,0.573158572432622,0.923014875640724,0.972657850123351,"epsilon",0.573158572432622
"VPS33",0.0131201021020978,0.000541810361024566,0.00870364989548869,1.00888099409106,1.00958890305371,0.808011155693472,0.00958890305370796,0.0130697787976259,1.00385035624942,0.0414552051273421,0.665937046851146,0.733669880889629,"epsilon",0.01
"VPS34",0.868543661800138,0.104808046106343,0.013619629411965,0.287897609800068,0.460619369189353,4.65131580098846,0.539380630810647,0.893320367517806,0.972264479106737,0.11732414251067,0.0152460751004802,0.603793051656684,"xc",0.01
"VPS36",0.137011312986525,0.255865158469507,0.196195154226359,0.742588854571656,1.03642260991763,-0.52987296488995,0.0364226099176312,0.259975199401682,0.527016858922887,0.984190642254977,0.754668732547919,0.140100324959673,"scaling",0.754668732547919
"VPS38",0.189823097971901,0.211024522702458,0.279878911375444,1.0948954779182,0.7141811419718,3.6019082266889,0.2858188580282,0.301160374773752,0.630305690496323,0.700704808396491,0.929335114507359,0.949058647715264,"eta",0.700704808396491
"VPS4",0.22613633287283,0.107257074555344,0.187730943053439,0.984603999373477,0.737325121153301,-1.45392449051264,0.262674878846699,0.26312569014146,0.859423238951909,0.407626767639757,0.713464895626543,0.998286707411507,"epsilon",0.407626767639757
"VPS41",0.265211902180325,0.200708022650685,0.10661351394953,0.713310821823427,0.889744829998496,1.94262704381581,0.110255170001504,0.307159384352195,0.863434150773748,0.653432819817576,0.34709508932758,0.358951005954236,"xc",0.34709508932758
"VPS45",0.291506338490646,0.0724075413907268,0.0238724881811608,0.79576704256712,0.788541352520177,2.78752142989897,0.211458647479823,0.293982755439458,0.99157631900854,0.246298601026747,0.0812037023922548,0.71928929016168,"xc",0.01
"VPS51",0.0779565812624994,0.282176057617335,0.318333328545176,1.21428980115596,0.776991091093821,-1.06558236892387,0.223008908906179,0.309278341192822,0.252059620346634,0.912369280464454,1.0292777933218,0.721062160531771,"eta",0.912369280464454
"VPS52",0.262585941472967,0.110685307867575,0.00538801375835292,1.17818351019584,1.19518337476863,-0.397502845676449,0.195183374768634,0.264283773795868,0.993575722419443,0.418812348097721,0.0203872287767262,0.738537110944213,"xc",0.0203872287767262
"VPS54",0.21753204638647,0.172972672140962,0.249339743012116,1.04603697134923,0.710200962809137,1.59863383884059,0.289799037190863,0.293432930476048,0.741334812127456,0.589479414803039,0.849733336362766,0.987615932270146,"epsilon",0.589479414803039
"VPS55",0.197402418297722,0.132863522114211,0.20646109692304,1.02302103492268,0.747363986147305,3.23597077849495,0.252636013852695,0.253682722202933,0.77814687805112,0.52373894824389,0.813855571755818,0.995873947026629,"epsilon",0.52373894824389
"VPS60",0.249163668460539,0.159105638696785,0.0636869334299536,1.21796086990217,1.15220150008259,-1.45129319198406,0.152201500082594,0.265842504945885,0.93726045995263,0.59849586028078,0.239566405842127,0.57252507500099,"xc",0.239566405842127
"VPS74",0.0640395920485024,0.130498524948154,0.167850519511784,1.08824705036447,0.863795106033578,-3.42198330816893,0.136204893966422,0.16229391559277,0.394590221171269,0.804087599165474,1.03423790657043,0.839248307423852,"eta",0.804087599165474
"VPS8",0.194077937805308,0.275177642540839,0.208229123829676,1.30737676226258,1.0354486172599,-1.88925140759414,0.0354486172598953,0.309414088956312,0.627243376214555,0.889350719190079,0.672978804979616,0.114566913806244,"scaling",0.672978804979616
"VRP1",0.460650081129271,0.269343606640324,0.156536780734576,0.521886091217693,0.799695615310969,0.023898697453224,0.200304384689031,0.518377040672856,0.888639050316243,0.519590154476584,0.301974756697154,0.386406744459659,"xc",0.301974756697154
"VTC4",0.27299616088242,0.191898562745155,0.2778283982257,1.02905907212303,0.655926461957979,-2.12554439946877,0.344073538042021,0.345298464018312,0.790609253529555,0.555746934150793,0.804603631862569,0.996452558861581,"epsilon",0.555746934150793
"WHI3",0.063533517449103,0.386723837545406,0.377129126760446,0.671172409010576,1.21808637885594,3.23946319615983,0.218086378855937,0.394574775218086,0.161017686480306,0.98010278870883,0.955786204407016,0.552712419934595,"eta",0.955786204407016
"WHI4",0.436574854339489,0.0307762574152566,0.0786430118641296,0.725765581021471,0.65963620940396,2.11738048702093,0.34036379059604,0.437094985674048,0.99881002676396,0.0704109139293746,0.179922017963335,0.778695253323855,"epsilon",0.01
"WHI5",0.286888687860902,0.0821929732918886,0.174028993212681,0.925790598601439,0.702768992418711,1.70247639239899,0.297231007581289,0.306354871225709,0.936458711144613,0.268293345436418,0.568063411286395,0.970217990633162,"epsilon",0.268293345436418
"WSC3",0.0838950352705376,0.180501452985887,0.222596126305186,1.12228766458852,0.820455651701002,2.14861664938267,0.179544348298998,0.21723362059457,0.386197288619121,0.830909379919434,1.02468543172986,0.826503502577475,"eta",0.830909379919434
"WSC4",0.235398287193552,0.00624871836676803,0.0792774002119672,0.884515753769918,0.792923232423377,3.83111115731405,0.207076767576623,0.237102085181284,0.992814074214367,0.0263545483456646,0.334359776512944,0.873365442645921,"epsilon",0.01
"XDJ1",0.0845963354664302,0.229850391595626,0.270289039358831,1.16500291213909,0.795652924171384,2.2622786430226,0.204347075828616,0.262647460322929,0.322090818477429,0.875128932573805,1.02909443337661,0.778027990742297,"eta",0.875128932573805
"YAF9",0.246168108983388,0.227318269946699,0.307081104144828,1.07665590953409,0.659848115988255,0.332238701234815,0.340151884011745,0.348682423794545,0.705995175508011,0.651934982764266,0.880689943596843,0.975534930353052,"epsilon",0.651934982764266
"YAP1",0.441528135550106,0.0817787349239092,0.189751598653366,0.816292715791492,0.589696936024825,1.27899878347449,0.410303063975175,0.449551966494066,0.982151494060774,0.18191163874041,0.4220904651651,0.912693291445297,"epsilon",0.18191163874041
"YAP1801",0.0991418835163547,0.0429427918218665,0.00804644678223434,0.927469621190877,0.930147756400655,-0.928725305804818,0.0698522435993455,0.100697526216175,0.984551331514536,0.426453294688473,0.0799070948869235,0.693683809564384,"xc",0.01
"YAR1",0.238694785302894,0.0983353978764532,0.0103299595644447,0.808667850871852,0.845310332959959,-0.345215799016989,0.154689667040041,0.246042444263088,0.970136620199003,0.399668431887733,0.0419844616459717,0.628711308340907,"xc",0.0419844616459717
"YBL036C",0.0478545204300986,0.309294588989568,0.334883485836349,1.25197890041676,0.791591218961215,1.88819122930862,0.208408781038785,0.326997838325139,0.146345066607187,0.945861264936045,1.02411528942087,0.637339935047402,"eta",0.945861264936045
"YBL053W",0.223304707619938,0.372646839375806,0.291227562282515,1.40402786362108,1.01900548663336,-1.16911281724908,0.0190054866333595,0.404474626032809,0.552085825037204,0.921310795267485,0.720014417564211,0.0469880813532612,"scaling",0.720014417564211
"YBL083C",0.705716162932606,0.270808776420393,0.0687530886639287,1.40181690734999,1.58047697871104,-1.0705254344161,0.580476978711036,0.7059818339347,0.999623685781526,0.38359170647646,0.097386484126287,0.822226508968115,"xc",0.01
"YBR013C",0.708361257065627,0.294028886576363,0.0435788926092832,1.42368326868894,1.56758731304107,-0.730371811589228,0.567587313041075,0.708281631903677,1.00011242019892,0.415129905015452,0.0615276334247924,0.801358227398256,"xc",0.01
"YBR028C",0.0930200288782867,0.167655469275249,0.21293645699117,1.10690405152996,0.81884620160469,0.188489086776288,0.18115379839531,0.210345370537525,0.442225225307216,0.797048534259708,1.01231824806519,0.861220752956828,"eta",0.797048534259708
"YBR090CA",0.402635438782737,0.075120939385712,0.113235698936969,1.17583281812866,1.37300727498951,-0.741278378728918,0.373007274989509,0.412373140645902,0.9763861878882,0.182167391571744,0.274595233723533,0.9045382403065,"epsilon",0.01
"YBR096W",0.155762930896271,0.0848128728056692,0.150113515579845,1.00496820090435,0.807738751127798,-0.929861262720848,0.192261248872202,0.192325429514988,0.809892541454756,0.440986264892546,0.780518291098611,0.999666291436612,"epsilon",0.440986264892546
"YBR197C",0.302637949167289,0.295122384109092,0.17730799444608,1.35340532625347,1.13398153809354,-3.86649428461779,0.133981538093541,0.377950231081068,0.800734922959672,0.780849857572359,0.469130535888066,0.354495187660841,"scaling",0.469130535888066
"YBR226C",0.248352089693108,0.155271933711167,0.0600760442714525,1.21434784690464,1.1535781822302,0.300344470465514,0.153578182230204,0.26368780314946,0.941841400045117,0.588847613945793,0.227830197505954,0.582424292651697,"xc",0.227830197505954
"YBR238C",0.0025762531751614,0.210059077420191,0.222471187508845,1.18521475147386,0.884119698653781,0.209031017098887,0.115880301346219,0.218478256134598,0.0117918058334109,0.961464454800387,1.01827610419861,0.530397410691655,"eta",0.961464454800387
"YBR242W",0.14185498293624,0.197817724765633,0.255588564575986,1.10898734753393,0.761294708876901,-1.53129847324083,0.238705291123099,0.26240895170067,0.54058743810712,0.753852806787187,0.974008557709329,0.909669009292756,"eta",0.753852806787187
"YBR255",0.145425276053693,0.220701306289146,0.17559575215474,1.24436196325802,1.01479417295195,-0.864106529929837,0.0147941729519492,0.244809388383382,0.594034718251701,0.901523049203973,0.717275400728301,0.0604313954201009,"scaling",0.717275400728301
"YBR259W",0.0709598093325098,0.114310413134047,0.154288610624772,1.07131807848142,0.866119624051403,1.31308087770586,0.133880375948597,0.151691210630079,0.467791172855463,0.753573082179489,1.0171229432734,0.882584926262361,"eta",0.753573082179489
"YBR266C",0.124573798646387,0.366710862495147,0.327307273456069,1.36906362578043,0.926283512023139,0.920521759003281,0.0737164879768608,0.376353664089828,0.331001955162721,0.974378350698403,0.869680050140147,0.195870254525451,"scaling",0.869680050140147
"YBT1",0.01610692866861,0.0168035748408421,0.0251164436683252,1.0244645896906,1.00201886616828,0.892058991544424,0.00201886616827696,0.0245477487630664,0.656146876199251,0.684526104736907,1.0231668863303,0.0822424161076011,"scaling",0.684526104736907
"YCF1",0.120091253563051,0.218548815672206,0.184432336050095,1.23456804929773,0.991215658122728,0.198985410247548,0.00878434187727173,0.234732474135045,0.511609030687255,0.931054880572137,0.785712913092668,0.0374227805915682,"scaling",0.785712913092668
"YCL006C",0.163362065414387,0.284435914334921,0.343713240928496,1.17406626750419,0.701641853142183,3.86623651747761,0.298358146857817,0.345422421506291,0.472934167683762,0.823443692782232,0.99505191188707,0.863748640162848,"eta",0.823443692782232
"YCL075W",0.394162491438128,0.258791029095172,0.358526894316864,1.00731679311668,0.529076853917694,5.5916962938281,0.470923146082306,0.470979983627298,0.836898605334451,0.549473519239753,0.761235947981557,0.99987932067823,"epsilon",0.549473519239753
"YCR087CA",0.309752517093167,0.041781968475923,0.0563561332975666,0.808200155925887,0.756385128429762,1.4092031147676,0.243614871570238,0.310057068677747,0.999017756357309,0.134755735949205,0.181760517629544,0.785709781135274,"epsilon",0.01
"YCR101C",0.0152494094282208,0.202410995991525,0.210404891746646,1.1834812531103,0.899658639757268,-0.587391260369542,0.100341360242732,0.209126179179666,0.0729196578259079,0.96788932301789,1.00611455042117,0.479812525798243,"eta",0.96788932301789
"YDL011C",0.159058785371129,0.175051477326076,0.238100147233852,1.0802630783908,0.757934679481502,-0.506656966529973,0.242065320518498,0.255025059848031,0.623698649324548,0.686408925579271,0.93363431568543,0.94918248686127,"eta",0.686408925579271
"YDL062W",0.0368712137732149,0.295616193323361,0.292752132889281,1.27423125325806,0.875290684782112,-0.979005123156,0.124709315217888,0.301256026604618,0.122391622132115,0.981278936242962,0.971771871881925,0.41396454910282,"eta",0.971771871881925
"YDL063C",0.479570400435232,0.149629299965007,0.0732643900884879,1.2565684195559,1.40687874078744,-1.22894976431311,0.406878740787439,0.481017321536536,0.996991956346433,0.31106842366308,0.152311334349574,0.84587128689613,"xc",0.01
"YDL172C",0.122246447518776,0.146281582422031,0.200707390304753,1.07435905010967,0.80415629419019,-2.68248330580495,0.19584370580981,0.209485143717953,0.583556644395588,0.698290961477357,0.958098444322058,0.934881120130841,"eta",0.698290961477357
"YDR018C",0.00353866691753769,0.000559337617898685,0.0166190267125909,1.00349887519044,0.992904121541357,2.70315841960545,0.00709587845864257,0.00791161290117919,0.447275032504468,0.070698304490519,2.10058643163822,0.89689404009958,"epsilon",0.070698304490519
"YDR026C",0.0607860408673141,0.310290876939468,0.297946580110545,1.29620527988254,0.890953913950276,0.976989404814457,0.109046086049724,0.315640011267673,0.192580277206255,0.983053053677439,0.943944270290489,0.345476118860131,"eta",0.943944270290489
"YDR048C",0.0398352915138166,0.284308613524681,0.308478528479367,1.23318481763305,0.810138773682538,-0.410903929178155,0.189861226317462,0.300703249788444,0.132473764556393,0.945479018682713,1.02585698257798,0.631390669874825,"eta",0.945479018682713
"YDR056C",0.150888822760539,0.251591629833576,0.309339741412398,1.15146999661609,0.727610755349701,1.86878619483762,0.272389244650299,0.31167139823224,0.484127910409364,0.807233616111621,0.992518861746485,0.873962917981104,"eta",0.807233616111621
"YDR090C",0.162972478663946,0.121679791818302,0.19888176279426,0.952506381575783,1.25078387937801,3.81840438977157,0.250783879378008,0.2552414502915,0.638503183859134,0.47672426120184,0.779190694015902,0.982535865908921,"epsilon",0.47672426120184
"YDR102C",0.208937764462767,0.0869617253692893,0.164588058160113,0.977466147282509,0.762206640448665,1.96967375448749,0.237793359551335,0.238858653527571,0.874733912199041,0.364071906481092,0.689060478778573,0.995540065388032,"epsilon",0.364071906481092
"YDR109C",0.100575065696531,0.225538383816058,0.199571031840312,1.23442678633446,0.968877251790285,0.660464814734696,0.0311227482097154,0.236483706853618,0.425293848082257,0.953716375714904,0.843910282427386,0.1316063107425,"scaling",0.843910282427386
"YDR115W",0.0497072892287098,0.0530096633832653,0.0478836575986651,1.06712307752799,1.01312333449784,-1.20347309001834,0.0131233344978381,0.0683939284232985,0.726779267906139,0.77506387782234,0.700115619946659,0.191878647715864,"scaling",0.700115619946659
"YDR124W",0.204111013976848,0.318929289600933,0.247051703191674,1.34975425134061,1.02450856230566,-0.0311842816939322,0.0245085623056573,0.350611902189755,0.582156546032999,0.909636231996269,0.7046301099555,0.0699022541807295,"scaling",0.7046301099555
"YDR132C",0.00325593177161341,0.397837799070037,0.404289461656084,1.35067475135262,0.793827062581748,0.862362396294235,0.206172937418252,0.406792405730361,0.00800391483653109,0.977987281635096,0.993847121925045,0.506825925248251,"eta",0.977987281635096
"YDR248C",0.177429726242319,0.182436449345087,0.12256370900381,1.21976827224845,1.06641754532404,-4.16471808283718,0.0664175453240354,0.229585243023023,0.772827224894965,0.794634911821368,0.533848375400674,0.289293616826126,"scaling",0.533848375400674
"YDR249C",0.0852724491670806,0.0619274805350586,0.0157422429292079,0.918368086646513,0.954409002767118,6.01712868146621,0.0455909972328824,0.0935003117986241,0.912001762633003,0.662323786346666,0.168365673080456,0.487602622449793,"xc",0.168365673080456
"YDR250C",0.0643365151184269,0.201496499774266,0.190632229957313,1.20082101459754,0.946284636570772,0.292213517453143,0.0537153634292282,0.207880783557115,0.309487553479182,0.969288725616645,0.917026704899524,0.258395040224918,"scaling",0.917026704899524
"YDR266C",0.00546736882924503,0.278598777068863,0.287693138592835,1.24689137206333,0.854055496206894,1.48637656401913,0.145944503793106,0.286801582608483,0.0190632449776562,0.971399022749404,1.00310861598546,0.508869241465578,"eta",0.971399022749404
"YDR269C",0.0831013851566984,0.0870941569786634,0.0681551311583972,1.10761464241439,1.02600839777246,2.95975954883969,0.026008397772459,0.110712908085134,0.750602496077479,0.786666690316643,0.615602393046963,0.234917483627649,"scaling",0.615602393046963
"YDR274C",0.0806323157091975,0.352430972430125,0.33088163981122,1.34125106089364,0.890882538145422,-0.0630037000069114,0.109117461854578,0.358272113124399,0.225058866586137,0.983696356818468,0.923548408291358,0.304565881231986,"eta",0.923548408291358
"YDR278C",0.0748601579560164,0.26006789411749,0.296292713716435,1.19611703427898,0.789979146233456,3.08704630462951,0.210020853766544,0.287351092135058,0.260518090952066,0.9050527429186,1.03111740942044,0.730885872769998,"eta",0.9050527429186
"YDR282C",0.29075483566011,0.212253345568427,0.0981832880198836,1.27553278147912,1.16514214829946,1.64745958281338,0.165142148299457,0.321232381329435,0.905123059066487,0.660747041409732,0.305645674989388,0.514089356795255,"xc",0.305645674989388
"YDR286C",0.0969378490823474,0.13671202571913,0.184150328716782,1.07844208425671,0.831245653428921,0.655788912663671,0.168754346571079,0.18609457291702,0.520906373371631,0.734637359790661,0.98955238634979,0.906820354435202,"eta",0.734637359790661
"YDR306C",0.176985806982256,0.201887022693005,0.268175677272584,1.09396024074298,0.729433633217927,-0.73367024205664,0.270566366782073,0.286416978676424,0.617930570317914,0.704871001802881,0.936312080770716,0.944658965513852,"eta",0.704871001802881
"YDR307W",0.285114718704704,0.28287194546917,0.173400828969541,1.33808860311698,1.12238797070666,0.119703871102475,0.122387970706664,0.359559061812223,0.792956565376744,0.786718999775614,0.48225965463248,0.340383496635611,"scaling",0.48225965463248
"YDR336W",0.0145258054756659,0.224131808963798,0.24215489118907,1.19065924424506,0.861508212839577,-0.409524530172899,0.138491787160423,0.235650000057258,0.0616414405777061,0.951121616419853,1.02760403619873,0.587701197227974,"eta",0.951121616419853
"YDR417C",0.0101343056719418,0.101716453484789,0.120795752323774,1.08637785574147,0.928537747773787,1.32115709384333,0.0714622522262134,0.112107035710241,0.0903984804141603,0.907315520746548,1.07750375842592,0.637446631011805,"eta",0.907315520746548
"YDR506C",0.0359544517560716,0.0369022872628712,0.0373016101894815,1.04860452115463,1.00924909451603,2.69155570356683,0.00924909451603462,0.0494767139777613,0.726694415725191,0.745851619803571,0.753922546397235,0.186938334671779,"scaling",0.745851619803571
"YEA6",0.0177347188115361,0.0151703352145585,0.037088686594374,1.0102039026525,0.970630761967144,-0.0358847563382715,0.0293692380328563,0.0310913456121207,0.57040692393263,0.487927907779085,1.19289422391276,0.944611352601186,"epsilon",0.487927907779085
"YEH1",0.386238729031254,0.158932602637432,0.00930279845816078,1.24788494702446,1.29733299558973,0.170184785700128,0.297332995589731,0.38710961913608,0.997750275214629,0.410562266554174,0.0240314319208136,0.768084751428536,"xc",0.01
"YEL020C",0.0416114813048703,0.0977795987569458,0.0966320962298546,1.102572700001,0.979655259402545,0.389685098067504,0.0203447405974549,0.104570871926518,0.397926119752647,0.93505578518706,0.924082341952337,0.194554565938316,"scaling",0.924082341952337
"YEL045C",0.0759639224420575,0.0327902223562464,0.0534333624083771,1.00311861056499,1.09269565069269,-3.16457377230097,0.0926956506926873,0.0927480964181839,0.819034841421978,0.353540650671702,0.576112766427637,0.999434535828529,"epsilon",0.353540650671702
"YER091CA",0.131888227878348,0.124103812631052,0.18190807990654,1.05056483111386,0.807312837629568,-1.08922428007096,0.192687162370432,0.199211306626762,0.662051919198796,0.622975747373464,0.913141342159652,0.967250130693867,"epsilon",0.622975747373464
"YER128W",0.185334118529865,0.136435782179483,0.0715863699463344,1.18130427630875,1.09989608063561,-1.32510798106544,0.0998960806356124,0.207003544738242,0.8953185742023,0.659098772207054,0.345821952164423,0.482581497635376,"xc",0.345821952164423
"YER181C",0.131726890623379,0.054770223513452,0.114434586216951,0.992158131782336,0.844792603990162,5.84872150321449,0.155207396009838,0.155405375303745,0.847634069065593,0.352434550004475,0.736361827853665,0.998726046035923,"epsilon",0.352434550004475
"YER186C",0.0234689481000852,0.144195727522147,0.150125564941457,1.13592889444308,0.937210868400816,3.06169874200833,0.0627891315991842,0.149730222037826,0.156741556785752,0.963036891014018,1.00264036811173,0.419348417070549,"eta",0.963036891014018
"YER187W",0.0273739266091271,0.420743579929242,0.433825754433109,1.36155479933096,0.762468348694898,2.67237116922268,0.237531651305102,0.432600460345317,0.0632776178445956,0.972591613964974,1.0028323920109,0.549078591168156,"eta",0.972591613964974
"YER188W",0.00553932345538885,0.0964704726098315,0.113871474617125,1.08371905769764,0.935699972158229,0.781541660147382,0.0643000278417715,0.105562181685644,0.0524745071287417,0.913873425779634,1.07871467602124,0.609119921689872,"eta",0.913873425779634
"YFL034W",0.0324405240887424,0.362901665085249,0.358768317948894,1.33305887804095,0.841386226857613,0.318298694701094,0.158613773142387,0.36889909903978,0.0879387457794907,0.983742345887692,0.972537799313537,0.429965195239697,"eta",0.972537799313537
"YFL042C",0.197490331518409,0.379202565329828,0.308910250710914,1.40277291399872,0.990994747354441,-1.81137595356984,0.00900525264555863,0.402873571764431,0.490204236166391,0.941244578712539,0.76676722515703,0.0223525524549031,"scaling",0.76676722515703
"YFR016C",0.331480033822116,0.126946214542913,0.223593143563767,0.934453356661556,0.644444075580758,-1.5505772268109,0.355555924419242,0.361547200020356,0.916837507809363,0.351119340810179,0.618434172775169,0.983428787165891,"epsilon",0.351119340810179
"YFR057W",0.154167679158796,0.192338906461647,0.253480039475332,1.09783160952019,0.753471074807799,1.64477532041682,0.246528925192201,0.265231096928194,0.581257932966033,0.725174795449115,0.955695023739832,0.929487258648799,"eta",0.725174795449115
"YFT2",0.00260130426282364,0.182118079712748,0.197116109934062,1.15874083951482,0.893286800900736,2.22030402744954,0.106713199099264,0.191275615256808,0.0135997694182351,0.952123873543607,1.03053444459929,0.557902788371588,"eta",0.952123873543607
"YGK3",0.24675225522673,0.108129790624104,0.192478817627881,0.972973857786564,0.720284236165362,2.30890321740792,0.279715763834638,0.281018363991636,0.878064521200023,0.384778379206999,0.684933236724735,0.995364715179122,"epsilon",0.384778379206999
"YGL042C",0.218846312221842,0.169614079805558,0.0896723363821341,1.21963349974566,1.11517933797884,0.803155339684692,0.115179337978839,0.248002326819264,0.882436528030362,0.683921324371959,0.361578609088956,0.464428457007089,"xc",0.361578609088956
"YGL072C",0.475318116139653,0.0110926559785116,0.122020174546849,0.730377625876369,0.608199324238024,3.02505801340778,0.391800675761976,0.475609077032392,0.999388235198212,0.0233230535626555,0.256555605095272,0.823787212402785,"epsilon",0.0233230535626555
"YGL079W",0.00691637932323595,0.212592671839458,0.228315101266833,1.18363320624376,0.874121721588287,-0.476177257447777,0.125878278411713,0.222635341783958,0.0310659541643999,0.954891843028924,1.02551149084132,0.56540115061275,"eta",0.954891843028924
"YGL082W",0.101525658444084,0.269126749465424,0.241994017499772,1.27352379306633,0.94858443837982,0.449694882370821,0.0514155616201796,0.278314256462207,0.36478784714311,0.96698873024483,0.869499179006781,0.184739230658712,"scaling",0.869499179006781
"YGL165C",0.211168471535999,0.0778533250364725,0.00299529764161218,1.13664761749269,1.16160127971936,0.163300407484314,0.161601279719365,0.21163068060507,0.997815963792446,0.367873527665664,0.0141534187436735,0.763600434763679,"xc",0.01
"YGL214W",0.0568826811799398,0.255013864688998,0.285893622907365,1.19975983703634,0.808396593881525,2.57333999463016,0.191603406118475,0.276795696731335,0.205504210692812,0.921307186854574,1.03286874139832,0.692219598718872,"eta",0.921307186854574
"YGL217C",0.0434125276111319,0.154729411205596,0.1846459963432,1.1180976269284,0.869855185222004,2.05047112852389,0.130144814777996,0.175740497039578,0.247026316315442,0.880442549168104,1.05067414428455,0.740551079405939,"eta",0.880442549168104
"YGL235W",0.160955866806117,0.186692556842008,0.13446865110039,1.21880615693104,1.04775547938046,1.7196686157418,0.0477554793804553,0.22395696042273,0.718691066811697,0.833609084931392,0.600421843762186,0.213235075571282,"scaling",0.600421843762186
"YGP1",0.0656255869296835,0.187857061149542,0.176656229824222,1.18929517852837,0.954445958145248,0.170848113789508,0.0455540418547521,0.194699346027133,0.33706115746551,0.964857175860067,0.907328316344744,0.233971211430796,"scaling",0.907328316344744
"YGR011W",0.0932903392388942,0.131806597263454,0.178294240926992,1.07596766619592,0.837019129185291,2.1685232289949,0.162980870814709,0.179816157668815,0.518809546641055,0.733007528201195,0.991536262583109,0.906375005047585,"eta",0.733007528201195
"YGR012W",0.478933054628183,0.0485061832241739,0.316920019636618,1.07958119824918,1.57516526765035,1.87586182696539,0.575165267650352,0.580644686728533,0.82482982377155,0.0835384949399389,0.545807146573936,0.990563214985996,"epsilon",0.0835384949399389
"YGR026W",0.0160163584191005,0.178018787964945,0.197901801008544,1.14975312983023,0.882995233435016,-1.04267059878478,0.117004766564984,0.190042403933642,0.0842778142539864,0.936731930770068,1.04135601798453,0.615677154904015,"eta",0.936731930770068
"YGR051C",0.327311385261755,0.0892608707531631,0.0533399006435406,1.17355199395952,1.27867269436474,-1.55201480604953,0.278672694364738,0.328296763907031,0.996998512463087,0.271890802976178,0.162474646441065,0.848843866288169,"xc",0.01
"YGR064W",0.127876343857084,0.0171147318622283,0.0764361013677533,0.962832780549243,0.869333555035618,0.0367984575651955,0.130666444964382,0.135849630258351,0.941308000720324,0.125982910882279,0.56265225913675,0.961846158255186,"epsilon",0.125982910882279
"YGR066C",0.204379577107415,0.0761254834031783,0.153118808394556,0.970964487581984,0.771814038239878,5.01901091805975,0.228185961760122,0.230025855341891,0.888506975894698,0.330943159802761,0.665659119784481,0.992001361851108,"epsilon",0.330943159802761
"YGR067C",0.0927974955609241,0.0954333776567072,0.14272522742112,1.04524780771388,0.856726594570065,-2.07961809802091,0.143273405429935,0.150248570064419,0.617626480712179,0.635169956131965,0.949927359441272,0.953575833490507,"eta",0.635169956131965
"YGR069W",0.174755630235296,0.16295314381943,0.230272499555072,1.06139950950084,0.75078121423271,0.000728962661562147,0.24921878576729,0.256670806571892,0.680855109972734,0.634872138346549,0.897151112082449,0.970966621003254,"epsilon",0.634872138346549
"YGR107W",0.227235429574326,0.282525563773214,0.356140600728661,1.13690906851228,0.648964331673115,4.48314387946018,0.351035668326885,0.376789242785145,0.60308364404103,0.749823858252549,0.945198430019249,0.931649921139215,"eta",0.749823858252549
"YGR130C",0.307885926577586,0.130780656810067,0.224186392408507,0.953547400530337,0.660365514104765,1.23778537011886,0.339634485895235,0.342796481905532,0.898159528552086,0.381511082269821,0.653992687329528,0.990775879633537,"epsilon",0.381511082269821
"YGR226C",0.105809469982477,0.150431505595743,0.122452745306745,1.16999903953736,1.0129189878288,1.45292138779557,0.0129189878288032,0.170489218691818,0.620622645785841,0.882352014690544,0.718243336712651,0.0757759811906696,"scaling",0.718243336712651
"YGR228W",0.126150718578762,0.101730651991521,0.0637139109634435,1.13386511890805,1.06024872422059,1.07362327103413,0.0602487242205869,0.146798429250704,0.859346514963862,0.692995507586693,0.434023111069071,0.41041804417194,"scaling",0.434023111069071
"YGR242W",0.206164973163669,0.223759479732197,0.151112000730503,1.26455626744118,1.07325306427647,2.14737947869765,0.073253064276469,0.274510528155662,0.751027563674218,0.815121668504143,0.550477978916768,0.266849744411008,"scaling",0.550477978916768
"YHB1",0.20632442908454,0.14532661001426,0.0706083161760535,1.19480519767952,1.11615937683303,-0.269186255982957,0.116159376833027,0.22680843429907,0.909685875316615,0.640746057188649,0.311312568221997,0.512147518640596,"xc",0.311312568221997
"YHI9",0.0882794656536716,0.128019624731628,0.173090225310788,1.07507796405518,0.843435764668839,1.82430060307086,0.156564235331161,0.173634848090762,0.508420208410736,0.737292232171677,0.996863401638769,0.901686712389226,"eta",0.737292232171677
"YHP1",0.0843149330847722,0.268872496172388,0.326364011466668,0.809298570913267,1.28489859495893,0.725627811774946,0.284898594958934,0.342832677067541,0.245936104475133,0.78426741135711,0.951962964144084,0.83101353522029,"eta",0.78426741135711
"YHR009C",0.200641557663028,0.357942777591023,0.286843067077655,1.38426097534976,1.00339643762206,-0.0906923351787433,0.00339643762206188,0.384275985413177,0.52212879617574,0.931473189005447,0.746450670783495,0.00883853727786293,"scaling",0.746450670783495
"YHR096W",0.240195061758701,0.175502393049218,0.256229558243124,1.03486383453809,0.690481382973065,3.93598095661164,0.309518617026935,0.311475940073974,0.771151253935234,0.56345409217655,0.82263033922386,0.993715973546548,"epsilon",0.56345409217655
"YHR097C",0.220169492386541,0.161630190427325,0.238970667752793,1.03468782852169,0.7138123429478,0.764690884899739,0.2861876570522,0.288282189003375,0.76372908485152,0.560666585008597,0.828947041712643,0.992734438577644,"epsilon",0.560666585008597
"YHR113W",0.0928363524160216,0.190073204137341,0.234509078509367,1.12640745255879,0.807778705330442,3.33835578269662,0.192221294669558,0.230060579384744,0.403530029630874,0.826187626953119,1.01933620760462,0.835524691729541,"eta",0.826187626953119
"YHR126C",0.187270623807735,0.0482532376315405,0.0278661787383675,0.878381352321111,0.856824309363195,0.349652019805337,0.143175690636805,0.187857323127335,0.996876888748157,0.256861094517104,0.148336930785919,0.762151233996648,"xc",0.01
"YHR130C",0.153998045694281,0.286315559408185,0.236876176485161,1.30565348137461,0.990944662879924,4.63061942421851,0.00905533712007622,0.305787589360285,0.503611170147383,0.936321712752189,0.77464287213458,0.0296131610148737,"scaling",0.77464287213458
"YHR138C",0.0744499813314204,0.0416432256210971,0.0621414855803459,0.995183679022164,1.09701105952053,-1.93058113041565,0.0970110595205274,0.0971305442024127,0.766494020421345,0.428734606225574,0.639772855085089,0.99876985470568,"epsilon",0.428734606225574
"YHR139CA",0.286839602131212,0.0281459767063292,0.16377689569615,1.06162743920103,1.31867220483001,-1.20396533180245,0.318672204830014,0.324576517009009,0.883734919502048,0.086715998328209,0.504586398317918,0.981809182520647,"epsilon",0.086715998328209
"YIA6",0.0026266676096694,0.074877066758667,0.0639481581027043,0.943234186100116,1.04656106376053,0.847634244334073,0.0465610637605289,0.0734185963242852,0.0357765980442826,1.01986513645589,0.871007637087604,0.634186242881459,"eta",0.871007637087604
"YIL001W",0.0197655645183186,0.26542842869047,0.269900140115193,1.2408037782883,0.873390131641915,0.0818447323998651,0.126609868358085,0.272059769910166,0.0726515519911126,0.975625425170778,0.992061928907437,0.465375194575409,"eta",0.975625425170778
"YIL055C",0.208768325089543,0.202225062299786,0.2755898998541,1.07654060841272,0.702771590772505,0.0464532114129959,0.297228409227495,0.306925385050009,0.680192435225022,0.658873694226486,0.897905201973425,0.968406080777794,"epsilon",0.658873694226486
"YIL089W",0.283354662168646,0.31320324589909,0.204819613347267,1.36527599666974,1.10574415554434,-3.6374907198385,0.105744155544344,0.380274085594661,0.745132715855577,0.82362500565694,0.538610494656706,0.278073525254776,"scaling",0.538610494656706
"YIL102C",0.0552485063810493,0.0575584506729317,0.0932446401603392,1.03022086454799,0.911328869036592,2.91903656217423,0.0886711309634084,0.0936796142197318,0.589760182524453,0.614418101017415,0.995356790663416,0.946536038837909,"eta",0.614418101017415
"YIL108W",0.0972183031030638,0.201551990598453,0.177234045856746,1.21210647455407,0.977730744442987,-1.94211830134798,0.0222692555570126,0.213272305494224,0.455841197373358,0.945045303146082,0.831022318842731,0.104417005787072,"scaling",0.831022318842731
"YIM1",0.270750278516988,0.114196185695471,0.20249303194173,0.963274373662985,0.698042723434906,0.0856977667773872,0.301957276565094,0.30418245922547,0.890091687753432,0.37542002252939,0.665695952545492,0.992684710794824,"epsilon",0.37542002252939
"YIP3",0.0277955019198564,0.150109798257059,0.174783786135328,1.12072040927979,0.886487484312198,-1.05004977462576,0.113512515687802,0.16570609051708,0.167739772467756,0.905879788658621,1.05478190686849,0.685023195789548,"eta",0.905879788658621
"YIR007W",0.0657002449444274,0.154063763143547,0.143085742279923,1.15977656428985,0.972132631876526,0.793457516735416,0.0278673681234743,0.162188596092325,0.405085477816381,0.949905029425417,0.882218267667061,0.171820761723661,"scaling",0.882218267667061
"YIR014W",0.274155324525303,0.114361072356292,0.00322183468439755,1.18414404366229,1.20513459807961,0.0158115350379373,0.205134598079608,0.275661444793395,0.994536340512832,0.414860599900014,0.0116876507224733,0.74415411351179,"xc",0.0116876507224733
"YIR016W",0.106324312012808,0.234931005555802,0.281484860986899,1.15915323895263,0.774095481128088,0.273789949690199,0.225904518871912,0.276337845970949,0.384762035179161,0.850158633647669,1.01862580566142,0.817493955915327,"eta",0.850158633647669
"YIR035C",0.164131854661409,0.0142970952564229,0.0554894669576211,0.918433373043052,0.856260514353094,2.24724021821531,0.143739485646906,0.165269943931651,0.993113755331625,0.0865075337735674,0.335750503918421,0.869725506207897,"epsilon",0.01
"YIR042C",0.0559240151684429,0.222965470045954,0.254813793360668,1.17198385759282,0.824529263595913,-0.998335359303457,0.175470736404087,0.24569987099447,0.227611088854424,0.907470847027724,1.0370937206003,0.714166986306789,"eta",0.907470847027724
"YJL021C",0.0122098802699299,0.0977870727404111,0.108389940890435,1.09171988650387,0.951656860613769,-0.217666761832331,0.0483431393862311,0.103680261892024,0.117764751430177,0.943159970431494,1.04542502991857,0.466271385739527,"eta",0.943159970431494
"YJL022W",0.311443128123208,0.344137368782835,0.222394758840623,1.40029279451383,1.11921652196238,1.03942872431946,0.119216521962383,0.417668409684647,0.74567077830559,0.823948761273733,0.532467272323846,0.285433418468003,"scaling",0.532467272323846
"YJL045W",0.0849704890083798,0.0889677200769453,0.0432304756417209,0.896669713696312,0.97167104963805,-2.42380690309669,0.0283289503619503,0.107143256886339,0.793054938571814,0.830362289353635,0.403482933952448,0.264402550241706,"scaling",0.403482933952448
"YJR008W",0.027192279414173,0.242173379499923,0.263888783784143,1.20126816914506,0.841276931750055,1.24117130622809,0.158723068249945,0.256323795824115,0.106085661406294,0.944794761334208,1.02951340485461,0.619228767815447,"eta",0.944794761334208
"YKE2",0.34966344330434,0.0673150526412695,0.167696160882407,0.871025140777548,0.663619688674492,1.03311258068264,0.336380311325508,0.36025855737081,0.97059025011427,0.186852057401604,0.465488348441365,0.933719142663629,"epsilon",0.186852057401604
"YKL077W",0.204048449438084,0.0355944123061412,0.113680464073566,0.937347720241438,0.794465988754975,-0.932811224681058,0.205534011245025,0.214870979746952,0.949632424436217,0.165654814568537,0.529063832665746,0.956546163130437,"epsilon",0.165654814568537
"YKL105C",0.580846080150613,0.184775372601173,0.0934005495535713,1.30488073478633,1.49772678337673,0.287635488979989,0.497726783376734,0.583681602703397,0.995142004579808,0.316568779528706,0.160019690737167,0.852736802173391,"xc",0.01
"YKR043C",0.0648085167448348,0.228772505715872,0.217233538263201,1.22503738077846,0.933155562402772,-2.09890880908746,0.0668444375972285,0.234755195012417,0.276068509331207,0.974515199562554,0.92536200637311,0.284741036694386,"eta",0.92536200637311
"YKR045C",0.224090125774087,0.285671190695028,0.358497777526013,1.14154753335923,0.650095709034272,0.389466063077215,0.349904290965728,0.377450284191588,0.593694415289781,0.756844550552849,0.949788071543866,0.927020870351556,"eta",0.756844550552849
"YKR073C",0.263207936836979,0.436138134366296,0.335259313108853,1.47309056278063,1.03090485117149,-2.4804998943228,0.03090485117149,0.474098924717218,0.555175139859202,0.919930655034569,0.707150545234462,0.0651865034073291,"scaling",0.707150545234462
"YKR075C",0.100795062329333,0.211464727228393,0.257409067151594,1.14125660801325,0.790259867127357,0.76872550444021,0.209740132872643,0.252872206153311,0.398600794696367,0.836251363663853,1.01794131932211,0.829431340293216,"eta",0.836251363663853
"YKU70",0.382982828826226,0.0704046098563114,0.174050707276897,0.8499935035612,0.637592293392283,1.95683774746908,0.362407706607717,0.392226076112373,0.976433878701378,0.179500074431921,0.443750984131488,0.923976575448,"epsilon",0.179500074431921
"YKU80",0.20788560123691,0.0765868944607237,0.154314441750271,0.96934091798385,0.76868849346146,0.53017821498393,0.23131150653854,0.233334507450574,0.890933807897855,0.32822789606868,0.661344279662357,0.991330039717924,"epsilon",0.32822789606868
"YLH47",0.10872564898596,0.17389556748792,0.144770133357076,1.19150995271739,1.00322299678674,-0.718139568358531,0.00322299678674098,0.191537071341562,0.56764807055065,0.907895094510542,0.755833491360594,0.0168270129858753,"scaling",0.755833491360594
"YLR349W",0.0271323586889138,0.113092211616301,0.138221811783674,1.08920036610598,0.906630446738515,2.03873891800642,0.0933695532614846,0.129130084758318,0.210116478585879,0.875800645743913,1.07040750451277,0.723065840437079,"eta",0.875800645743913
"YLR352W",0.375789423416825,0.0821931871996417,0.184899400340512,0.865189071435498,0.636161404960828,0.975783119855923,0.363838595039172,0.38801096595393,0.968502069246786,0.211832124377126,0.476531378142715,0.93770183568052,"epsilon",0.211832124377126
"YLR366W",0.079786061809111,0.173852334198227,0.214916988901506,1.11842953126012,0.82744176925148,2.02570657167461,0.17255823074852,0.209289027121708,0.381224294968475,0.830680597970992,1.02689085929252,0.824497266395967,"eta",0.830680597970992
"YLR422W",0.163546542537159,0.306147358218527,0.364382887000154,1.19336775158029,0.691571385909283,1.36693431016109,0.308428614090717,0.364032000435592,0.449264191998131,0.840990236715999,1.00096388933979,0.847256872257545,"eta",0.840990236715999
"YLR428C",0.114107157599432,0.112982079858937,0.166149869343825,1.04993262208445,0.8286072756551,0.900265910201367,0.1713927243449,0.178518157918446,0.639190763169093,0.632888447742957,0.930716915753349,0.960085664917058,"epsilon",0.632888447742957
"YLR444C",0.201278332128212,0.0910120629228402,0.0109760088093941,0.83642609951294,0.871110574984282,-0.341822123338758,0.128889425015718,0.208252022322553,0.966513217415294,0.43702847111792,0.0527054128309679,0.618910796535203,"xc",0.0527054128309679
"YLR460C",0.289217614983696,0.161097473105958,0.0636871775471922,0.727919650315455,0.845680548022136,3.08313084932313,0.154319451977864,0.312797394399653,0.924616445539088,0.515021787234354,0.203605204798543,0.493352741233816,"xc",0.203605204798543
"YME1",0.562912344723963,0.188181548515691,0.0731511324813431,0.499538799483962,0.681354915334672,0.599882890141161,0.318645084665328,0.593292594933839,0.948793815278844,0.317181690994603,0.1232968911225,0.537079153500747,"xc",0.1232968911225
"YML010CB",0.222282030109701,0.0203508792802558,0.102646168013011,0.914157304965662,0.78821862588765,0.602978566635117,0.21178137411235,0.228517655142165,0.972712720911719,0.0890560480659371,0.449182659209213,0.926761540505905,"epsilon",0.0890560480659371
"YML010WA",0.156635231584838,0.191750667495824,0.253533370348532,1.09602382538212,0.751661275363827,1.29019748188395,0.248338724636173,0.266256825630698,0.588286257878296,0.720171838004951,0.952213599587436,0.932703693315347,"eta",0.720171838004951
"YML013CA",0.285206440858584,0.0353128462418324,0.0592905263299452,0.829667544841551,0.771060422530208,0.150543176042502,0.228939577469792,0.285353246717734,0.999485529389138,0.123751338553239,0.207779399785818,0.802302339655013,"epsilon",0.01
"YML018C",0.0298934664805433,0.0393392044800253,0.0388690779963819,0.982370899178419,1.05047129192985,0.818335593213359,0.0504712919298471,0.0534615422976677,0.559158325700744,0.735841182077935,0.727047449921353,0.944067263320403,"eta",0.727047449921353
"YMR010W",0.167131131981966,0.338799344442337,0.282635893894689,1.3570426566618,0.979434300259167,-0.932341869418504,0.0205656997408328,0.357634459584008,0.467323904347385,0.947334171423022,0.79029267544141,0.0575048046677446,"scaling",0.79029267544141
"YMR018W",0.259762518648459,0.243865903890734,0.146031531693862,1.29656378237581,1.11666113016039,-1.7029225194689,0.116661130160392,0.318684634564248,0.815108387649891,0.765226425880816,0.458232107404668,0.36607077187737,"scaling",0.458232107404668
"YMR052CA",0.210857988530243,0.12720226553045,0.20388590909654,1.0105097178784,0.739239788950504,-0.300916963615163,0.260760211049496,0.260971917716181,0.807971947232884,0.487417445691565,0.781256124723257,0.99918877606243,"epsilon",0.487417445691565
"YMR057C",0.263579773135438,0.220008702703124,0.303225345026045,1.05961119674419,0.64940645623903,4.35805312386628,0.35059354376097,0.355625263028584,0.741172803334425,0.618653187991991,0.852654118112168,0.985851063490928,"epsilon",0.618653187991991
"YMR148W",0.0388772809407026,0.153977411256611,0.182378004637875,1.11938871950712,0.874366418960529,-0.341160802100415,0.125633581039471,0.173313193468794,0.224318069285952,0.888434447342492,1.05230306468684,0.724893347845974,"eta",0.888434447342492
"YMR173WA",0.0372818559373993,0.24791081258392,0.272762430096885,1.20204193384478,0.829400441076771,-0.531696653778566,0.170599558923229,0.264433644864906,0.140987565922051,0.937516149696357,1.03149669262485,0.645150729629677,"eta",0.937516149696357
"YMR291W",0.0645453319923542,0.129893641894934,0.16742486128365,1.08750375973792,0.86365728033919,-2.00314831063091,0.13634271966081,0.162006929397411,0.398410933609027,0.801778308977752,1.03344259351369,0.841585728264466,"eta",0.801778308977752
"YMR295C",0.244012303333439,0.0698798605889782,0.0288724510060528,1.13776120870383,1.20140774979189,-1.86527536970625,0.201407749791892,0.244014819836363,0.999989687089801,0.286375477669101,0.11832253067832,0.825391465678012,"xc",0.01
"YNG1",0.279414552957644,0.0946603186331152,0.184967723186878,0.941149984704181,0.701775158633466,2.76738556135494,0.298224841366534,0.303975953503583,0.919199527913811,0.311407259495608,0.608494589966631,0.981080371421612,"epsilon",0.311407259495608
"YNL034W",0.3948397217955,0.17367368398497,0.00206737808718597,1.26287180205212,1.29737510438921,-0.104773773680184,0.297375104389209,0.396904947090134,0.994796675350673,0.437569965449511,0.005208748599237,0.749235066404142,"xc",0.005208748599237
"YNL040W",0.0587538473735962,0.172645137237239,0.164372329999725,1.17355581187745,0.955739942908634,2.62539325185597,0.0442600570913662,0.179110503572993,0.328031277906894,0.963902919109826,0.917714632702922,0.247110338078687,"scaling",0.917714632702922
"YNL120C",0.149323124711693,0.249070823294803,0.184679422268323,0.741932936271928,1.02011276849624,-4.34427437827372,0.0201127684962406,0.258849633644346,0.576872072829973,0.962222042921726,0.713462173649696,0.0777005870669883,"scaling",0.713462173649696
"YNL213C",0.168112661400114,0.188283743126488,0.253021824238336,1.08691121887577,0.743649443042005,-0.293776929774372,0.256350556957995,0.270682781164864,0.621068915712528,0.695588180069017,0.9347540436428,0.947051585087196,"eta",0.695588180069017
"YNL305C",0.0466848126535462,0.306823090647933,0.299905531877031,1.28793032456921,0.879335053546213,-3.86494743096478,0.120664946453787,0.312192090081128,0.149538742770242,0.982802256675368,0.960644236050616,0.38650866017275,"eta",0.960644236050616
"YNR004W",0.32495189948994,0.238078409621886,0.33018786853495,1.03635969478159,0.592106843864321,1.82988626818028,0.407893156135679,0.409510505636835,0.7935129746784,0.581373142678347,0.806298895852431,0.996050529891436,"epsilon",0.581373142678347
"YNR061C",0.203444431722229,0.16632961183778,0.239996944011352,1.04837552243741,0.725158271682447,6.19354551996204,0.274841728317553,0.279066599211859,0.729017490078703,0.596021208942701,0.85999881278932,0.984860707421678,"epsilon",0.596021208942701
"YNR062C",0.284991296368341,0.110123313222143,0.200816474443635,0.950739754592953,0.689093544928721,3.04668278163892,0.310906455071279,0.314784681302238,0.90535312960388,0.349836951298177,0.637948688013895,0.9876797491704,"epsilon",0.349836951298177
"YOL014W",0.363289303624426,0.166333540881823,0.0114081868030233,1.24997067558756,1.26796134738819,-0.718932910106125,0.26796134738819,0.36645412038589,0.991363675326855,0.453900042675649,0.0311312826582767,0.73122754659169,"xc",0.0311312826582767
"YOL092W",0.040278311837315,0.0631230002252342,0.0935019819208877,1.04128557249003,0.921945037954199,-1.03635257055488,0.0780549620458005,0.0883010509325936,0.456147592943852,0.714861256559907,1.05889998967582,0.883964134304419,"eta",0.714861256559907
"YOR008CA",0.087758045124793,0.0209200065527977,0.00234457314112154,1.05237853302472,1.07024526097879,-4.68070382473576,0.0702452609787865,0.0876236692440981,1.00153355687857,0.23874835113923,0.0267573038352244,0.801669932162968,"xc",0.01
"YOR097C",0.205770327673823,0.301542869191231,0.369739824774853,1.16622120974935,0.657999079143023,1.00381700977784,0.342000920856977,0.380255335843636,0.541137252465636,0.793001020017842,0.972346184056948,0.89939808496891,"eta",0.793001020017842
"YOR1",0.43960936344771,0.0994515302182692,0.2069766449856,0.832938736920753,0.580990221779484,0.0411839616282545,0.419009778220516,0.451086089195886,0.974557571108798,0.220471286081008,0.458840673527663,0.928890932920254,"epsilon",0.220471286081008
"YOR105W",0.18861209760396,0.0607530582257795,0.134705089453183,0.966993394788543,0.793237360383188,0.678958967237645,0.206762639616812,0.20938057486046,0.900809913859767,0.29015613442779,0.64335046144064,0.987496761600771,"epsilon",0.29015613442779
"YOR111W",0.249278088116125,0.22160788341608,0.302187013345485,1.0697454780876,0.660128524563324,2.90158727603836,0.339871475436676,0.346953961685366,0.718475981381593,0.638724176370825,0.87097150260968,0.979586668460892,"epsilon",0.638724176370825
"YOR135C",0.12078872949644,0.258106826698945,0.307650326614124,1.17250015757084,0.750514505506623,2.69216636734102,0.249485494493377,0.303313890754398,0.398230127858687,0.850956169719051,1.01429685877208,0.822532373551573,"eta",0.850956169719051
"YOR302W",0.161624428161934,0.084842284661678,0.0148268472593608,0.862971624703937,0.90070309097043,-0.276435870423574,0.0992969090295702,0.169223673813995,0.955093483785171,0.501361793828763,0.0876168619034826,0.586779064604838,"xc",0.0876168619034826
"YOR331C",0.222131521552879,0.106195390298321,0.21646297299224,0.979856418432197,1.30647612589045,-1.8419905303199,0.306476125890453,0.307137395344819,0.723231768321455,0.345758582015377,0.704775700624861,0.997846991397373,"epsilon",0.345758582015377
"YOR333C",0.301442896115897,0.0068180396194255,0.131927682081974,1.09524535191696,1.30860026654664,-2.68027309810329,0.308600266546645,0.322964087128035,0.933363516657485,0.0211108290090551,0.408490254303951,0.955525022273774,"epsilon",0.01
"YOS9",0.0874483804717276,0.0948851933218507,0.140534010972304,1.04727798557116,0.861774755924659,2.66805042487582,0.138225244075341,0.146087049458034,0.598604604557015,0.649511326800451,0.961988153595198,0.946184104533159,"eta",0.649511326800451
"YOX1",0.0761416535812411,0.196600818911293,0.235185323272263,0.866640262039261,1.21300530363327,0.636768095334407,0.213005303633274,0.251308732607644,0.302980532316469,0.782307947962302,0.935842224151624,0.847584170367168,"eta",0.782307947962302
"YPC1",0.0377548371296116,0.0666566388765361,0.0668161551437925,1.07454841883881,0.993587717067494,0.772218515873516,0.00641228293250606,0.074823686916463,0.504584025266798,0.890849430487902,0.892981325798466,0.0856985694872944,"scaling",0.890849430487902
"YPK1",0.252401019998569,0.0305795183385315,0.0586192811586469,0.854343130190634,0.793661171927291,0.680067555466347,0.206338828072709,0.252570060959492,0.999330716553335,0.121073409185406,0.232091170806061,0.816956797210428,"epsilon",0.01
"YPK2",0.0963537030332382,0.179137995973651,0.225008712956994,1.11525722325521,0.810128998289157,-0.151700862726574,0.189871001710843,0.222115341215278,0.433800306210504,0.806508884048793,1.01302643809241,0.85483065092211,"eta",0.806508884048793
"YPL009C",0.166912413816407,0.0534198578563033,0.00650835533827268,1.10364324418751,1.13083414873472,1.46903341045802,0.130834148734722,0.166911642915802,1.00000461861493,0.320048721126367,0.0389928181436439,0.783852740582758,"xc",0.01
"YPL077C",0.239769888878329,0.225961225847068,0.304571340360349,1.07928721856886,0.665704727243933,-1.74953878585381,0.334295272756067,0.34356919596413,0.697879471427822,0.65768767544183,0.886491990370834,0.97300711671185,"epsilon",0.65768767544183
"YPL150W",0.0747495366427127,0.0470181388054677,0.0894228751084993,1.01279092383932,0.8995389101332,-0.714333451865553,0.1004610898668,0.101272100352904,0.738105918433927,0.464275339818403,0.882996153895168,0.99199176788792,"epsilon",0.464275339818403
"YPR011C",0.0609315540020812,0.15654537233199,0.192197328783504,1.11201078401056,0.853089899885851,2.36297195851255,0.146910100114149,0.184740340072788,0.329822679649036,0.847380557328792,1.04036470165519,0.795224800691966,"eta",0.847380557328792
"YPR064W",0.369510332206903,0.111218373295119,0.0527510269688886,1.2017320461731,1.31026710913693,0.597240685441908,0.31026710913693,0.370083095352076,0.998452339076367,0.300522706094729,0.142538331610916,0.838371471255015,"xc",0.01
"YPT11",0.282321837566079,0.0812943540574641,0.0371503784055322,1.15671440321711,1.2350476703938,-0.417953307048276,0.235047670393801,0.282500993862409,0.999365820651173,0.28776661259131,0.13150530161896,0.832024224694515,"xc",0.01
"YPT31",0.127534964702784,0.185074258534959,0.1263089978612,0.801335539494507,0.99566242356999,2.20429680913986,0.00433757643001009,0.198711807493225,0.641808689235197,0.931370213323982,0.635639117043942,0.0218284785626439,"scaling",0.635639117043942
"YPT32",0.0327376848000506,0.034485799355868,0.0361958213009964,1.04541159639291,1.00755983675648,-0.796019160195947,0.00755983675647953,0.0460365530718522,0.711123718340833,0.749096034667145,0.786240908273548,0.164213787784685,"scaling",0.749096034667145
"YPT35",0.183923101411592,0.312107861095814,0.374879351266243,1.18779225513671,0.671562444901457,1.26647798744409,0.328437555098543,0.37833471779423,0.486138577194031,0.82495168012988,0.990866906034603,0.868113708975487,"eta",0.82495168012988
"YPT52",0.229234002347188,0.0962397925901694,0.00733659989635484,1.15735027744773,1.16905978523939,0.848917042652399,0.169059785239385,0.230955235485287,0.992547330072504,0.416703229904916,0.0317663285741891,0.732002393815208,"xc",0.0317663285741891
"YPT6",0.242770674831506,0.16084126966136,0.242605834992864,1.02060591549049,0.695884943168506,0.845474323845905,0.304115056831494,0.304812354645976,0.796459431946161,0.527673065772445,0.795918640747482,0.997712370237447,"epsilon",0.527673065772445
"YPT7",0.27981516057513,0.335202737191392,0.564463014554333,0.796752510815848,1.62426871058725,3.17570666487342,0.624268710587249,0.656521869306673,0.426208438221003,0.510573604418368,0.859777931160832,0.950872681890269,"eta",0.510573604418368
"YRM1",0.0639289592634322,0.135556126175617,0.125330102983034,1.14306507937655,0.980345002702651,-0.0146302336074889,0.0196549972973494,0.144408918892766,0.442693981463183,0.938696357641714,0.867883396288705,0.136106533087092,"scaling",0.867883396288705
"YRO2",0.0912372075977044,0.277381288760907,0.254203380289627,1.27743015942453,0.934876026668087,-1.81787105644597,0.0651239733319126,0.284971270939467,0.3201628265787,0.973365798757404,0.89203160533198,0.228528206079223,"scaling",0.89203160533198
"YRR1",0.120367677627897,0.107758263347931,0.162861481353243,1.04241949411412,0.825915665735863,4.00999662515613,0.174084334264137,0.179178036927201,0.671776963807243,0.601403303641016,0.908936631666597,0.971571835753877,"epsilon",0.601403303641016
"YSC84",0.0295569303578442,0.119961016492298,0.14584136915029,1.09407286932181,0.900724219021699,-0.444797808319224,0.0992757809783013,0.136767632981234,0.216110564419138,0.877115541721468,1.06634417786773,0.725871895376903,"eta",0.877115541721468
"YSP2",0.145271544065545,0.300263160182683,0.354230909516065,1.19762007220818,0.709902800314329,-1.10455435857829,0.290097199685671,0.351012931677788,0.413863795191731,0.855419083130275,1.00916769026969,0.826457299732666,"eta",0.855419083130275
"YSP3",0.01661630551758,0.110136054229748,0.107705580981761,0.919181303164802,1.08443636526974,-3.99149967600543,0.0844363652697424,0.11688097166821,0.142164334197603,0.942292425001319,0.921497994451182,0.722413272790302,"eta",0.921497994451182
"YTA12",0.30000074422995,0.0026080646733121,0.0984582046125208,0.850870242961557,0.737593033834061,0.993044747800363,0.262406966165939,0.301822961894481,0.993962627451892,0.00864104128109345,0.326211776580943,0.869406901711069,"epsilon",0.00864104128109345
"YTA7",0.257941483878614,0.0182014197892053,0.0716735939336745,0.860934383698495,0.782056683511179,-0.902366255860845,0.217943316488821,0.25853149680351,0.997717829617702,0.0704031037388019,0.277233508566068,0.843004891796462,"epsilon",0.01
"YUH1",0.023543351318915,0.193387041879688,0.215477362369042,1.16002625612223,0.868376244928841,0.339135114578873,0.131623755071159,0.207203319344866,0.113624392665881,0.933320192413607,1.03993200036726,0.635239606620814,"eta",0.933320192413607
"YUR1",0.169213994389986,0.385004730629764,0.440343877084093,1.2616825206181,0.652114165667963,-1.31920569581903,0.347885834332037,0.435318613576238,0.388712977375022,0.884420556858034,1.01154387464981,0.799152215142097,"eta",0.884420556858034
"YVH1",0.0461547355417066,0.586871975529663,0.594770475292201,1.5074234442602,0.682292808271913,-1.09689700606526,0.317707191728087,0.598678888437396,0.0770943095424234,0.980278387737121,0.993471603524559,0.53068046638045,"eta",0.980278387737121
"ZAP1",0.879042923609211,0.14831167115991,0.265039323930286,0.492978526443447,0.281646059634691,4.37731119759575,0.718353940365309,0.879262849372032,0.999749874837794,0.168677286053692,0.301433552116499,0.816995669586582,"epsilon",0.168677286053692
"ZDS1",0.149636881505603,0.144084987133205,0.205907097660859,1.05853988897408,0.781705136067122,1.06783744123964,0.218294863932878,0.226007889730805,0.662086981493581,0.637521934764415,0.911061547037638,0.965872758658498,"epsilon",0.637521934764415
"ZDS2",0.0128963356243532,0.134944181428671,0.145027107392997,1.12391352493741,0.932177521538646,-0.563542237675083,0.0678224784613538,0.14126022174361,0.0912948844704511,0.955287905986709,1.02666628724556,0.480124394710727,"eta",0.955287905986709
"ZEO1",0.183059846666941,0.217637670754111,0.155621119377618,1.25267376147934,1.05343476766725,-0.660637385919009,0.0534347676672489,0.258262084200858,0.708814254455448,0.842700822412815,0.602570523889163,0.206901325963477,"scaling",0.602570523889163
"ZIP1",0.16464818109743,0.174056014035791,0.238518673323297,1.07643179775182,0.753696432515727,1.22497685571955,0.246303567484273,0.257890029010536,0.638443377315309,0.674923395462799,0.924885208778476,0.955072084133233,"eta",0.674923395462799
"ZRT1",0.102620691274136,0.0565073264033588,0.107630554819018,1.00784710191664,0.869313403345515,0.383630470131225,0.130686596654485,0.130921975060041,0.783830913237249,0.43161070841961,0.822096938040069,0.998202147458832,"epsilon",0.43161070841961
"ZTA1",0.546937555815598,0.0481557806641627,0.238535171627306,1.17627378764914,1.5695092479538,-1.57666708263701,0.569509247953796,0.596165439888184,0.917425800325127,0.0807758676403563,0.400115732424955,0.955287257276457,"epsilon",0.01
"ZWF1",0.173024296949312,0.0593544115868804,0.129673206518354,0.974397559381259,0.807025943807088,1.013706527843,0.192974056192912,0.194665023384226,0.888830946316432,0.304905373112292,0.666135108731928,0.991313451374485,"epsilon",0.304905373112292
"ZWF13",0.0135199971827496,0.107230671191124,0.117291653953943,1.10030924735843,0.947706111029208,-1.33827110435475,0.0522938889707917,0.113122039980294,0.119516914520855,0.947920239148829,1.03685943052631,0.462278517783991,"eta",0.947920239148829
"ZWF14",0.0795476522178136,0.02604266924612,0.018353809354033,0.950160080114212,0.93773117383468,1.19430137740978,0.0622688261653203,0.079758537638479,0.997355951765048,0.326518890857346,0.23011717488133,0.780716748438465,"xc",0.01
